transaction_id,date,ville,showroom,type_transaction,modele,categorie_vehicule,vendeur,technicien,prix_mad,type_panne,duree_reparation_h,cout_reparation_mad,pieces_utilisees,satisfaction_client,stock_disponible,jours_en_stock
MB100797,2024-03-12,Tanger,Mercedes-Benz Tanger Free Zone,Vente,Classe C,Occasion,Karim Idrissi,,394163.0,,,,,5.0,13.0,75.0
MB101352,2024-02-09,Rabat,Mercedes-Benz Rabat Aviation,Vente,GLC,Neuf,Youssef El Amrani,,617325.0,,,,,3.0,8.0,44.0
MB102240,2024-10-09,Marrakech,Mercedes-Benz Marrakech Menara,Entretien,Vito,,,Adil Bouazza,,Suspension,2.8,3641.0,"Amortisseurs, biellettes",3.0,,
MB102817,2024-02-01,Fès,Mercedes-Benz Fès Saïss,Entretien,Classe A,,,Yassine Rguibi,,Carrosserie / peinture,7.1,6393.0,"Pare-chocs, peinture",3.0,,
MB100100,2024-06-15,Casablanca,Mercedes-Benz Casablanca Anfa,Vente,Classe A,Occasion,Omar Fassi,,248118.0,,,,,5.0,8.0,28.0
MB102116,2024-06-20,Fès,Mercedes-Benz Fès Saïss,Entretien,Classe E,,,Adil Bouazza,,Carrosserie / peinture,8.0,6332.0,"Pare-chocs, peinture",3.0,,
MB101535,2024-01-26,Fès,Mercedes-Benz Fès Saïss,Entretien,GLA,,,Mehdi Lahlou,,Climatisation,2.8,2433.0,"Compresseur, gaz réfrigérant",5.0,,
MB100956,2024-01-13,Marrakech,Mercedes-Benz Marrakech Menara,Vente,Classe A,Occasion,Omar Fassi,,272251.0,,,,,4.0,7.0,52.0
MB100322,2024-03-28,Marrakech,Mercedes-Benz Marrakech Menara,Vente,GLE,Neuf,Imane Berrada,,837232.0,,,,,4.0,7.0,7.0
MB101229,2024-02-06,Marrakech,Mercedes-Benz Marrakech Menara,Vente,Classe A,Neuf,Youssef El Amrani,,359077.0,,,,,4.0,3.0,78.0
MB102253,2024-02-21,Marrakech,Mercedes-Benz Marrakech Menara,Entretien,Classe S,,,Yassine Rguibi,,Diagnostic électronique,1.1,2135.0,Module de contrôle (ECU),4.0,,
MB102626,2024-11-07,Casablanca,Mercedes-Benz Casablanca Anfa,Entretien,GLE,,,Zineb Amrani,,Système électrique,5.1,4155.0,"Batterie, faisceau électrique",5.0,,
MB100750,2024-01-22,Marrakech,Mercedes-Benz Marrakech Menara,Vente,Classe A,Occasion,Youssef El Amrani,,245927.0,,,,,4.0,3.0,46.0
MB102729,2024-08-03,Casablanca,Mercedes-Benz Casablanca Anfa,Entretien,Classe A,,,Anas Séfrioui,,Freins,1.9,2396.0,"Plaquettes, disques de frein",4.0,,
MB102821,2024-09-16,Rabat,Mercedes-Benz Rabat Aviation,Entretien,Classe E,,,Mehdi Lahlou,,Injection / moteur,7.7,7055.0,"Injecteurs, capteurs moteur",5.0,,
MB100014,2024-08-28,Rabat,Mercedes-Benz Rabat Aviation,Vente,Classe A,Neuf,Sara Bennis,,417043.0,,,,,4.0,9.0,79.0
MB102630,2024-08-02,Tanger,Mercedes-Benz Tanger Free Zone,Entretien,Sprinter,,,Adil Bouazza,,Injection / moteur,4.7,6131.0,"Injecteurs, capteurs moteur",5.0,,
MB100331,2024-03-26,Agadir,Mercedes-Benz Agadir Founty,Vente,GLA,Occasion,Leila Ouazzani,,353253.0,,,,,4.0,13.0,55.0
MB101912,2024-03-15,Fès,Mercedes-Benz Fès Saïss,Entretien,GLC,,,Anas Séfrioui,,Injection / moteur,4.2,6690.0,"Injecteurs, capteurs moteur",4.0,,
MB101514,2024-03-24,Fès,Mercedes-Benz Fès Saïss,Entretien,GLE,,,Anas Séfrioui,,Boîte de vitesses,6.7,10141.0,"Kit embrayage, huile de boîte",4.0,,
MB100007,2024-08-11,Casablanca,Mercedes-Benz Casablanca Anfa,Vente,Classe A,Neuf,Imane Berrada,,375700.0,,,,,5.0,12.0,11.0
MB100307,2024-07-20,Casablanca,Mercedes-Benz Casablanca Anfa,Vente,GLC,Neuf,Youssef El Amrani,,627824.0,,,,,4.0,5.0,3.0
MB100922,2024-03-31,Casablanca,Mercedes-Benz Casablanca Anfa,Vente,Classe S,Occasion,Youssef El Amrani,,1016245.0,,,,,,4.0,34.0
MB101228,2024-09-01,Marrakech,Mercedes-Benz Marrakech Menara,Vente,GLA,Occasion,Imane Berrada,,323734.0,,,,,3.0,9.0,51.0
MB101974,2024-02-04,Rabat,Mercedes-Benz Rabat Aviation,Entretien,Classe E,,,Mehdi Lahlou,,Suspension,3.0,3474.0,"Amortisseurs, biellettes",5.0,,
MB100830,2024-09-12,Rabat,Mercedes-Benz Rabat Aviation,Vente,Classe C,Neuf,Omar Fassi,,515289.0,,,,,4.0,5.0,38.0
MB103007,2024-10-11,Agadir,Mercedes-Benz Agadir Founty,Entretien,Classe S,,,Adil Bouazza,,Système électrique,4.1,1940.0,"Batterie, faisceau électrique",4.0,,
MB101828,2024-12-13,Casablanca,Mercedes-Benz Casablanca Anfa,Entretien,Classe A,,,Zineb Amrani,,Vidange & entretien courant,0.7,1528.0,"Huile moteur, filtres",4.0,,
MB101933,2024-10-08,Rabat,Mercedes-Benz Rabat Aviation,Entretien,Classe E,,,Anas Séfrioui,,Diagnostic électronique,2.0,1567.0,Module de contrôle (ECU),5.0,,
MB102683,2024-10-26,Tanger,Mercedes-Benz Tanger Free Zone,Entretien,Classe C,,,Mehdi Lahlou,,Injection / moteur,4.6,5184.0,"Injecteurs, capteurs moteur",3.0,,
MB102959,2024-03-10,Fès,Mercedes-Benz Fès Saïss,Entretien,GLA,,,Anas Séfrioui,,Boîte de vitesses,6.8,9935.0,"Kit embrayage, huile de boîte",4.0,,
MB100900,2024-09-29,Fès,Mercedes-Benz Fès Saïss,Vente,GLA,Neuf,Hicham Kabbaj,,431667.0,,,,,5.0,14.0,22.0
MB100491,2024-06-19,Marrakech,Mercedes-Benz Marrakech Menara,Vente,GLC,Neuf,Salma Tazi,,646797.0,,,,,5.0,0.0,28.0
MB101632,2024-08-15,Fès,Mercedes-Benz Fès Saïss,Entretien,Vito,,,Adil Bouazza,,Boîte de vitesses,4.8,9900.0,"Kit embrayage, huile de boîte",4.0,,
MB102046,2024-12-15,Agadir,Mercedes-Benz Agadir Founty,Entretien,Classe C,,,Anas Séfrioui,,Carrosserie / peinture,6.9,7428.0,"Pare-chocs, peinture",4.0,,
MB100004,2024-06-19,Agadir,Mercedes-Benz Agadir Founty,Vente,Classe A,Neuf,Leila Ouazzani,,376340.0,,,,,4.0,8.0,37.0
MB100847,2024-12-30,Tanger,Mercedes-Benz Tanger Free Zone,Vente,Sprinter,Neuf,Youssef El Amrani,,542249.0,,,,,4.0,11.0,54.0
MB102865,2024-05-25,Rabat,Mercedes-Benz Rabat Aviation,Entretien,Vito,,,Adil Bouazza,,Vidange & entretien courant,1.0,150.0,"Huile moteur, filtres",4.0,,
MB101526,2024-10-31,Fès,Mercedes-Benz Fès Saïss,Entretien,Classe C,,,Zineb Amrani,,Freins,2.4,1530.0,"Plaquettes, disques de frein",2.0,,
MB100206,2024-10-25,Rabat,Mercedes-Benz Rabat Aviation,Vente,Classe E,Neuf,Rachid Alaoui,,722511.0,,,,,5.0,5.0,21.0
MB100934,2024-03-14,Marrakech,Mercedes-Benz Marrakech Menara,Vente,Classe A,Neuf,Omar Fassi,,355309.0,,,,,5.0,12.0,51.0
MB100682,2024-10-13,Rabat,Mercedes-Benz Rabat Aviation,Vente,GLE,Occasion,Hicham Kabbaj,,629352.0,,,,,4.0,9.0,31.0
MB100404,2024-06-29,Marrakech,Mercedes-Benz Marrakech Menara,Vente,Classe E,Neuf,Hicham Kabbaj,,739475.0,,,,,4.0,3.0,41.0
MB103100,2024-02-15,Casablanca,Mercedes-Benz Casablanca Anfa,Entretien,Classe S,,,Adil Bouazza,,Injection / moteur,5.5,5424.0,"Injecteurs, capteurs moteur",4.0,,
MB101358,2024-10-03,Fès,Mercedes-Benz Fès Saïss,Vente,GLA,Neuf,Salma Tazi,,456317.0,,,,,5.0,18.0,30.0
MB101579,2024-02-12,Fès,Mercedes-Benz Fès Saïss,Entretien,Classe A,,,Yassine Rguibi,,Freins,4.5,3745.0,"Plaquettes, disques de frein",5.0,,
MB103045,2024-05-18,Rabat,Mercedes-Benz Rabat Aviation,Entretien,GLE,,,Zineb Amrani,,Diagnostic électronique,1.7,1250.0,Module de contrôle (ECU),2.0,,
MB100482,2024-07-26,Rabat,Mercedes-Benz Rabat Aviation,Vente,Classe A,Occasion,Omar Fassi,,292584.0,,,,,4.0,7.0,26.0
MB100446,2024-03-09,Fès,Mercedes-Benz Fès Saïss,Vente,Sprinter,Neuf,Hicham Kabbaj,,536237.0,,,,,4.0,4.0,59.0
MB101033,2024-08-10,Agadir,Mercedes-Benz Agadir Founty,Vente,Classe C,Neuf,Rachid Alaoui,,579937.0,,,,,4.0,2.0,65.0
MB101248,2024-05-06,Fès,Mercedes-Benz Fès Saïss,Vente,Classe E,Neuf,Leila Ouazzani,,749448.0,,,,,4.0,4.0,51.0
MB100896,2024-03-15,Tanger,Mercedes-Benz Tanger Free Zone,Vente,GLA,Occasion,Youssef El Amrani,,310259.0,,,,,4.0,0.0,30.0
MB100046,2024-06-15,Fès,Mercedes-Benz Fès Saïss,Vente,Classe C,Neuf,Karim Idrissi,,580765.0,,,,,5.0,15.0,40.0
MB102432,2024-10-29,Marrakech,Mercedes-Benz Marrakech Menara,Entretien,GLA,,,Yassine Rguibi,,Injection / moteur,5.2,5632.0,"Injecteurs, capteurs moteur",4.0,,
MB101503,2024-05-27,Marrakech,Mercedes-Benz Marrakech Menara,Entretien,Vito,,,Yassine Rguibi,,Boîte de vitesses,5.3,9853.0,"Kit embrayage, huile de boîte",4.0,,
MB100912,2024-08-19,Tanger,Mercedes-Benz Tanger Free Zone,Vente,GLE,Neuf,Leila Ouazzani,,974654.0,,,,,3.0,4.0,24.0
MB101066,2024-06-01,Agadir,Mercedes-Benz Agadir Founty,Vente,Classe C,Occasion,Youssef El Amrani,,443337.0,,,,,5.0,14.0,1.0
MB101947,2024-08-01,Casablanca,Mercedes-Benz Casablanca Anfa,Entretien,Sprinter,,,Fatima Zahra Kettani,,Suspension,3.5,4207.0,"Amortisseurs, biellettes",4.0,,
MB102866,2024-03-21,Fès,Mercedes-Benz Fès Saïss,Entretien,Classe E,,,Yassine Rguibi,,Suspension,3.6,2322.0,"Amortisseurs, biellettes",3.0,,
MB101908,2024-09-04,Tanger,Mercedes-Benz Tanger Free Zone,Entretien,GLA,,,Adil Bouazza,,Suspension,3.2,3608.0,"Amortisseurs, biellettes",4.0,,
MB102527,2024-02-16,Fès,Mercedes-Benz Fès Saïss,Entretien,Classe A,,,Zineb Amrani,,Carrosserie / peinture,5.8,7437.0,"Pare-chocs, peinture",4.0,,
MB102329,2024-06-26,Marrakech,Mercedes-Benz Marrakech Menara,Entretien,Classe S,,,Anas Séfrioui,,Carrosserie / peinture,8.9,7350.0,"Pare-chocs, peinture",4.0,,
MB100840,2024-07-08,Fès,Mercedes-Benz Fès Saïss,Vente,GLA,Neuf,Leila Ouazzani,,459474.0,,,,,4.0,9.0,28.0
MB101865,2024-04-04,Tanger,Mercedes-Benz Tanger Free Zone,Entretien,GLA,,,Adil Bouazza,,Vidange & entretien courant,2.4,1863.0,"Huile moteur, filtres",4.0,,
MB100300,2024-08-23,Marrakech,Mercedes-Benz Marrakech Menara,Vente,GLC,Neuf,Karim Idrissi,,710980.0,,,,,4.0,6.0,73.0
MB100944,2024-08-11,Casablanca,Mercedes-Benz Casablanca Anfa,Vente,Classe C,Neuf,Youssef El Amrani,,583426.0,,,,,5.0,12.0,87.0
MB100204,2024-09-08,Casablanca,Mercedes-Benz Casablanca Anfa,Vente,Classe A,Neuf,Nadia Chraibi,,387387.0,,,,,5.0,11.0,70.0
MB100731,2024-04-07,Agadir,Mercedes-Benz Agadir Founty,Vente,Classe A,Occasion,Omar Fassi,,279472.0,,,,,5.0,8.0,30.0
MB101437,2024-01-31,Tanger,Mercedes-Benz Tanger Free Zone,Entretien,Classe E,,,Anas Séfrioui,,Diagnostic électronique,3.4,267.0,Module de contrôle (ECU),2.0,,
MB101605,2024-09-09,Agadir,Mercedes-Benz Agadir Founty,Entretien,Sprinter,,,Adil Bouazza,,Vidange & entretien courant,2.8,1944.0,"Huile moteur, filtres",4.0,,
MB101594,2024-04-21,Rabat,Mercedes-Benz Rabat Aviation,Entretien,Classe C,,,Mehdi Lahlou,,Injection / moteur,5.4,6047.0,"Injecteurs, capteurs moteur",3.0,,
MB101170,2024-10-03,Rabat,Mercedes-Benz Rabat Aviation,Vente,Vito,Neuf,Leila Ouazzani,,455213.0,,,,,4.0,13.0,35.0
MB101650,2024-02-08,Marrakech,Mercedes-Benz Marrakech Menara,Entretien,Classe E,,,Fatima Zahra Kettani,,Freins,2.5,2948.0,"Plaquettes, disques de frein",3.0,,
MB100298,2024-09-22,Marrakech,Mercedes-Benz Marrakech Menara,Vente,Classe C,Occasion,Imane Berrada,,346416.0,,,,,4.0,7.0,18.0
MB100005,2024-12-19,Rabat,Mercedes-Benz Rabat Aviation,Vente,Classe C,Neuf,Omar Fassi,,506936.0,,,,,5.0,5.0,34.0
MB100127,2024-05-31,Agadir,Mercedes-Benz Agadir Founty,Vente,GLA,Neuf,Imane Berrada,,501777.0,,,,,3.0,7.0,53.0
MB100384,2024-01-21,Rabat,Mercedes-Benz Rabat Aviation,Vente,Classe C,Occasion,Youssef El Amrani,,427372.0,,,,,3.0,6.0,20.0
MB100292,2024-05-13,Casablanca,Mercedes-Benz Casablanca Anfa,Vente,GLE,Neuf,Leila Ouazzani,,881354.0,,,,,3.0,10.0,47.0
MB101685,2024-11-25,Tanger,Mercedes-Benz Tanger Free Zone,Entretien,Vito,,,Anas Séfrioui,,Système électrique,3.6,4258.0,"Batterie, faisceau électrique",3.0,,
MB101460,2024-09-06,Marrakech,Mercedes-Benz Marrakech Menara,Entretien,GLC,,,Fatima Zahra Kettani,,Carrosserie / peinture,6.7,6858.0,"Pare-chocs, peinture",4.0,,
MB102861,2024-12-11,Fès,Mercedes-Benz Fès Saïss,Entretien,Classe A,,,Anas Séfrioui,,Boîte de vitesses,5.2,8359.0,"Kit embrayage, huile de boîte",4.0,,
MB100172,2024-08-25,Agadir,Mercedes-Benz Agadir Founty,Vente,Classe E,Neuf,Imane Berrada,,738712.0,,,,,4.0,9.0,50.0
MB100099,2024-10-24,Fès,Mercedes-Benz Fès Saïss,Vente,Classe E,Occasion,Sara Bennis,,576104.0,,,,,4.0,4.0,24.0
MB101051,2024-12-14,Fès,Mercedes-Benz Fès Saïss,Vente,GLA,Occasion,Salma Tazi,,350560.0,,,,,5.0,5.0,39.0
MB101919,2024-04-23,Tanger,Mercedes-Benz Tanger Free Zone,Entretien,GLA,,,Fatima Zahra Kettani,,Carrosserie / peinture,8.5,6295.0,"Pare-chocs, peinture",4.0,,
MB101071,2024-01-07,Tanger,Mercedes-Benz Tanger Free Zone,Vente,GLA,Neuf,Nadia Chraibi,,505093.0,,,,,5.0,12.0,44.0
MB101735,2024-02-17,Casablanca,Mercedes-Benz Casablanca Anfa,Entretien,Classe C,,,Mehdi Lahlou,,Boîte de vitesses,5.5,7355.0,"Kit embrayage, huile de boîte",3.0,,
MB100111,2024-04-23,Marrakech,Mercedes-Benz Marrakech Menara,Vente,GLC,Neuf,Nadia Chraibi,,611710.0,,,,,3.0,2.0,29.0
MB100726,2024-05-27,Casablanca,Mercedes-Benz Casablanca Anfa,Vente,Classe A,Occasion,Imane Berrada,,239344.0,,,,,5.0,10.0,52.0
MB102161,2024-04-16,Fès,Mercedes-Benz Fès Saïss,Entretien,Vito,,,Zineb Amrani,,Suspension,3.0,4868.0,"Amortisseurs, biellettes",3.0,,
MB101769,2024-03-08,Agadir,Mercedes-Benz Agadir Founty,Entretien,GLC,,,Fatima Zahra Kettani,,Boîte de vitesses,5.5,8271.0,"Kit embrayage, huile de boîte",3.0,,
MB100962,2024-11-05,Marrakech,Mercedes-Benz Marrakech Menara,Vente,Classe A,Occasion,Salma Tazi,,248245.0,,,,,5.0,10.0,8.0
MB100232,2024-04-11,Marrakech,Mercedes-Benz Marrakech Menara,Vente,Classe C,Occasion,Sara Bennis,,405028.0,,,,,5.0,9.0,59.0
MB102597,2024-10-07,Rabat,Mercedes-Benz Rabat Aviation,Entretien,GLE,,,Yassine Rguibi,,Diagnostic électronique,3.3,1159.0,Module de contrôle (ECU),5.0,,
MB100897,2024-01-15,Fès,Mercedes-Benz Fès Saïss,Vente,GLC,Neuf,Salma Tazi,,634053.0,,,,,3.0,4.0,38.0
MB100599,2024-05-29,Fès,Mercedes-Benz Fès Saïss,Vente,Classe A,Neuf,Karim Idrissi,,361783.0,,,,,4.0,9.0,41.0
MB102690,2024-09-22,Rabat,Mercedes-Benz Rabat Aviation,Entretien,GLA,,,Mehdi Lahlou,,Pneumatiques,1.8,4947.0,"Pneus, valves",4.0,,
MB101132,2024-02-28,Agadir,Mercedes-Benz Agadir Founty,Vente,Sprinter,Neuf,Sara Bennis,,584612.0,,,,,5.0,6.0,30.0
MB102794,2024-09-07,Marrakech,Mercedes-Benz Marrakech Menara,Entretien,Classe C,,,Mehdi Lahlou,,Climatisation,2.3,2872.0,"Compresseur, gaz réfrigérant",3.0,,
MB100029,2024-04-20,Agadir,Mercedes-Benz Agadir Founty,Vente,Classe A,Occasion,Nadia Chraibi,,289275.0,,,,,3.0,10.0,35.0
MB100899,2024-11-19,Rabat,Mercedes-Benz Rabat Aviation,Vente,GLA,Neuf,Sara Bennis,,482595.0,,,,,5.0,8.0,39.0
MB101527,2024-01-13,Fès,Mercedes-Benz Fès Saïss,Entretien,Classe S,,,Fatima Zahra Kettani,,Freins,1.6,1552.0,"Plaquettes, disques de frein",3.0,,
MB102925,2024-02-13,Rabat,Mercedes-Benz Rabat Aviation,Entretien,Classe S,,,Fatima Zahra Kettani,,Pneumatiques,2.3,2038.0,"Pneus, valves",5.0,,
MB100522,2024-04-06,Rabat,Mercedes-Benz Rabat Aviation,Vente,Classe E,Neuf,Imane Berrada,,735757.0,,,,,5.0,5.0,53.0
MB100394,2024-03-14,Tanger,Mercedes-Benz Tanger Free Zone,Vente,Classe A,Occasion,Imane Berrada,,268500.0,,,,,4.0,10.0,17.0
MB100221,2024-03-11,Marrakech,Mercedes-Benz Marrakech Menara,Vente,Classe S,Neuf,Omar Fassi,,1311581.0,,,,,5.0,10.0,21.0
MB101404,2024-02-02,Tanger,Mercedes-Benz Tanger Free Zone,Entretien,GLC,,,Adil Bouazza,,Freins,0.5,717.0,"Plaquettes, disques de frein",5.0,,
MB100714,2024-07-17,Tanger,Mercedes-Benz Tanger Free Zone,Vente,Classe C,Neuf,Salma Tazi,,489260.0,,,,,4.0,9.0,39.0
MB101637,2024-08-25,Rabat,Mercedes-Benz Rabat Aviation,Entretien,GLC,,,Mehdi Lahlou,,Diagnostic électronique,0.6,150.0,Module de contrôle (ECU),3.0,,
MB101415,2024-06-17,Agadir,Mercedes-Benz Agadir Founty,Entretien,Classe S,,,Anas Séfrioui,,Climatisation,1.7,2866.0,"Compresseur, gaz réfrigérant",4.0,,
MB102065,2024-06-28,Casablanca,Mercedes-Benz Casablanca Anfa,Entretien,Classe S,,,Adil Bouazza,,Freins,2.0,1532.0,"Plaquettes, disques de frein",4.0,,
MB101965,2024-05-11,Marrakech,Mercedes-Benz Marrakech Menara,Entretien,Classe E,,,Zineb Amrani,,Système électrique,3.7,4357.0,"Batterie, faisceau électrique",5.0,,
MB102910,2024-09-10,Marrakech,Mercedes-Benz Marrakech Menara,Entretien,Classe E,,,Anas Séfrioui,,Vidange & entretien courant,0.5,150.0,"Huile moteur, filtres",4.0,,
MB100877,2024-10-03,Agadir,Mercedes-Benz Agadir Founty,Vente,Classe C,Occasion,Omar Fassi,,432414.0,,,,,5.0,11.0,33.0
MB100256,2024-04-18,Fès,Mercedes-Benz Fès Saïss,Vente,GLC,Neuf,Imane Berrada,,680289.0,,,,,3.0,11.0,45.0
MB101892,2024-10-26,Marrakech,Mercedes-Benz Marrakech Menara,Entretien,GLC,,,Fatima Zahra Kettani,,Système électrique,3.8,3162.0,"Batterie, faisceau électrique",2.0,,
MB100283,2024-03-11,Casablanca,Mercedes-Benz Casablanca Anfa,Vente,GLA,Neuf,Omar Fassi,,422507.0,,,,,4.0,11.0,9.0
MB102435,2024-09-03,Tanger,Mercedes-Benz Tanger Free Zone,Entretien,Classe E,,,Fatima Zahra Kettani,,Carrosserie / peinture,7.8,7057.0,"Pare-chocs, peinture",5.0,,
MB100762,2024-08-18,Marrakech,Mercedes-Benz Marrakech Menara,Vente,Vito,Neuf,Karim Idrissi,,414991.0,,,,,4.0,11.0,25.0
MB101963,2024-05-14,Rabat,Mercedes-Benz Rabat Aviation,Entretien,GLE,,,Adil Bouazza,,Système électrique,3.0,4286.0,"Batterie, faisceau électrique",4.0,,
MB100137,2024-08-14,Fès,Mercedes-Benz Fès Saïss,Vente,Classe C,Occasion,Leila Ouazzani,,376784.0,,,,,5.0,9.0,35.0
MB101194,2024-12-06,Tanger,Mercedes-Benz Tanger Free Zone,Vente,GLA,Neuf,Leila Ouazzani,,472539.0,,,,,3.0,6.0,32.0
MB102139,2024-09-05,Rabat,Mercedes-Benz Rabat Aviation,Entretien,Classe E,,,Yassine Rguibi,,Suspension,3.0,2454.0,"Amortisseurs, biellettes",4.0,,
MB101684,2024-12-15,Casablanca,Mercedes-Benz Casablanca Anfa,Entretien,GLC,,,Zineb Amrani,,Freins,0.5,2554.0,"Plaquettes, disques de frein",4.0,,
MB102468,2024-01-20,Fès,Mercedes-Benz Fès Saïss,Entretien,Vito,,,Yassine Rguibi,,Système électrique,2.7,2381.0,"Batterie, faisceau électrique",3.0,,
MB101397,2024-07-22,Agadir,Mercedes-Benz Agadir Founty,Vente,GLC,Occasion,Omar Fassi,,505919.0,,,,,5.0,12.0,58.0
MB103032,2024-03-14,Casablanca,Mercedes-Benz Casablanca Anfa,Entretien,Classe A,,,Anas Séfrioui,,Vidange & entretien courant,1.7,850.0,"Huile moteur, filtres",4.0,,
MB101560,2024-04-04,Casablanca,Mercedes-Benz Casablanca Anfa,Entretien,Classe E,,,Fatima Zahra Kettani,,Pneumatiques,0.5,4422.0,"Pneus, valves",5.0,,
MB100708,2024-08-18,Agadir,Mercedes-Benz Agadir Founty,Vente,Vito,Occasion,Youssef El Amrani,,328315.0,,,,,4.0,15.0,31.0
MB102585,2024-04-08,Casablanca,Mercedes-Benz Casablanca Anfa,Entretien,Vito,,,Anas Séfrioui,,Freins,3.0,297.0,"Plaquettes, disques de frein",4.0,,
MB101691,2024-08-01,Agadir,Mercedes-Benz Agadir Founty,Entretien,GLE,,,Adil Bouazza,,Freins,0.5,2713.0,"Plaquettes, disques de frein",4.0,,
MB102848,2024-07-21,Tanger,Mercedes-Benz Tanger Free Zone,Entretien,Sprinter,,,Adil Bouazza,,Suspension,3.6,2901.0,"Amortisseurs, biellettes",4.0,,
MB102731,2024-10-29,Marrakech,Mercedes-Benz Marrakech Menara,Entretien,GLA,,,Anas Séfrioui,,Boîte de vitesses,8.0,11142.0,"Kit embrayage, huile de boîte",2.0,,
MB100672,2024-03-26,Rabat,Mercedes-Benz Rabat Aviation,Vente,Classe C,Neuf,Leila Ouazzani,,614738.0,,,,,4.0,15.0,23.0
MB100792,2024-01-26,Tanger,Mercedes-Benz Tanger Free Zone,Vente,Classe A,Neuf,Hicham Kabbaj,,334534.0,,,,,4.0,10.0,58.0
MB102462,2024-07-31,Casablanca,Mercedes-Benz Casablanca Anfa,Entretien,GLC,,,Adil Bouazza,,Climatisation,1.3,4731.0,"Compresseur, gaz réfrigérant",4.0,,
MB102795,2024-09-15,Casablanca,Mercedes-Benz Casablanca Anfa,Entretien,GLE,,,Anas Séfrioui,,Diagnostic électronique,1.3,150.0,Module de contrôle (ECU),5.0,,
MB100134,2024-07-08,Agadir,Mercedes-Benz Agadir Founty,Vente,GLA,Neuf,Youssef El Amrani,,440043.0,,,,,5.0,9.0,33.0
MB100397,2024-03-12,Tanger,Mercedes-Benz Tanger Free Zone,Vente,Classe C,Occasion,Nadia Chraibi,,349611.0,,,,,5.0,6.0,24.0
MB100930,2024-02-15,Fès,Mercedes-Benz Fès Saïss,Vente,Vito,Neuf,Youssef El Amrani,,420738.0,,,,,5.0,6.0,39.0
MB102870,2024-09-27,Fès,Mercedes-Benz Fès Saïss,Entretien,GLE,,,Yassine Rguibi,,Suspension,2.1,2718.0,"Amortisseurs, biellettes",4.0,,
MB100587,2024-06-09,Agadir,Mercedes-Benz Agadir Founty,Vente,Sprinter,Occasion,Karim Idrissi,,329053.0,,,,,5.0,11.0,39.0
MB103097,2024-10-30,Marrakech,Mercedes-Benz Marrakech Menara,Entretien,Sprinter,,,Zineb Amrani,,Boîte de vitesses,8.3,9723.0,"Kit embrayage, huile de boîte",4.0,,
MB101413,2024-02-26,Casablanca,Mercedes-Benz Casablanca Anfa,Entretien,GLC,,,Fatima Zahra Kettani,,Diagnostic électronique,3.2,150.0,Module de contrôle (ECU),5.0,,
MB102893,2024-11-20,Fès,Mercedes-Benz Fès Saïss,Entretien,Sprinter,,,Adil Bouazza,,Freins,2.8,2064.0,"Plaquettes, disques de frein",5.0,,
MB102812,2024-07-02,Fès,Mercedes-Benz Fès Saïss,Entretien,Classe E,,,Adil Bouazza,,Suspension,4.1,5930.0,"Amortisseurs, biellettes",4.0,,
MB102066,2024-06-15,Marrakech,Mercedes-Benz Marrakech Menara,Entretien,Vito,,,Zineb Amrani,,Injection / moteur,5.5,6811.0,"Injecteurs, capteurs moteur",2.0,,
MB100042,2024-09-20,Marrakech,Mercedes-Benz Marrakech Menara,Vente,GLA,Neuf,Youssef El Amrani,,474803.0,,,,,4.0,12.0,27.0
MB101269,2024-08-30,Tanger,Mercedes-Benz Tanger Free Zone,Vente,Vito,Neuf,Youssef El Amrani,,435872.0,,,,,5.0,4.0,38.0
MB101021,2024-07-09,Casablanca,Mercedes-Benz Casablanca Anfa,Vente,Sprinter,Neuf,Karim Idrissi,,503277.0,,,,,3.0,11.0,39.0
MB101578,2024-12-11,Tanger,Mercedes-Benz Tanger Free Zone,Entretien,Classe A,,,Yassine Rguibi,,Boîte de vitesses,4.6,8327.0,"Kit embrayage, huile de boîte",3.0,,
MB101563,2024-12-13,Agadir,Mercedes-Benz Agadir Founty,Entretien,Sprinter,,,Fatima Zahra Kettani,,Carrosserie / peinture,7.8,6234.0,"Pare-chocs, peinture",4.0,,
MB100611,2024-04-30,Rabat,Mercedes-Benz Rabat Aviation,Vente,GLA,Neuf,Omar Fassi,,468395.0,,,,,4.0,3.0,11.0
MB101968,2024-02-09,Rabat,Mercedes-Benz Rabat Aviation,Entretien,Sprinter,,,Zineb Amrani,,Climatisation,0.6,2628.0,"Compresseur, gaz réfrigérant",3.0,,
MB100443,2024-04-11,Casablanca,Mercedes-Benz Casablanca Anfa,Vente,Classe C,Occasion,Imane Berrada,,423313.0,,,,,4.0,7.0,63.0
MB101172,2024-05-13,Tanger,Mercedes-Benz Tanger Free Zone,Vente,Classe A,Occasion,Nadia Chraibi,,289826.0,,,,,4.0,5.0,73.0
MB100108,2024-12-11,Marrakech,Mercedes-Benz Marrakech Menara,Vente,Classe C,Neuf,Omar Fassi,,611989.0,,,,,3.0,10.0,22.0
MB101231,2024-02-01,Rabat,Mercedes-Benz Rabat Aviation,Vente,GLE,Neuf,Nadia Chraibi,,959493.0,,,,,4.0,6.0,27.0
MB100547,2024-04-21,Rabat,Mercedes-Benz Rabat Aviation,Vente,GLC,Neuf,Sara Bennis,,607332.0,,,,,4.0,5.0,25.0
MB102304,2024-01-08,Rabat,Mercedes-Benz Rabat Aviation,Entretien,Classe A,,,Zineb Amrani,,Vidange & entretien courant,0.5,150.0,"Huile moteur, filtres",4.0,,
MB101472,2024-05-30,Agadir,Mercedes-Benz Agadir Founty,Entretien,GLC,,,Fatima Zahra Kettani,,Vidange & entretien courant,0.5,2180.0,"Huile moteur, filtres",4.0,,
MB100051,2024-10-05,Fès,Mercedes-Benz Fès Saïss,Vente,Classe S,Occasion,Salma Tazi,,877131.0,,,,,5.0,9.0,19.0
MB100383,2024-02-11,Rabat,Mercedes-Benz Rabat Aviation,Vente,GLA,Neuf,Salma Tazi,,447385.0,,,,,4.0,6.0,88.0
MB101163,2024-11-18,Casablanca,Mercedes-Benz Casablanca Anfa,Vente,Classe A,Neuf,Hicham Kabbaj,,336264.0,,,,,4.0,9.0,19.0
MB101557,2024-10-22,Marrakech,Mercedes-Benz Marrakech Menara,Entretien,Classe A,,,Zineb Amrani,,Suspension,3.4,4722.0,"Amortisseurs, biellettes",3.0,,
MB101336,2024-02-28,Fès,Mercedes-Benz Fès Saïss,Vente,GLE,Occasion,Leila Ouazzani,,637063.0,,,,,4.0,2.0,28.0
MB102718,2024-01-27,Rabat,Mercedes-Benz Rabat Aviation,Entretien,GLC,,,Adil Bouazza,,Vidange & entretien courant,2.6,584.0,"Huile moteur, filtres",3.0,,
MB100665,2024-01-09,Marrakech,Mercedes-Benz Marrakech Menara,Vente,GLA,Neuf,Nadia Chraibi,,476399.0,,,,,4.0,9.0,53.0
MB103021,2024-09-24,Agadir,Mercedes-Benz Agadir Founty,Entretien,GLE,,,Mehdi Lahlou,,Diagnostic électronique,2.0,1329.0,Module de contrôle (ECU),3.0,,
MB101005,2024-12-06,Marrakech,Mercedes-Benz Marrakech Menara,Vente,GLA,Neuf,Hicham Kabbaj,,489174.0,,,,,5.0,14.0,38.0
MB100561,2024-12-13,Rabat,Mercedes-Benz Rabat Aviation,Vente,Classe C,Neuf,Youssef El Amrani,,600083.0,,,,,5.0,8.0,32.0
MB100886,2024-08-02,Marrakech,Mercedes-Benz Marrakech Menara,Vente,Classe E,Occasion,Hicham Kabbaj,,506455.0,,,,,4.0,13.0,29.0
MB100488,2024-05-20,Tanger,Mercedes-Benz Tanger Free Zone,Vente,Classe E,Neuf,Youssef El Amrani,,732148.0,,,,,4.0,21.0,36.0
MB102915,2024-01-25,Casablanca,Mercedes-Benz Casablanca Anfa,Entretien,Sprinter,,,Zineb Amrani,,Boîte de vitesses,7.3,10416.0,"Kit embrayage, huile de boîte",5.0,,
MB101588,2024-03-10,Casablanca,Mercedes-Benz Casablanca Anfa,Entretien,Classe A,,,Fatima Zahra Kettani,,Carrosserie / peinture,8.9,8455.0,"Pare-chocs, peinture",3.0,,
MB102011,2024-08-12,Marrakech,Mercedes-Benz Marrakech Menara,Entretien,GLA,,,Mehdi Lahlou,,Diagnostic électronique,2.3,572.0,Module de contrôle (ECU),5.0,,
MB100541,2024-12-22,Tanger,Mercedes-Benz Tanger Free Zone,Vente,Sprinter,Occasion,Salma Tazi,,385753.0,,,,,3.0,7.0,56.0
MB101727,2024-04-02,Fès,Mercedes-Benz Fès Saïss,Entretien,Classe E,,,Zineb Amrani,,Suspension,4.5,3046.0,"Amortisseurs, biellettes",4.0,,
MB100985,2024-12-24,Casablanca,Mercedes-Benz Casablanca Anfa,Vente,Classe A,Neuf,Omar Fassi,,381717.0,,,,,5.0,13.0,32.0
MB102765,2024-05-13,Agadir,Mercedes-Benz Agadir Founty,Entretien,Classe E,,,Mehdi Lahlou,,Suspension,3.7,4598.0,"Amortisseurs, biellettes",4.0,,
MB102652,2024-06-20,Rabat,Mercedes-Benz Rabat Aviation,Entretien,Vito,,,Mehdi Lahlou,,Pneumatiques,1.8,1328.0,"Pneus, valves",4.0,,
MB102282,2024-02-07,Rabat,Mercedes-Benz Rabat Aviation,Entretien,GLC,,,Fatima Zahra Kettani,,Carrosserie / peinture,7.9,8381.0,"Pare-chocs, peinture",5.0,,
MB102747,2024-12-06,Casablanca,Mercedes-Benz Casablanca Anfa,Entretien,GLE,,,Mehdi Lahlou,,Pneumatiques,2.1,2556.0,"Pneus, valves",4.0,,
MB101646,2024-11-21,Casablanca,Mercedes-Benz Casablanca Anfa,Entretien,Classe S,,,Anas Séfrioui,,Pneumatiques,0.5,4376.0,"Pneus, valves",3.0,,
MB101898,2024-07-25,Tanger,Mercedes-Benz Tanger Free Zone,Entretien,Classe S,,,Adil Bouazza,,Suspension,3.3,2952.0,"Amortisseurs, biellettes",4.0,,
MB101882,2024-08-07,Casablanca,Mercedes-Benz Casablanca Anfa,Entretien,Sprinter,,,Zineb Amrani,,Carrosserie / peinture,8.8,6982.0,"Pare-chocs, peinture",4.0,,
MB102298,2024-09-05,Casablanca,Mercedes-Benz Casablanca Anfa,Entretien,Classe S,,,Yassine Rguibi,,Climatisation,4.4,1965.0,"Compresseur, gaz réfrigérant",4.0,,
MB102416,2024-09-29,Agadir,Mercedes-Benz Agadir Founty,Entretien,Classe S,,,Zineb Amrani,,Carrosserie / peinture,8.7,7680.0,"Pare-chocs, peinture",3.0,,
MB101145,2024-12-15,Fès,Mercedes-Benz Fès Saïss,Vente,Classe C,Neuf,Leila Ouazzani,,489147.0,,,,,5.0,9.0,9.0
MB101675,2024-03-15,Rabat,Mercedes-Benz Rabat Aviation,Entretien,Sprinter,,,Mehdi Lahlou,,Système électrique,2.9,3294.0,"Batterie, faisceau électrique",3.0,,
MB101078,2024-03-23,Casablanca,Mercedes-Benz Casablanca Anfa,Vente,Classe C,Neuf,Youssef El Amrani,,531512.0,,,,,5.0,15.0,25.0
MB100441,2024-03-03,Casablanca,Mercedes-Benz Casablanca Anfa,Vente,GLE,Neuf,Sara Bennis,,823709.0,,,,,4.0,13.0,55.0
MB101428,2024-12-30,Casablanca,Mercedes-Benz Casablanca Anfa,Entretien,Sprinter,,,Mehdi Lahlou,,Boîte de vitesses,7.7,11477.0,"Kit embrayage, huile de boîte",5.0,,
MB102511,2024-11-24,Fès,Mercedes-Benz Fès Saïss,Entretien,Sprinter,,,Zineb Amrani,,Diagnostic électronique,2.5,150.0,Module de contrôle (ECU),4.0,,
MB101164,2024-06-11,Rabat,Mercedes-Benz Rabat Aviation,Vente,Classe S,Neuf,Nadia Chraibi,,1442061.0,,,,,5.0,3.0,48.0
MB101386,2024-08-01,Marrakech,Mercedes-Benz Marrakech Menara,Vente,Classe E,Neuf,Youssef El Amrani,,721164.0,,,,,4.0,11.0,32.0
MB102472,2024-07-13,Rabat,Mercedes-Benz Rabat Aviation,Entretien,Vito,,,Anas Séfrioui,,Pneumatiques,1.6,2605.0,"Pneus, valves",4.0,,
MB101860,2024-04-12,Tanger,Mercedes-Benz Tanger Free Zone,Entretien,GLC,,,Zineb Amrani,,Carrosserie / peinture,6.8,6422.0,"Pare-chocs, peinture",4.0,,
MB101598,2024-04-25,Fès,Mercedes-Benz Fès Saïss,Entretien,Vito,,,Fatima Zahra Kettani,,Boîte de vitesses,6.0,9555.0,"Kit embrayage, huile de boîte",4.0,,
MB100778,2024-05-07,Casablanca,Mercedes-Benz Casablanca Anfa,Vente,Classe C,Occasion,Omar Fassi,,384674.0,,,,,5.0,6.0,44.0
MB102292,2024-06-01,Casablanca,Mercedes-Benz Casablanca Anfa,Entretien,Classe C,,,Adil Bouazza,,Système électrique,2.4,3245.0,"Batterie, faisceau électrique",5.0,,
MB101179,2024-03-03,Rabat,Mercedes-Benz Rabat Aviation,Vente,Sprinter,Occasion,Karim Idrissi,,411457.0,,,,,3.0,12.0,1.0
MB101673,2024-09-15,Tanger,Mercedes-Benz Tanger Free Zone,Entretien,Classe S,,,Anas Séfrioui,,Diagnostic électronique,1.7,1831.0,Module de contrôle (ECU),5.0,,
MB101818,2024-11-15,Rabat,Mercedes-Benz Rabat Aviation,Entretien,GLE,,,Zineb Amrani,,Injection / moteur,4.8,6794.0,"Injecteurs, capteurs moteur",3.0,,
MB100439,2024-03-14,Fès,Mercedes-Benz Fès Saïss,Vente,Classe C,Occasion,Salma Tazi,,406845.0,,,,,4.0,12.0,58.0
MB101580,2024-11-06,Tanger,Mercedes-Benz Tanger Free Zone,Entretien,Classe A,,,Zineb Amrani,,Pneumatiques,3.5,2843.0,"Pneus, valves",4.0,,
MB100881,2024-12-20,Agadir,Mercedes-Benz Agadir Founty,Vente,GLC,Neuf,Youssef El Amrani,,684610.0,,,,,4.0,8.0,18.0
MB100858,2024-09-28,Tanger,Mercedes-Benz Tanger Free Zone,Vente,Sprinter,Neuf,Hicham Kabbaj,,579586.0,,,,,4.0,5.0,1.0
MB102037,2024-08-06,Tanger,Mercedes-Benz Tanger Free Zone,Entretien,GLA,,,Mehdi Lahlou,,Diagnostic électronique,1.8,839.0,Module de contrôle (ECU),4.0,,
MB102182,2024-09-20,Agadir,Mercedes-Benz Agadir Founty,Entretien,Vito,,,Anas Séfrioui,,Système électrique,6.0,3119.0,"Batterie, faisceau électrique",4.0,,
MB102863,2024-06-19,Fès,Mercedes-Benz Fès Saïss,Entretien,Classe C,,,Fatima Zahra Kettani,,Carrosserie / peinture,7.2,6148.0,"Pare-chocs, peinture",3.0,,
MB102770,2024-09-06,Rabat,Mercedes-Benz Rabat Aviation,Entretien,Classe A,,,Zineb Amrani,,Suspension,3.0,3611.0,"Amortisseurs, biellettes",5.0,,
MB102565,2024-07-28,Agadir,Mercedes-Benz Agadir Founty,Entretien,Classe E,,,Mehdi Lahlou,,Système électrique,3.3,4705.0,"Batterie, faisceau électrique",3.0,,
MB101993,2024-02-19,Tanger,Mercedes-Benz Tanger Free Zone,Entretien,GLE,,,Fatima Zahra Kettani,,Pneumatiques,0.5,4081.0,"Pneus, valves",5.0,,
MB102315,2024-10-12,Casablanca,Mercedes-Benz Casablanca Anfa,Entretien,GLA,,,Fatima Zahra Kettani,,Diagnostic électronique,1.8,1734.0,Module de contrôle (ECU),5.0,,
MB101832,2024-11-30,Marrakech,Mercedes-Benz Marrakech Menara,Entretien,Classe S,,,Fatima Zahra Kettani,,Climatisation,3.5,2158.0,"Compresseur, gaz réfrigérant",5.0,,
MB102456,2024-05-18,Casablanca,Mercedes-Benz Casablanca Anfa,Entretien,Classe A,,,Fatima Zahra Kettani,,Freins,2.6,3863.0,"Plaquettes, disques de frein",4.0,,
MB102853,2024-08-04,Marrakech,Mercedes-Benz Marrakech Menara,Entretien,Classe E,,,Adil Bouazza,,Boîte de vitesses,6.4,8785.0,"Kit embrayage, huile de boîte",4.0,,
MB102540,2024-06-28,Tanger,Mercedes-Benz Tanger Free Zone,Entretien,Classe C,,,Anas Séfrioui,,Freins,0.9,3589.0,"Plaquettes, disques de frein",5.0,,
MB101826,2024-06-28,Fès,Mercedes-Benz Fès Saïss,Entretien,Classe A,,,Anas Séfrioui,,Boîte de vitesses,7.0,8863.0,"Kit embrayage, huile de boîte",3.0,,
MB102474,2024-01-31,Marrakech,Mercedes-Benz Marrakech Menara,Entretien,Classe S,,,Yassine Rguibi,,Pneumatiques,1.7,4113.0,"Pneus, valves",5.0,,
MB102578,2024-12-05,Agadir,Mercedes-Benz Agadir Founty,Entretien,Vito,,,Yassine Rguibi,,Système électrique,3.9,3822.0,"Batterie, faisceau électrique",3.0,,
MB100350,2024-08-09,Rabat,Mercedes-Benz Rabat Aviation,Vente,Classe A,Neuf,Hicham Kabbaj,,343751.0,,,,,4.0,4.0,61.0
MB100988,2024-07-05,Marrakech,Mercedes-Benz Marrakech Menara,Vente,Classe E,Neuf,Youssef El Amrani,,816999.0,,,,,5.0,9.0,60.0
MB101585,2024-03-08,Casablanca,Mercedes-Benz Casablanca Anfa,Entretien,Sprinter,,,Mehdi Lahlou,,Climatisation,2.3,2960.0,"Compresseur, gaz réfrigérant",4.0,,
MB102703,2024-02-01,Marrakech,Mercedes-Benz Marrakech Menara,Entretien,GLC,,,Mehdi Lahlou,,Boîte de vitesses,6.8,9230.0,"Kit embrayage, huile de boîte",4.0,,
MB102776,2024-11-18,Rabat,Mercedes-Benz Rabat Aviation,Entretien,Classe E,,,Anas Séfrioui,,Pneumatiques,1.0,3876.0,"Pneus, valves",5.0,,
MB101364,2024-09-25,Fès,Mercedes-Benz Fès Saïss,Vente,Classe C,Occasion,Salma Tazi,,423489.0,,,,,4.0,16.0,15.0
MB100193,2024-10-07,Marrakech,Mercedes-Benz Marrakech Menara,Vente,Vito,Occasion,Sara Bennis,,303247.0,,,,,3.0,4.0,64.0
MB102367,2024-07-20,Tanger,Mercedes-Benz Tanger Free Zone,Entretien,Classe E,,,Zineb Amrani,,Diagnostic électronique,1.2,886.0,Module de contrôle (ECU),4.0,,
MB102112,2024-09-19,Casablanca,Mercedes-Benz Casablanca Anfa,Entretien,Classe S,,,Mehdi Lahlou,,Freins,3.0,2632.0,"Plaquettes, disques de frein",4.0,,
MB101813,2024-10-25,Rabat,Mercedes-Benz Rabat Aviation,Entretien,Classe S,,,Mehdi Lahlou,,Carrosserie / peinture,6.3,8232.0,"Pare-chocs, peinture",3.0,,
MB102786,2024-09-10,Rabat,Mercedes-Benz Rabat Aviation,Entretien,Sprinter,,,Zineb Amrani,,Freins,1.3,1626.0,"Plaquettes, disques de frein",4.0,,
MB102097,2024-08-14,Rabat,Mercedes-Benz Rabat Aviation,Entretien,Classe E,,,Adil Bouazza,,Diagnostic électronique,0.5,249.0,Module de contrôle (ECU),5.0,,
MB102780,2024-09-12,Fès,Mercedes-Benz Fès Saïss,Entretien,Classe E,,,Fatima Zahra Kettani,,Diagnostic électronique,2.0,951.0,Module de contrôle (ECU),3.0,,
MB100676,2024-04-13,Tanger,Mercedes-Benz Tanger Free Zone,Vente,Classe A,Neuf,Salma Tazi,,357111.0,,,,,4.0,12.0,30.0
MB101022,2024-06-02,Casablanca,Mercedes-Benz Casablanca Anfa,Vente,Classe S,Neuf,Hicham Kabbaj,,1236263.0,,,,,4.0,9.0,16.0
MB102203,2024-02-21,Agadir,Mercedes-Benz Agadir Founty,Entretien,Sprinter,,,Mehdi Lahlou,,Vidange & entretien courant,3.4,150.0,"Huile moteur, filtres",3.0,,
MB102634,2024-04-11,Rabat,Mercedes-Benz Rabat Aviation,Entretien,Vito,,,Adil Bouazza,,Vidange & entretien courant,1.3,341.0,"Huile moteur, filtres",4.0,,
MB101920,2024-11-11,Marrakech,Mercedes-Benz Marrakech Menara,Entretien,Vito,,,Anas Séfrioui,,Diagnostic électronique,2.4,1122.0,Module de contrôle (ECU),3.0,,
MB101918,2024-11-18,Tanger,Mercedes-Benz Tanger Free Zone,Entretien,Vito,,,Adil Bouazza,,Freins,0.5,2374.0,"Plaquettes, disques de frein",5.0,,
MB101596,2024-02-19,Fès,Mercedes-Benz Fès Saïss,Entretien,Sprinter,,,Fatima Zahra Kettani,,Freins,0.8,2807.0,"Plaquettes, disques de frein",5.0,,
MB100782,2024-08-21,Marrakech,Mercedes-Benz Marrakech Menara,Vente,Sprinter,Occasion,Salma Tazi,,331191.0,,,,,3.0,0.0,1.0
MB102075,2024-03-22,Marrakech,Mercedes-Benz Marrakech Menara,Entretien,GLC,,,Zineb Amrani,,Boîte de vitesses,7.8,11178.0,"Kit embrayage, huile de boîte",4.0,,
MB100603,2024-12-02,Marrakech,Mercedes-Benz Marrakech Menara,Vente,Classe C,Occasion,Nadia Chraibi,,391575.0,,,,,4.0,9.0,26.0
MB101854,2024-01-07,Agadir,Mercedes-Benz Agadir Founty,Entretien,Sprinter,,,Yassine Rguibi,,Suspension,0.5,4153.0,"Amortisseurs, biellettes",4.0,,
MB100088,2024-03-21,Rabat,Mercedes-Benz Rabat Aviation,Vente,Classe C,Neuf,Hicham Kabbaj,,490782.0,,,,,4.0,13.0,16.0
MB103059,2024-03-01,Agadir,Mercedes-Benz Agadir Founty,Entretien,Classe S,,,Fatima Zahra Kettani,,Freins,1.5,2354.0,"Plaquettes, disques de frein",5.0,,
MB102658,2024-11-04,Agadir,Mercedes-Benz Agadir Founty,Entretien,GLA,,,Adil Bouazza,,Injection / moteur,4.5,6997.0,"Injecteurs, capteurs moteur",4.0,,
MB100817,2024-08-17,Casablanca,Mercedes-Benz Casablanca Anfa,Vente,Classe C,Neuf,Karim Idrissi,,576350.0,,,,,3.0,12.0,5.0
MB100041,2024-02-23,Agadir,Mercedes-Benz Agadir Founty,Vente,GLC,Occasion,Imane Berrada,,454441.0,,,,,4.0,6.0,67.0
MB100559,2024-04-02,Fès,Mercedes-Benz Fès Saïss,Vente,GLA,Neuf,Omar Fassi,,474359.0,,,,,4.0,12.0,42.0
MB102914,2024-08-07,Fès,Mercedes-Benz Fès Saïss,Entretien,GLC,,,Fatima Zahra Kettani,,Boîte de vitesses,2.9,9588.0,"Kit embrayage, huile de boîte",4.0,,
MB101295,2024-01-21,Rabat,Mercedes-Benz Rabat Aviation,Vente,GLC,Occasion,Hicham Kabbaj,,480512.0,,,,,4.0,14.0,17.0
MB102962,2024-01-24,Casablanca,Mercedes-Benz Casablanca Anfa,Entretien,Classe A,,,Zineb Amrani,,Carrosserie / peinture,7.0,8784.0,"Pare-chocs, peinture",5.0,,
MB102887,2024-02-02,Agadir,Mercedes-Benz Agadir Founty,Entretien,Classe S,,,Anas Séfrioui,,Système électrique,2.0,3529.0,"Batterie, faisceau électrique",4.0,,
MB102883,2024-03-12,Casablanca,Mercedes-Benz Casablanca Anfa,Entretien,Sprinter,,,Yassine Rguibi,,Suspension,2.2,2709.0,"Amortisseurs, biellettes",4.0,,
MB100319,2024-07-26,Agadir,Mercedes-Benz Agadir Founty,Vente,Classe E,Neuf,Rachid Alaoui,,742384.0,,,,,5.0,8.0,11.0
MB100980,2024-01-03,Agadir,Mercedes-Benz Agadir Founty,Vente,GLC,Neuf,Sara Bennis,,697437.0,,,,,4.0,4.0,11.0
MB100011,2024-04-12,Agadir,Mercedes-Benz Agadir Founty,Vente,Sprinter,Occasion,Hicham Kabbaj,,385530.0,,,,,5.0,7.0,28.0
MB101702,2024-07-19,Agadir,Mercedes-Benz Agadir Founty,Entretien,Classe S,,,Zineb Amrani,,Suspension,2.8,2571.0,"Amortisseurs, biellettes",5.0,,
MB100813,2024-04-13,Fès,Mercedes-Benz Fès Saïss,Vente,GLE,Neuf,Karim Idrissi,,829047.0,,,,,4.0,9.0,76.0
MB100158,2024-02-28,Casablanca,Mercedes-Benz Casablanca Anfa,Vente,GLA,Occasion,Karim Idrissi,,360067.0,,,,,4.0,2.0,16.0
MB100249,2024-12-05,Tanger,Mercedes-Benz Tanger Free Zone,Vente,GLE,Neuf,Imane Berrada,,789933.0,,,,,3.0,11.0,31.0
MB101282,2024-01-06,Marrakech,Mercedes-Benz Marrakech Menara,Vente,GLC,Neuf,Salma Tazi,,699510.0,,,,,4.0,15.0,42.0
MB100341,2024-05-20,Fès,Mercedes-Benz Fès Saïss,Vente,GLA,Neuf,Karim Idrissi,,501682.0,,,,,4.0,16.0,13.0
MB102985,2024-08-24,Agadir,Mercedes-Benz Agadir Founty,Entretien,Sprinter,,,Zineb Amrani,,Carrosserie / peinture,7.0,6611.0,"Pare-chocs, peinture",3.0,,
MB101752,2024-05-02,Fès,Mercedes-Benz Fès Saïss,Entretien,Vito,,,Yassine Rguibi,,Pneumatiques,0.7,3291.0,"Pneus, valves",4.0,,
MB101143,2024-04-09,Tanger,Mercedes-Benz Tanger Free Zone,Vente,GLE,Neuf,Salma Tazi,,881806.0,,,,,4.0,5.0,55.0
MB102212,2024-07-26,Fès,Mercedes-Benz Fès Saïss,Entretien,GLA,,,Anas Séfrioui,,Pneumatiques,1.1,2977.0,"Pneus, valves",4.0,,
MB100589,2024-05-24,Casablanca,Mercedes-Benz Casablanca Anfa,Vente,GLC,Occasion,Karim Idrissi,,416592.0,,,,,3.0,5.0,45.0
MB103038,2024-03-13,Agadir,Mercedes-Benz Agadir Founty,Entretien,Classe A,,,Fatima Zahra Kettani,,Vidange & entretien courant,0.6,1660.0,"Huile moteur, filtres",5.0,,
MB102844,2024-08-28,Agadir,Mercedes-Benz Agadir Founty,Entretien,Classe S,,,Mehdi Lahlou,,Injection / moteur,2.8,7222.0,"Injecteurs, capteurs moteur",5.0,,
MB101242,2024-01-03,Marrakech,Mercedes-Benz Marrakech Menara,Vente,Classe E,Neuf,Rachid Alaoui,,816391.0,,,,,4.0,9.0,33.0
MB101042,2024-03-07,Agadir,Mercedes-Benz Agadir Founty,Vente,Sprinter,Occasion,Leila Ouazzani,,419209.0,,,,,5.0,11.0,44.0
MB102067,2024-03-02,Tanger,Mercedes-Benz Tanger Free Zone,Entretien,Sprinter,,,Anas Séfrioui,,Diagnostic électronique,3.9,2137.0,Module de contrôle (ECU),4.0,,
MB100302,2024-11-08,Fès,Mercedes-Benz Fès Saïss,Vente,GLE,Neuf,Rachid Alaoui,,847315.0,,,,,5.0,13.0,6.0
MB101538,2024-03-04,Tanger,Mercedes-Benz Tanger Free Zone,Entretien,Classe C,,,Anas Séfrioui,,Vidange & entretien courant,0.5,694.0,"Huile moteur, filtres",3.0,,
MB102426,2024-05-30,Agadir,Mercedes-Benz Agadir Founty,Entretien,GLE,,,Mehdi Lahlou,,Boîte de vitesses,4.3,9211.0,"Kit embrayage, huile de boîte",4.0,,
MB100112,2024-01-13,Tanger,Mercedes-Benz Tanger Free Zone,Vente,GLC,Neuf,Rachid Alaoui,,661767.0,,,,,5.0,6.0,34.0
MB103011,2024-06-20,Agadir,Mercedes-Benz Agadir Founty,Entretien,Classe S,,,Mehdi Lahlou,,Suspension,1.6,1809.0,"Amortisseurs, biellettes",5.0,,
MB102333,2024-03-13,Agadir,Mercedes-Benz Agadir Founty,Entretien,Classe C,,,Anas Séfrioui,,Diagnostic électronique,1.1,1522.0,Module de contrôle (ECU),4.0,,
MB100578,2024-10-12,Marrakech,Mercedes-Benz Marrakech Menara,Vente,Classe E,Neuf,Youssef El Amrani,,663706.0,,,,,4.0,5.0,40.0
MB101737,2024-01-06,Casablanca,Mercedes-Benz Casablanca Anfa,Entretien,Vito,,,Zineb Amrani,,Climatisation,3.3,2089.0,"Compresseur, gaz réfrigérant",3.0,,
MB102713,2024-12-06,Fès,Mercedes-Benz Fès Saïss,Entretien,GLE,,,Zineb Amrani,,Carrosserie / peinture,9.4,7052.0,"Pare-chocs, peinture",4.0,,
MB101350,2024-04-28,Marrakech,Mercedes-Benz Marrakech Menara,Vente,GLC,Occasion,Hicham Kabbaj,,467779.0,,,,,5.0,8.0,1.0
MB100590,2024-06-03,Tanger,Mercedes-Benz Tanger Free Zone,Vente,Classe A,Occasion,Leila Ouazzani,,250412.0,,,,,3.0,3.0,16.0
MB102361,2024-12-30,Casablanca,Mercedes-Benz Casablanca Anfa,Entretien,Classe E,,,Fatima Zahra Kettani,,Climatisation,2.0,1803.0,"Compresseur, gaz réfrigérant",4.0,,
MB101698,2024-10-19,Marrakech,Mercedes-Benz Marrakech Menara,Entretien,Classe S,,,Yassine Rguibi,,Diagnostic électronique,0.5,308.0,Module de contrôle (ECU),2.0,,
MB100352,2024-06-09,Rabat,Mercedes-Benz Rabat Aviation,Vente,Classe A,Neuf,Karim Idrissi,,358935.0,,,,,5.0,10.0,8.0
MB101951,2024-08-03,Rabat,Mercedes-Benz Rabat Aviation,Entretien,Classe A,,,Fatima Zahra Kettani,,Pneumatiques,0.5,1851.0,"Pneus, valves",4.0,,
MB102166,2024-05-03,Fès,Mercedes-Benz Fès Saïss,Entretien,GLC,,,Mehdi Lahlou,,Système électrique,2.0,3833.0,"Batterie, faisceau électrique",4.0,,
MB102735,2024-06-11,Marrakech,Mercedes-Benz Marrakech Menara,Entretien,GLE,,,Mehdi Lahlou,,Boîte de vitesses,5.0,8707.0,"Kit embrayage, huile de boîte",4.0,,
MB102448,2024-05-16,Casablanca,Mercedes-Benz Casablanca Anfa,Entretien,Classe E,,,Adil Bouazza,,Freins,3.0,967.0,"Plaquettes, disques de frein",5.0,,
MB101195,2024-12-26,Tanger,Mercedes-Benz Tanger Free Zone,Vente,GLE,Occasion,Rachid Alaoui,,660603.0,,,,,5.0,6.0,40.0
MB102973,2024-10-06,Rabat,Mercedes-Benz Rabat Aviation,Entretien,Classe E,,,Anas Séfrioui,,Diagnostic électronique,3.3,652.0,Module de contrôle (ECU),5.0,,
MB101545,2024-12-12,Fès,Mercedes-Benz Fès Saïss,Entretien,GLC,,,Yassine Rguibi,,Carrosserie / peinture,6.2,7014.0,"Pare-chocs, peinture",3.0,,
MB101720,2024-01-29,Rabat,Mercedes-Benz Rabat Aviation,Entretien,Vito,,,Anas Séfrioui,,Climatisation,2.5,3250.0,"Compresseur, gaz réfrigérant",3.0,,
MB100809,2024-08-27,Fès,Mercedes-Benz Fès Saïss,Vente,GLA,Neuf,Nadia Chraibi,,434598.0,,,,,4.0,11.0,55.0
MB100474,2024-03-24,Rabat,Mercedes-Benz Rabat Aviation,Vente,Classe C,Occasion,Karim Idrissi,,377136.0,,,,,4.0,1.0,43.0
MB100995,2024-07-28,Rabat,Mercedes-Benz Rabat Aviation,Vente,GLC,Neuf,Sara Bennis,,610834.0,,,,,4.0,7.0,35.0
MB101146,2024-12-23,Agadir,Mercedes-Benz Agadir Founty,Vente,Sprinter,Neuf,Sara Bennis,,578288.0,,,,,5.0,9.0,6.0
MB102891,2024-04-14,Fès,Mercedes-Benz Fès Saïss,Entretien,Vito,,,Fatima Zahra Kettani,,Vidange & entretien courant,2.9,2086.0,"Huile moteur, filtres",4.0,,
MB101803,2024-03-15,Fès,Mercedes-Benz Fès Saïss,Entretien,GLC,,,Zineb Amrani,,Pneumatiques,2.5,2259.0,"Pneus, valves",4.0,,
MB100679,2024-06-11,Fès,Mercedes-Benz Fès Saïss,Vente,GLA,Neuf,Youssef El Amrani,,435971.0,,,,,4.0,8.0,36.0
MB100667,2024-12-15,Casablanca,Mercedes-Benz Casablanca Anfa,Vente,GLE,Occasion,Leila Ouazzani,,627890.0,,,,,5.0,10.0,29.0
MB100066,2024-06-29,Marrakech,Mercedes-Benz Marrakech Menara,Vente,Classe E,Neuf,Nadia Chraibi,,826880.0,,,,,4.0,2.0,14.0
MB100706,2024-09-10,Fès,Mercedes-Benz Fès Saïss,Vente,Sprinter,Occasion,Omar Fassi,,392511.0,,,,,4.0,8.0,60.0
MB100614,2024-01-10,Tanger,Mercedes-Benz Tanger Free Zone,Vente,Classe C,Neuf,Nadia Chraibi,,594376.0,,,,,3.0,14.0,26.0
MB101815,2024-11-10,Tanger,Mercedes-Benz Tanger Free Zone,Entretien,Classe C,,,Fatima Zahra Kettani,,Système électrique,3.8,1541.0,"Batterie, faisceau électrique",4.0,,
MB100367,2024-06-20,Marrakech,Mercedes-Benz Marrakech Menara,Vente,Classe C,Occasion,Sara Bennis,,347413.0,,,,,5.0,1.0,19.0
MB102021,2024-03-12,Rabat,Mercedes-Benz Rabat Aviation,Entretien,GLA,,,Fatima Zahra Kettani,,Diagnostic électronique,0.5,1479.0,Module de contrôle (ECU),4.0,,
MB101476,2024-11-18,Casablanca,Mercedes-Benz Casablanca Anfa,Entretien,Classe E,,,Zineb Amrani,,Diagnostic électronique,1.8,936.0,Module de contrôle (ECU),5.0,,
MB100196,2024-04-03,Marrakech,Mercedes-Benz Marrakech Menara,Vente,Classe E,Neuf,Rachid Alaoui,,793036.0,,,,,5.0,3.0,18.0
MB102554,2024-12-02,Fès,Mercedes-Benz Fès Saïss,Entretien,Classe C,,,Anas Séfrioui,,Système électrique,3.6,4034.0,"Batterie, faisceau électrique",2.0,,
MB102411,2024-01-22,Fès,Mercedes-Benz Fès Saïss,Entretien,Vito,,,Anas Séfrioui,,Boîte de vitesses,4.8,9593.0,"Kit embrayage, huile de boîte",3.0,,
MB102156,2024-09-07,Rabat,Mercedes-Benz Rabat Aviation,Entretien,GLA,,,Fatima Zahra Kettani,,Suspension,1.3,3952.0,"Amortisseurs, biellettes",4.0,,
MB101044,2024-01-24,Agadir,Mercedes-Benz Agadir Founty,Vente,Classe C,Neuf,Youssef El Amrani,,545236.0,,,,,4.0,11.0,4.0
MB102501,2024-08-07,Fès,Mercedes-Benz Fès Saïss,Entretien,GLA,,,Fatima Zahra Kettani,,Système électrique,4.4,3642.0,"Batterie, faisceau électrique",4.0,,
MB101011,2024-07-19,Casablanca,Mercedes-Benz Casablanca Anfa,Vente,Sprinter,Neuf,Nadia Chraibi,,498377.0,,,,,4.0,12.0,28.0
MB100773,2024-08-11,Casablanca,Mercedes-Benz Casablanca Anfa,Vente,GLC,Occasion,Rachid Alaoui,,455733.0,,,,,4.0,13.0,38.0
MB102987,2024-11-27,Rabat,Mercedes-Benz Rabat Aviation,Entretien,Classe A,,,Yassine Rguibi,,Carrosserie / peinture,8.9,6315.0,"Pare-chocs, peinture",5.0,,
MB101901,2024-02-07,Fès,Mercedes-Benz Fès Saïss,Entretien,Classe E,,,Yassine Rguibi,,Injection / moteur,4.8,6729.0,"Injecteurs, capteurs moteur",3.0,,
MB102605,2024-12-22,Rabat,Mercedes-Benz Rabat Aviation,Entretien,GLA,,,Mehdi Lahlou,,Vidange & entretien courant,0.5,851.0,"Huile moteur, filtres",4.0,,
MB102434,2024-08-20,Fès,Mercedes-Benz Fès Saïss,Entretien,Vito,,,Anas Séfrioui,,Climatisation,3.1,1967.0,"Compresseur, gaz réfrigérant",5.0,,
MB101525,2024-03-10,Casablanca,Mercedes-Benz Casablanca Anfa,Entretien,Sprinter,,,Anas Séfrioui,,Diagnostic électronique,2.8,150.0,Module de contrôle (ECU),5.0,,
MB100228,2024-10-12,Fès,Mercedes-Benz Fès Saïss,Vente,GLA,Neuf,Karim Idrissi,,467932.0,,,,,5.0,3.0,1.0
MB100315,2024-02-26,Fès,Mercedes-Benz Fès Saïss,Vente,Classe C,Occasion,Karim Idrissi,,422475.0,,,,,4.0,8.0,24.0
MB102041,2024-09-03,Casablanca,Mercedes-Benz Casablanca Anfa,Entretien,Sprinter,,,Mehdi Lahlou,,Vidange & entretien courant,0.8,434.0,"Huile moteur, filtres",4.0,,
MB100798,2024-08-02,Agadir,Mercedes-Benz Agadir Founty,Vente,Sprinter,Neuf,Nadia Chraibi,,579294.0,,,,,4.0,1.0,23.0
MB100725,2024-03-14,Casablanca,Mercedes-Benz Casablanca Anfa,Vente,Classe E,Occasion,Imane Berrada,,605895.0,,,,,5.0,8.0,27.0
MB101805,2024-10-23,Casablanca,Mercedes-Benz Casablanca Anfa,Entretien,GLE,,,Zineb Amrani,,Système électrique,4.4,3522.0,"Batterie, faisceau électrique",4.0,,
MB100274,2024-11-10,Fès,Mercedes-Benz Fès Saïss,Vente,GLC,Occasion,Rachid Alaoui,,439314.0,,,,,4.0,12.0,69.0
MB100433,2024-07-16,Fès,Mercedes-Benz Fès Saïss,Vente,Classe A,Neuf,Omar Fassi,,387623.0,,,,,5.0,6.0,44.0
MB102296,2024-12-23,Fès,Mercedes-Benz Fès Saïss,Entretien,GLA,,,Yassine Rguibi,,Climatisation,1.0,3252.0,"Compresseur, gaz réfrigérant",3.0,,
MB100225,2024-01-21,Agadir,Mercedes-Benz Agadir Founty,Vente,Classe E,Neuf,Imane Berrada,,818144.0,,,,,4.0,8.0,1.0
MB101556,2024-12-20,Fès,Mercedes-Benz Fès Saïss,Entretien,Classe A,,,Anas Séfrioui,,Suspension,2.2,3091.0,"Amortisseurs, biellettes",4.0,,
MB102250,2024-12-18,Tanger,Mercedes-Benz Tanger Free Zone,Entretien,Classe E,,,Mehdi Lahlou,,Climatisation,3.1,2743.0,"Compresseur, gaz réfrigérant",5.0,,
MB101150,2024-02-18,Marrakech,Mercedes-Benz Marrakech Menara,Vente,Classe A,Neuf,Imane Berrada,,387739.0,,,,,4.0,8.0,38.0
MB100103,2024-01-22,Agadir,Mercedes-Benz Agadir Founty,Vente,GLE,Occasion,Omar Fassi,,606316.0,,,,,4.0,8.0,45.0
MB102621,2024-11-06,Casablanca,Mercedes-Benz Casablanca Anfa,Entretien,GLC,,,Mehdi Lahlou,,Diagnostic électronique,2.3,1328.0,Module de contrôle (ECU),5.0,,
MB102191,2024-11-14,Marrakech,Mercedes-Benz Marrakech Menara,Entretien,Classe C,,,Fatima Zahra Kettani,,Vidange & entretien courant,0.7,273.0,"Huile moteur, filtres",5.0,,
MB102594,2024-02-14,Fès,Mercedes-Benz Fès Saïss,Entretien,Classe S,,,Fatima Zahra Kettani,,Vidange & entretien courant,3.0,1303.0,"Huile moteur, filtres",5.0,,
MB100694,2024-04-18,Rabat,Mercedes-Benz Rabat Aviation,Vente,Classe A,Occasion,Youssef El Amrani,,292271.0,,,,,4.0,10.0,17.0
MB102820,2024-08-29,Casablanca,Mercedes-Benz Casablanca Anfa,Entretien,Classe E,,,Anas Séfrioui,,Vidange & entretien courant,0.5,150.0,"Huile moteur, filtres",3.0,,
MB102384,2024-10-30,Marrakech,Mercedes-Benz Marrakech Menara,Entretien,GLE,,,Zineb Amrani,,Boîte de vitesses,6.6,10052.0,"Kit embrayage, huile de boîte",2.0,,
MB101942,2024-10-14,Marrakech,Mercedes-Benz Marrakech Menara,Entretien,Vito,,,Yassine Rguibi,,Diagnostic électronique,0.9,691.0,Module de contrôle (ECU),4.0,,
MB101938,2024-07-29,Fès,Mercedes-Benz Fès Saïss,Entretien,GLC,,,Anas Séfrioui,,Carrosserie / peinture,7.3,7537.0,"Pare-chocs, peinture",5.0,,
MB102323,2024-03-29,Fès,Mercedes-Benz Fès Saïss,Entretien,Classe C,,,Adil Bouazza,,Climatisation,1.9,3013.0,"Compresseur, gaz réfrigérant",4.0,,
MB102876,2024-01-29,Rabat,Mercedes-Benz Rabat Aviation,Entretien,Classe C,,,Fatima Zahra Kettani,,Freins,2.2,2545.0,"Plaquettes, disques de frein",4.0,,
MB101916,2024-10-15,Marrakech,Mercedes-Benz Marrakech Menara,Entretien,Classe C,,,Mehdi Lahlou,,Freins,2.4,1906.0,"Plaquettes, disques de frein",4.0,,
MB102047,2024-03-17,Tanger,Mercedes-Benz Tanger Free Zone,Entretien,Classe A,,,Mehdi Lahlou,,Pneumatiques,1.7,4678.0,"Pneus, valves",3.0,,
MB100976,2024-03-26,Marrakech,Mercedes-Benz Marrakech Menara,Vente,Classe C,Occasion,Hicham Kabbaj,,390876.0,,,,,4.0,10.0,1.0
MB103028,2024-07-19,Casablanca,Mercedes-Benz Casablanca Anfa,Entretien,GLE,,,Mehdi Lahlou,,Climatisation,2.9,2240.0,"Compresseur, gaz réfrigérant",4.0,,
MB101218,2024-10-09,Agadir,Mercedes-Benz Agadir Founty,Vente,Classe E,Occasion,Nadia Chraibi,,491937.0,,,,,5.0,8.0,22.0
MB101679,2024-05-06,Rabat,Mercedes-Benz Rabat Aviation,Entretien,Classe A,,,Fatima Zahra Kettani,,Boîte de vitesses,6.2,12132.0,"Kit embrayage, huile de boîte",3.0,,
MB102365,2024-07-26,Marrakech,Mercedes-Benz Marrakech Menara,Entretien,GLA,,,Fatima Zahra Kettani,,Carrosserie / peinture,6.8,7427.0,"Pare-chocs, peinture",4.0,,
MB102989,2024-03-25,Marrakech,Mercedes-Benz Marrakech Menara,Entretien,GLC,,,Fatima Zahra Kettani,,Boîte de vitesses,4.8,9817.0,"Kit embrayage, huile de boîte",3.0,,
MB101166,2024-04-12,Tanger,Mercedes-Benz Tanger Free Zone,Vente,Classe E,Occasion,Karim Idrissi,,540640.0,,,,,5.0,7.0,72.0
MB102931,2024-09-09,Tanger,Mercedes-Benz Tanger Free Zone,Entretien,Classe E,,,Anas Séfrioui,,Vidange & entretien courant,1.4,1172.0,"Huile moteur, filtres",5.0,,
MB100293,2024-11-25,Fès,Mercedes-Benz Fès Saïss,Vente,Classe C,Neuf,Imane Berrada,,507609.0,,,,,5.0,16.0,1.0
MB101593,2024-07-09,Fès,Mercedes-Benz Fès Saïss,Entretien,Classe A,,,Fatima Zahra Kettani,,Freins,2.3,2658.0,"Plaquettes, disques de frein",4.0,,
MB101491,2024-09-11,Marrakech,Mercedes-Benz Marrakech Menara,Entretien,Sprinter,,,Zineb Amrani,,Injection / moteur,4.8,6029.0,"Injecteurs, capteurs moteur",4.0,,
MB101696,2024-04-28,Rabat,Mercedes-Benz Rabat Aviation,Entretien,Classe S,,,Zineb Amrani,,Carrosserie / peinture,7.5,7657.0,"Pare-chocs, peinture",4.0,,
MB102297,2024-12-28,Marrakech,Mercedes-Benz Marrakech Menara,Entretien,GLE,,,Zineb Amrani,,Freins,0.7,3208.0,"Plaquettes, disques de frein",4.0,,
MB100637,2024-05-27,Marrakech,Mercedes-Benz Marrakech Menara,Vente,Vito,Neuf,Imane Berrada,,395408.0,,,,,5.0,10.0,31.0
MB101334,2024-06-14,Casablanca,Mercedes-Benz Casablanca Anfa,Vente,GLC,Neuf,Sara Bennis,,716792.0,,,,,4.0,6.0,40.0
MB102508,2024-02-23,Rabat,Mercedes-Benz Rabat Aviation,Entretien,Sprinter,,,Adil Bouazza,,Climatisation,1.6,3254.0,"Compresseur, gaz réfrigérant",5.0,,
MB102638,2024-03-09,Casablanca,Mercedes-Benz Casablanca Anfa,Entretien,Vito,,,Anas Séfrioui,,Pneumatiques,0.5,3487.0,"Pneus, valves",4.0,,
MB101923,2024-01-13,Marrakech,Mercedes-Benz Marrakech Menara,Entretien,GLE,,,Adil Bouazza,,Climatisation,1.5,2595.0,"Compresseur, gaz réfrigérant",5.0,,
MB102602,2024-08-27,Casablanca,Mercedes-Benz Casablanca Anfa,Entretien,Sprinter,,,Anas Séfrioui,,Système électrique,3.7,2469.0,"Batterie, faisceau électrique",3.0,,
MB101157,2024-09-26,Fès,Mercedes-Benz Fès Saïss,Vente,Classe S,Neuf,Youssef El Amrani,,1319122.0,,,,,4.0,6.0,45.0
MB102057,2024-07-24,Marrakech,Mercedes-Benz Marrakech Menara,Entretien,GLC,,,Mehdi Lahlou,,Système électrique,2.7,3558.0,"Batterie, faisceau électrique",4.0,,
MB102481,2024-09-06,Tanger,Mercedes-Benz Tanger Free Zone,Entretien,Sprinter,,,Anas Séfrioui,,Système électrique,3.5,4249.0,"Batterie, faisceau électrique",5.0,,
MB102346,2024-08-21,Tanger,Mercedes-Benz Tanger Free Zone,Entretien,Classe S,,,Mehdi Lahlou,,Carrosserie / peinture,6.2,8438.0,"Pare-chocs, peinture",4.0,,
MB101760,2024-01-29,Marrakech,Mercedes-Benz Marrakech Menara,Entretien,Classe S,,,Mehdi Lahlou,,Suspension,3.1,2784.0,"Amortisseurs, biellettes",5.0,,
MB100263,2024-10-15,Casablanca,Mercedes-Benz Casablanca Anfa,Vente,GLE,Occasion,Leila Ouazzani,,690858.0,,,,,4.0,6.0,45.0
MB100765,2024-06-12,Tanger,Mercedes-Benz Tanger Free Zone,Vente,Classe S,Neuf,Youssef El Amrani,,1593256.0,,,,,3.0,10.0,37.0
MB100606,2024-06-12,Marrakech,Mercedes-Benz Marrakech Menara,Vente,Classe E,Neuf,Sara Bennis,,818432.0,,,,,4.0,9.0,81.0
MB100231,2024-08-31,Fès,Mercedes-Benz Fès Saïss,Vente,GLE,Neuf,Leila Ouazzani,,870327.0,,,,,3.0,13.0,25.0
MB100018,2024-07-28,Fès,Mercedes-Benz Fès Saïss,Vente,Classe C,Neuf,Hicham Kabbaj,,612737.0,,,,,5.0,9.0,4.0
MB101795,2024-09-13,Marrakech,Mercedes-Benz Marrakech Menara,Entretien,Classe S,,,Yassine Rguibi,,Climatisation,3.4,1456.0,"Compresseur, gaz réfrigérant",3.0,,
MB102195,2024-03-16,Casablanca,Mercedes-Benz Casablanca Anfa,Entretien,Classe A,,,Adil Bouazza,,Vidange & entretien courant,2.0,150.0,"Huile moteur, filtres",3.0,,
MB102114,2024-11-01,Tanger,Mercedes-Benz Tanger Free Zone,Entretien,Sprinter,,,Adil Bouazza,,Freins,2.9,1509.0,"Plaquettes, disques de frein",3.0,,
MB101197,2024-06-15,Tanger,Mercedes-Benz Tanger Free Zone,Vente,Classe A,Neuf,Leila Ouazzani,,364883.0,,,,,3.0,14.0,34.0
MB101271,2024-11-19,Casablanca,Mercedes-Benz Casablanca Anfa,Vente,GLA,Occasion,Imane Berrada,,329866.0,,,,,5.0,11.0,12.0
MB101852,2024-10-15,Casablanca,Mercedes-Benz Casablanca Anfa,Entretien,Classe S,,,Mehdi Lahlou,,Carrosserie / peinture,7.3,6655.0,"Pare-chocs, peinture",3.0,,
MB102547,2024-02-24,Agadir,Mercedes-Benz Agadir Founty,Entretien,Classe C,,,Mehdi Lahlou,,Diagnostic électronique,1.0,150.0,Module de contrôle (ECU),3.0,,
MB100305,2024-06-13,Tanger,Mercedes-Benz Tanger Free Zone,Vente,Classe A,Neuf,Hicham Kabbaj,,338979.0,,,,,4.0,7.0,56.0
MB101629,2024-04-06,Rabat,Mercedes-Benz Rabat Aviation,Entretien,GLC,,,Mehdi Lahlou,,Pneumatiques,0.7,3179.0,"Pneus, valves",4.0,,
MB101543,2024-11-16,Agadir,Mercedes-Benz Agadir Founty,Entretien,Classe E,,,Yassine Rguibi,,Boîte de vitesses,5.9,10498.0,"Kit embrayage, huile de boîte",4.0,,
MB102867,2024-09-29,Marrakech,Mercedes-Benz Marrakech Menara,Entretien,Sprinter,,,Fatima Zahra Kettani,,Climatisation,4.0,3777.0,"Compresseur, gaz réfrigérant",5.0,,
MB102119,2024-09-12,Rabat,Mercedes-Benz Rabat Aviation,Entretien,Vito,,,Anas Séfrioui,,Diagnostic électronique,3.5,462.0,Module de contrôle (ECU),4.0,,
MB102197,2024-02-03,Fès,Mercedes-Benz Fès Saïss,Entretien,Vito,,,Mehdi Lahlou,,Climatisation,2.3,3956.0,"Compresseur, gaz réfrigérant",5.0,,
MB102509,2024-11-06,Fès,Mercedes-Benz Fès Saïss,Entretien,GLA,,,Zineb Amrani,,Diagnostic électronique,1.0,2350.0,Module de contrôle (ECU),5.0,,
MB100368,2024-05-01,Agadir,Mercedes-Benz Agadir Founty,Vente,GLA,Occasion,Sara Bennis,,325304.0,,,,,4.0,10.0,25.0
MB102023,2024-10-11,Agadir,Mercedes-Benz Agadir Founty,Entretien,Classe S,,,Adil Bouazza,,Diagnostic électronique,2.8,248.0,Module de contrôle (ECU),5.0,,
MB101962,2024-09-04,Agadir,Mercedes-Benz Agadir Founty,Entretien,Vito,,,Adil Bouazza,,Boîte de vitesses,6.8,9427.0,"Kit embrayage, huile de boîte",4.0,,
MB102799,2024-02-22,Agadir,Mercedes-Benz Agadir Founty,Entretien,Classe S,,,Anas Séfrioui,,Diagnostic électronique,0.5,168.0,Module de contrôle (ECU),5.0,,
MB100219,2024-04-19,Tanger,Mercedes-Benz Tanger Free Zone,Vente,Classe C,Neuf,Omar Fassi,,528153.0,,,,,4.0,9.0,56.0
MB100188,2024-10-29,Agadir,Mercedes-Benz Agadir Founty,Vente,GLC,Occasion,Salma Tazi,,483544.0,,,,,5.0,12.0,37.0
MB101247,2024-09-05,Rabat,Mercedes-Benz Rabat Aviation,Vente,GLC,Neuf,Imane Berrada,,638668.0,,,,,4.0,11.0,47.0
MB100347,2024-05-13,Agadir,Mercedes-Benz Agadir Founty,Vente,GLC,Occasion,Rachid Alaoui,,513067.0,,,,,4.0,5.0,53.0
MB102935,2024-04-01,Agadir,Mercedes-Benz Agadir Founty,Entretien,Classe S,,,Mehdi Lahlou,,Climatisation,2.9,3498.0,"Compresseur, gaz réfrigérant",5.0,,
MB102643,2024-09-14,Marrakech,Mercedes-Benz Marrakech Menara,Entretien,GLE,,,Yassine Rguibi,,Boîte de vitesses,7.2,10688.0,"Kit embrayage, huile de boîte",4.0,,
MB101699,2024-01-16,Fès,Mercedes-Benz Fès Saïss,Entretien,GLC,,,Fatima Zahra Kettani,,Diagnostic électronique,3.5,286.0,Module de contrôle (ECU),5.0,,
MB101238,2024-08-14,Rabat,Mercedes-Benz Rabat Aviation,Vente,GLA,Occasion,Rachid Alaoui,,318940.0,,,,,5.0,14.0,14.0
MB102680,2024-06-24,Agadir,Mercedes-Benz Agadir Founty,Entretien,Classe A,,,Zineb Amrani,,Vidange & entretien courant,0.8,150.0,"Huile moteur, filtres",4.0,,
MB102523,2024-06-10,Marrakech,Mercedes-Benz Marrakech Menara,Entretien,GLA,,,Fatima Zahra Kettani,,Système électrique,2.1,4452.0,"Batterie, faisceau électrique",4.0,,
MB102143,2024-01-16,Rabat,Mercedes-Benz Rabat Aviation,Entretien,Classe S,,,Zineb Amrani,,Système électrique,1.2,2971.0,"Batterie, faisceau électrique",4.0,,
MB102311,2024-03-05,Rabat,Mercedes-Benz Rabat Aviation,Entretien,Classe A,,,Adil Bouazza,,Système électrique,3.1,5309.0,"Batterie, faisceau électrique",4.0,,
MB101954,2024-08-02,Agadir,Mercedes-Benz Agadir Founty,Entretien,GLE,,,Adil Bouazza,,Injection / moteur,4.8,7836.0,"Injecteurs, capteurs moteur",5.0,,
MB102400,2024-03-14,Rabat,Mercedes-Benz Rabat Aviation,Entretien,Classe A,,,Yassine Rguibi,,Boîte de vitesses,5.7,11016.0,"Kit embrayage, huile de boîte",3.0,,
MB100856,2024-01-02,Fès,Mercedes-Benz Fès Saïss,Vente,GLC,Neuf,Salma Tazi,,632065.0,,,,,4.0,10.0,55.0
MB101165,2024-09-01,Fès,Mercedes-Benz Fès Saïss,Vente,Sprinter,Neuf,Leila Ouazzani,,546466.0,,,,,5.0,0.0,39.0
MB101444,2024-07-13,Agadir,Mercedes-Benz Agadir Founty,Entretien,Sprinter,,,Adil Bouazza,,Injection / moteur,5.1,7168.0,"Injecteurs, capteurs moteur",4.0,,
MB100601,2024-06-07,Tanger,Mercedes-Benz Tanger Free Zone,Vente,Classe C,Occasion,Imane Berrada,,369612.0,,,,,5.0,1.0,31.0
MB102285,2024-07-29,Fès,Mercedes-Benz Fès Saïss,Entretien,Classe E,,,Adil Bouazza,,Boîte de vitesses,6.5,10702.0,"Kit embrayage, huile de boîte",5.0,,
MB101402,2024-02-11,Agadir,Mercedes-Benz Agadir Founty,Entretien,Classe A,,,Adil Bouazza,,Diagnostic électronique,3.0,150.0,Module de contrôle (ECU),5.0,,
MB102202,2024-05-23,Tanger,Mercedes-Benz Tanger Free Zone,Entretien,Classe S,,,Fatima Zahra Kettani,,Vidange & entretien courant,1.6,1312.0,"Huile moteur, filtres",5.0,,
MB102793,2024-02-12,Casablanca,Mercedes-Benz Casablanca Anfa,Entretien,GLA,,,Adil Bouazza,,Suspension,5.3,4467.0,"Amortisseurs, biellettes",3.0,,
MB100871,2024-12-26,Fès,Mercedes-Benz Fès Saïss,Vente,Classe A,Neuf,Salma Tazi,,391413.0,,,,,5.0,15.0,57.0
MB100257,2024-12-10,Tanger,Mercedes-Benz Tanger Free Zone,Vente,Classe S,Occasion,Karim Idrissi,,951491.0,,,,,5.0,6.0,51.0
MB100304,2024-07-13,Fès,Mercedes-Benz Fès Saïss,Vente,GLA,Neuf,Sara Bennis,,420929.0,,,,,4.0,16.0,10.0
MB100500,2024-04-02,Fès,Mercedes-Benz Fès Saïss,Vente,Classe A,Neuf,Karim Idrissi,,353728.0,,,,,5.0,12.0,25.0
MB102269,2024-08-17,Casablanca,Mercedes-Benz Casablanca Anfa,Entretien,GLA,,,Zineb Amrani,,Boîte de vitesses,6.1,10135.0,"Kit embrayage, huile de boîte",5.0,,
MB102473,2024-12-26,Rabat,Mercedes-Benz Rabat Aviation,Entretien,GLE,,,Adil Bouazza,,Injection / moteur,2.5,5865.0,"Injecteurs, capteurs moteur",5.0,,
MB102736,2024-01-02,Agadir,Mercedes-Benz Agadir Founty,Entretien,Vito,,,Mehdi Lahlou,,Diagnostic électronique,0.5,1773.0,Module de contrôle (ECU),4.0,,
MB101174,2024-11-15,Tanger,Mercedes-Benz Tanger Free Zone,Vente,Classe C,Occasion,Omar Fassi,,373725.0,,,,,4.0,9.0,25.0
MB100261,2024-06-04,Casablanca,Mercedes-Benz Casablanca Anfa,Vente,Sprinter,Occasion,Hicham Kabbaj,,378201.0,,,,,4.0,11.0,14.0
MB100585,2024-04-07,Fès,Mercedes-Benz Fès Saïss,Vente,Classe A,Neuf,Youssef El Amrani,,391570.0,,,,,4.0,3.0,32.0
MB101788,2024-10-01,Marrakech,Mercedes-Benz Marrakech Menara,Entretien,Sprinter,,,Adil Bouazza,,Freins,2.3,3488.0,"Plaquettes, disques de frein",3.0,,
MB100749,2024-08-30,Agadir,Mercedes-Benz Agadir Founty,Vente,Classe A,Neuf,Imane Berrada,,367147.0,,,,,5.0,5.0,41.0
MB100772,2024-05-26,Marrakech,Mercedes-Benz Marrakech Menara,Vente,Classe A,Neuf,Sara Bennis,,418100.0,,,,,4.0,8.0,18.0
MB102176,2024-01-05,Fès,Mercedes-Benz Fès Saïss,Entretien,Classe E,,,Anas Séfrioui,,Pneumatiques,0.7,4241.0,"Pneus, valves",5.0,,
MB100774,2024-09-24,Rabat,Mercedes-Benz Rabat Aviation,Vente,Vito,Neuf,Omar Fassi,,424254.0,,,,,4.0,4.0,19.0
MB100784,2024-12-08,Tanger,Mercedes-Benz Tanger Free Zone,Vente,GLA,Neuf,Nadia Chraibi,,512986.0,,,,,4.0,3.0,9.0
MB102620,2024-06-16,Casablanca,Mercedes-Benz Casablanca Anfa,Entretien,GLA,,,Adil Bouazza,,Suspension,4.4,3240.0,"Amortisseurs, biellettes",3.0,,
MB101409,2024-01-09,Agadir,Mercedes-Benz Agadir Founty,Entretien,Classe E,,,Adil Bouazza,,Pneumatiques,1.4,2988.0,"Pneus, valves",4.0,,
MB102543,2024-03-27,Tanger,Mercedes-Benz Tanger Free Zone,Entretien,Sprinter,,,Yassine Rguibi,,Système électrique,4.2,3254.0,"Batterie, faisceau électrique",5.0,,
MB101896,2024-10-03,Agadir,Mercedes-Benz Agadir Founty,Entretien,Classe E,,,Mehdi Lahlou,,Système électrique,3.6,3020.0,"Batterie, faisceau électrique",3.0,,
MB102264,2024-06-30,Agadir,Mercedes-Benz Agadir Founty,Entretien,GLA,,,Adil Bouazza,,Pneumatiques,0.6,3168.0,"Pneus, valves",3.0,,
MB101069,2024-05-13,Fès,Mercedes-Benz Fès Saïss,Vente,GLA,Neuf,Nadia Chraibi,,491154.0,,,,,4.0,10.0,27.0
MB101906,2024-10-09,Casablanca,Mercedes-Benz Casablanca Anfa,Entretien,Classe A,,,Yassine Rguibi,,Pneumatiques,0.6,4865.0,"Pneus, valves",3.0,,
MB102933,2024-07-12,Rabat,Mercedes-Benz Rabat Aviation,Entretien,GLA,,,Yassine Rguibi,,Boîte de vitesses,6.1,10230.0,"Kit embrayage, huile de boîte",5.0,,
MB101101,2024-07-12,Fès,Mercedes-Benz Fès Saïss,Vente,Classe A,Neuf,Omar Fassi,,415399.0,,,,,4.0,4.0,45.0
MB102422,2024-04-05,Fès,Mercedes-Benz Fès Saïss,Entretien,Sprinter,,,Yassine Rguibi,,Climatisation,0.6,2838.0,"Compresseur, gaz réfrigérant",3.0,,
MB102825,2024-03-30,Rabat,Mercedes-Benz Rabat Aviation,Entretien,Classe S,,,Zineb Amrani,,Carrosserie / peinture,6.4,6138.0,"Pare-chocs, peinture",5.0,,
MB101855,2024-11-14,Rabat,Mercedes-Benz Rabat Aviation,Entretien,Classe E,,,Zineb Amrani,,Système électrique,2.1,707.0,"Batterie, faisceau électrique",4.0,,
MB100703,2024-03-08,Casablanca,Mercedes-Benz Casablanca Anfa,Vente,Classe A,Neuf,Hicham Kabbaj,,394174.0,,,,,,10.0,56.0
MB101457,2024-08-01,Tanger,Mercedes-Benz Tanger Free Zone,Entretien,Classe C,,,Fatima Zahra Kettani,,Pneumatiques,0.7,2384.0,"Pneus, valves",4.0,,
MB100496,2024-11-29,Casablanca,Mercedes-Benz Casablanca Anfa,Vente,Classe A,Neuf,Sara Bennis,,338923.0,,,,,5.0,14.0,22.0
MB101133,2024-09-14,Fès,Mercedes-Benz Fès Saïss,Vente,Sprinter,Neuf,Leila Ouazzani,,545454.0,,,,,4.0,6.0,73.0
MB101893,2024-06-25,Agadir,Mercedes-Benz Agadir Founty,Entretien,GLE,,,Zineb Amrani,,Boîte de vitesses,6.7,8535.0,"Kit embrayage, huile de boîte",3.0,,
MB101688,2024-04-25,Tanger,Mercedes-Benz Tanger Free Zone,Entretien,GLC,,,Adil Bouazza,,Pneumatiques,2.0,1980.0,"Pneus, valves",,,
MB101510,2024-09-16,Tanger,Mercedes-Benz Tanger Free Zone,Entretien,GLE,,,Yassine Rguibi,,Pneumatiques,0.9,3948.0,"Pneus, valves",5.0,,
MB102545,2024-11-02,Agadir,Mercedes-Benz Agadir Founty,Entretien,Classe C,,,Fatima Zahra Kettani,,Vidange & entretien courant,2.1,496.0,"Huile moteur, filtres",4.0,,
MB101105,2024-12-19,Agadir,Mercedes-Benz Agadir Founty,Vente,Classe C,Neuf,Sara Bennis,,551894.0,,,,,,0.0,54.0
MB103014,2024-04-20,Agadir,Mercedes-Benz Agadir Founty,Entretien,Classe A,,,Mehdi Lahlou,,Injection / moteur,6.7,6176.0,"Injecteurs, capteurs moteur",4.0,,
MB100684,2024-01-22,Fès,Mercedes-Benz Fès Saïss,Vente,Classe E,Neuf,Youssef El Amrani,,814687.0,,,,,4.0,18.0,46.0
MB100465,2024-11-23,Tanger,Mercedes-Benz Tanger Free Zone,Vente,Classe E,Neuf,Rachid Alaoui,,823250.0,,,,,5.0,11.0,12.0
MB100959,2024-06-24,Rabat,Mercedes-Benz Rabat Aviation,Vente,Classe C,Neuf,Karim Idrissi,,575445.0,,,,,4.0,8.0,1.0
MB100536,2024-02-20,Agadir,Mercedes-Benz Agadir Founty,Vente,Classe C,Neuf,Leila Ouazzani,,525905.0,,,,,5.0,7.0,41.0
MB101337,2024-01-25,Tanger,Mercedes-Benz Tanger Free Zone,Vente,GLE,Neuf,Rachid Alaoui,,949521.0,,,,,4.0,9.0,51.0
MB100082,2024-10-14,Agadir,Mercedes-Benz Agadir Founty,Vente,GLE,Neuf,Youssef El Amrani,,780655.0,,,,,3.0,7.0,23.0
MB100152,2024-07-05,Tanger,Mercedes-Benz Tanger Free Zone,Vente,Classe E,Occasion,Nadia Chraibi,,547187.0,,,,,4.0,7.0,50.0
MB100631,2024-06-04,Fès,Mercedes-Benz Fès Saïss,Vente,Classe C,Neuf,Salma Tazi,,610520.0,,,,,5.0,11.0,28.0
MB100124,2024-04-25,Casablanca,Mercedes-Benz Casablanca Anfa,Vente,Classe S,Occasion,Leila Ouazzani,,1154514.0,,,,,4.0,11.0,35.0
MB102892,2024-06-17,Agadir,Mercedes-Benz Agadir Founty,Entretien,GLE,,,Yassine Rguibi,,Vidange & entretien courant,1.3,1445.0,"Huile moteur, filtres",4.0,,
MB102113,2024-12-25,Agadir,Mercedes-Benz Agadir Founty,Entretien,Classe C,,,Zineb Amrani,,Freins,2.5,1413.0,"Plaquettes, disques de frein",4.0,,
MB100202,2024-11-11,Rabat,Mercedes-Benz Rabat Aviation,Vente,Classe E,Neuf,Nadia Chraibi,,776688.0,,,,,5.0,12.0,34.0
MB103098,2024-03-18,Casablanca,Mercedes-Benz Casablanca Anfa,Entretien,GLA,,,Yassine Rguibi,,Diagnostic électronique,1.2,1354.0,Module de contrôle (ECU),5.0,,
MB101010,2024-05-15,Casablanca,Mercedes-Benz Casablanca Anfa,Vente,Sprinter,Neuf,Nadia Chraibi,,473779.0,,,,,4.0,9.0,19.0
MB100910,2024-03-01,Agadir,Mercedes-Benz Agadir Founty,Vente,GLA,Neuf,Sara Bennis,,444919.0,,,,,5.0,6.0,17.0
MB100055,2024-10-19,Marrakech,Mercedes-Benz Marrakech Menara,Vente,Classe C,Occasion,Hicham Kabbaj,,416446.0,,,,,3.0,5.0,51.0
MB101725,2024-04-18,Agadir,Mercedes-Benz Agadir Founty,Entretien,Vito,,,Anas Séfrioui,,Freins,2.7,1522.0,"Plaquettes, disques de frein",3.0,,
MB102314,2024-02-14,Casablanca,Mercedes-Benz Casablanca Anfa,Entretien,Classe E,,,Yassine Rguibi,,Carrosserie / peinture,8.5,6272.0,"Pare-chocs, peinture",4.0,,
MB102185,2024-09-18,Marrakech,Mercedes-Benz Marrakech Menara,Entretien,Classe E,,,Anas Séfrioui,,Carrosserie / peinture,7.6,6342.0,"Pare-chocs, peinture",3.0,,
MB102171,2024-07-01,Rabat,Mercedes-Benz Rabat Aviation,Entretien,GLE,,,Zineb Amrani,,Système électrique,3.0,3461.0,"Batterie, faisceau électrique",4.0,,
MB102591,2024-08-24,Rabat,Mercedes-Benz Rabat Aviation,Entretien,GLC,,,Adil Bouazza,,Boîte de vitesses,7.7,9167.0,"Kit embrayage, huile de boîte",4.0,,
MB100166,2024-08-13,Fès,Mercedes-Benz Fès Saïss,Vente,Classe S,Occasion,Hicham Kabbaj,,1077001.0,,,,,3.0,14.0,39.0
MB101604,2024-01-25,Tanger,Mercedes-Benz Tanger Free Zone,Entretien,Sprinter,,,Mehdi Lahlou,,Carrosserie / peinture,7.4,7437.0,"Pare-chocs, peinture",3.0,,
MB101227,2024-01-13,Tanger,Mercedes-Benz Tanger Free Zone,Vente,Classe E,Neuf,Hicham Kabbaj,,780280.0,,,,,4.0,5.0,93.0
MB100395,2024-03-03,Marrakech,Mercedes-Benz Marrakech Menara,Vente,Classe S,Occasion,Imane Berrada,,879052.0,,,,,4.0,9.0,8.0
MB102766,2024-08-04,Casablanca,Mercedes-Benz Casablanca Anfa,Entretien,Sprinter,,,Anas Séfrioui,,Pneumatiques,1.3,3035.0,"Pneus, valves",4.0,,
MB101833,2024-08-27,Casablanca,Mercedes-Benz Casablanca Anfa,Entretien,Classe E,,,Anas Séfrioui,,Boîte de vitesses,6.1,9514.0,"Kit embrayage, huile de boîte",5.0,,
MB100548,2024-10-09,Fès,Mercedes-Benz Fès Saïss,Vente,Classe S,Neuf,Youssef El Amrani,,1425221.0,,,,,5.0,9.0,40.0
MB102103,2024-03-24,Marrakech,Mercedes-Benz Marrakech Menara,Entretien,Vito,,,Mehdi Lahlou,,Boîte de vitesses,5.8,8534.0,"Kit embrayage, huile de boîte",4.0,,
MB100535,2024-05-27,Agadir,Mercedes-Benz Agadir Founty,Vente,GLE,Neuf,Salma Tazi,,930538.0,,,,,4.0,9.0,48.0
MB101793,2024-03-17,Tanger,Mercedes-Benz Tanger Free Zone,Entretien,Classe E,,,Yassine Rguibi,,Injection / moteur,4.7,5899.0,"Injecteurs, capteurs moteur",5.0,,
MB100621,2024-10-30,Casablanca,Mercedes-Benz Casablanca Anfa,Vente,Classe E,Neuf,Youssef El Amrani,,688908.0,,,,,5.0,5.0,68.0
MB100928,2024-01-23,Marrakech,Mercedes-Benz Marrakech Menara,Vente,GLA,Occasion,Karim Idrissi,,325195.0,,,,,4.0,7.0,35.0
MB101781,2024-06-16,Tanger,Mercedes-Benz Tanger Free Zone,Entretien,Classe S,,,Yassine Rguibi,,Pneumatiques,2.9,4047.0,"Pneus, valves",3.0,,
MB101211,2024-09-17,Fès,Mercedes-Benz Fès Saïss,Vente,Classe E,Occasion,Nadia Chraibi,,480128.0,,,,,4.0,2.0,39.0
MB102035,2024-02-03,Tanger,Mercedes-Benz Tanger Free Zone,Entretien,Classe C,,,Fatima Zahra Kettani,,Freins,1.5,3398.0,"Plaquettes, disques de frein",3.0,,
MB100517,2024-03-06,Agadir,Mercedes-Benz Agadir Founty,Vente,Classe C,Neuf,Nadia Chraibi,,482218.0,,,,,5.0,2.0,56.0
MB101808,2024-02-12,Rabat,Mercedes-Benz Rabat Aviation,Entretien,Classe S,,,Yassine Rguibi,,Diagnostic électronique,1.4,949.0,Module de contrôle (ECU),5.0,,
MB101136,2024-01-27,Tanger,Mercedes-Benz Tanger Free Zone,Vente,Classe E,Neuf,Sara Bennis,,692734.0,,,,,4.0,5.0,37.0
MB102033,2024-02-26,Agadir,Mercedes-Benz Agadir Founty,Entretien,Sprinter,,,Anas Séfrioui,,Carrosserie / peinture,9.2,6945.0,"Pare-chocs, peinture",3.0,,
MB101017,2024-05-12,Casablanca,Mercedes-Benz Casablanca Anfa,Vente,Classe A,Occasion,Rachid Alaoui,,262505.0,,,,,5.0,15.0,54.0
MB102972,2024-08-24,Casablanca,Mercedes-Benz Casablanca Anfa,Entretien,Classe C,,,Anas Séfrioui,,Boîte de vitesses,6.1,10280.0,"Kit embrayage, huile de boîte",3.0,,
MB100162,2024-11-10,Agadir,Mercedes-Benz Agadir Founty,Vente,Sprinter,Occasion,Rachid Alaoui,,401327.0,,,,,5.0,13.0,57.0
MB102894,2024-10-19,Rabat,Mercedes-Benz Rabat Aviation,Entretien,Classe E,,,Fatima Zahra Kettani,,Diagnostic électronique,2.0,293.0,Module de contrôle (ECU),5.0,,
MB102151,2024-06-01,Agadir,Mercedes-Benz Agadir Founty,Entretien,GLA,,,Zineb Amrani,,Diagnostic électronique,2.8,892.0,Module de contrôle (ECU),5.0,,
MB102467,2024-04-29,Agadir,Mercedes-Benz Agadir Founty,Entretien,GLE,,,Adil Bouazza,,Système électrique,3.5,2681.0,"Batterie, faisceau électrique",5.0,,
MB101178,2024-06-29,Fès,Mercedes-Benz Fès Saïss,Vente,GLE,Occasion,Imane Berrada,,599182.0,,,,,4.0,7.0,53.0
MB102615,2024-09-02,Agadir,Mercedes-Benz Agadir Founty,Entretien,Classe E,,,Zineb Amrani,,Diagnostic électronique,2.7,150.0,Module de contrôle (ECU),4.0,,
MB100076,2024-10-25,Casablanca,Mercedes-Benz Casablanca Anfa,Vente,GLA,Neuf,Omar Fassi,,461760.0,,,,,5.0,6.0,29.0
MB101237,2024-07-25,Fès,Mercedes-Benz Fès Saïss,Vente,Classe A,Neuf,Youssef El Amrani,,342611.0,,,,,4.0,9.0,11.0
MB102352,2024-05-31,Agadir,Mercedes-Benz Agadir Founty,Entretien,Classe S,,,Yassine Rguibi,,Pneumatiques,0.5,3511.0,"Pneus, valves",5.0,,
MB101065,2024-11-10,Casablanca,Mercedes-Benz Casablanca Anfa,Vente,GLA,Occasion,Leila Ouazzani,,317518.0,,,,,4.0,12.0,49.0
MB101597,2024-01-31,Agadir,Mercedes-Benz Agadir Founty,Entretien,Sprinter,,,Anas Séfrioui,,Vidange & entretien courant,0.7,150.0,"Huile moteur, filtres",3.0,,
MB101434,2024-01-15,Tanger,Mercedes-Benz Tanger Free Zone,Entretien,Classe A,,,Zineb Amrani,,Carrosserie / peinture,7.2,6793.0,"Pare-chocs, peinture",5.0,,
MB100757,2024-12-27,Fès,Mercedes-Benz Fès Saïss,Vente,GLC,Occasion,Leila Ouazzani,,457697.0,,,,,4.0,12.0,51.0
MB101484,2024-11-09,Marrakech,Mercedes-Benz Marrakech Menara,Entretien,Vito,,,Anas Séfrioui,,Système électrique,4.1,3090.0,"Batterie, faisceau électrique",5.0,,
MB102130,2024-05-14,Casablanca,Mercedes-Benz Casablanca Anfa,Entretien,Vito,,,Yassine Rguibi,,Boîte de vitesses,6.1,10387.0,"Kit embrayage, huile de boîte",4.0,,
MB101427,2024-09-14,Marrakech,Mercedes-Benz Marrakech Menara,Entretien,GLE,,,Anas Séfrioui,,Injection / moteur,3.7,7469.0,"Injecteurs, capteurs moteur",4.0,,
MB101048,2024-08-06,Rabat,Mercedes-Benz Rabat Aviation,Vente,Sprinter,Occasion,Imane Berrada,,411598.0,,,,,5.0,16.0,26.0
MB101160,2024-08-02,Tanger,Mercedes-Benz Tanger Free Zone,Vente,Classe E,Neuf,Karim Idrissi,,672574.0,,,,,4.0,10.0,42.0
MB101141,2024-09-29,Agadir,Mercedes-Benz Agadir Founty,Vente,Classe A,Occasion,Youssef El Amrani,,284316.0,,,,,3.0,4.0,47.0
MB101209,2024-03-04,Marrakech,Mercedes-Benz Marrakech Menara,Vente,Classe E,Neuf,Rachid Alaoui,,656468.0,,,,,4.0,17.0,1.0
MB100775,2024-09-07,Agadir,Mercedes-Benz Agadir Founty,Vente,Classe A,Occasion,Youssef El Amrani,,281281.0,,,,,3.0,11.0,53.0
MB102746,2024-07-20,Fès,Mercedes-Benz Fès Saïss,Entretien,GLA,,,Adil Bouazza,,Suspension,1.7,4280.0,"Amortisseurs, biellettes",4.0,,
MB101455,2024-05-28,Agadir,Mercedes-Benz Agadir Founty,Entretien,GLA,,,Zineb Amrani,,Injection / moteur,5.5,4812.0,"Injecteurs, capteurs moteur",5.0,,
MB102860,2024-07-01,Agadir,Mercedes-Benz Agadir Founty,Entretien,Classe C,,,Zineb Amrani,,Système électrique,2.7,2833.0,"Batterie, faisceau électrique",4.0,,
MB100564,2024-11-22,Rabat,Mercedes-Benz Rabat Aviation,Vente,Classe E,Neuf,Imane Berrada,,744904.0,,,,,5.0,6.0,57.0
MB101323,2024-12-07,Rabat,Mercedes-Benz Rabat Aviation,Vente,Classe E,Occasion,Rachid Alaoui,,553329.0,,,,,5.0,12.0,16.0
MB102677,2024-11-01,Fès,Mercedes-Benz Fès Saïss,Entretien,Vito,,,Yassine Rguibi,,Diagnostic électronique,1.8,150.0,Module de contrôle (ECU),4.0,,
MB100526,2024-09-22,Casablanca,Mercedes-Benz Casablanca Anfa,Vente,GLA,Occasion,Imane Berrada,,322321.0,,,,,5.0,7.0,24.0
MB101458,2024-03-16,Tanger,Mercedes-Benz Tanger Free Zone,Entretien,Vito,,,Anas Séfrioui,,Boîte de vitesses,7.9,9652.0,"Kit embrayage, huile de boîte",4.0,,
MB101537,2024-05-10,Fès,Mercedes-Benz Fès Saïss,Entretien,Sprinter,,,Adil Bouazza,,Vidange & entretien courant,0.5,1468.0,"Huile moteur, filtres",3.0,,
MB102031,2024-07-16,Fès,Mercedes-Benz Fès Saïss,Entretien,Vito,,,Adil Bouazza,,Vidange & entretien courant,0.5,924.0,"Huile moteur, filtres",5.0,,
MB101387,2024-04-05,Fès,Mercedes-Benz Fès Saïss,Vente,GLC,Neuf,Imane Berrada,,627052.0,,,,,5.0,6.0,61.0
MB100583,2024-11-01,Agadir,Mercedes-Benz Agadir Founty,Vente,Classe A,Neuf,Karim Idrissi,,340742.0,,,,,4.0,11.0,37.0
MB100170,2024-05-13,Tanger,Mercedes-Benz Tanger Free Zone,Vente,GLC,Neuf,Imane Berrada,,626099.0,,,,,4.0,7.0,15.0
MB100360,2024-01-30,Tanger,Mercedes-Benz Tanger Free Zone,Vente,GLA,Neuf,Youssef El Amrani,,494136.0,,,,,5.0,14.0,45.0
MB100109,2024-03-18,Fès,Mercedes-Benz Fès Saïss,Vente,GLC,Neuf,Nadia Chraibi,,631712.0,,,,,5.0,9.0,47.0
MB101816,2024-04-13,Rabat,Mercedes-Benz Rabat Aviation,Entretien,Sprinter,,,Anas Séfrioui,,Diagnostic électronique,0.6,2169.0,Module de contrôle (ECU),5.0,,
MB101499,2024-12-18,Casablanca,Mercedes-Benz Casablanca Anfa,Entretien,GLC,,,Anas Séfrioui,,Carrosserie / peinture,9.9,7858.0,"Pare-chocs, peinture",5.0,,
MB102209,2024-03-28,Rabat,Mercedes-Benz Rabat Aviation,Entretien,GLE,,,Yassine Rguibi,,Vidange & entretien courant,0.7,1443.0,"Huile moteur, filtres",4.0,,
MB103064,2024-10-17,Fès,Mercedes-Benz Fès Saïss,Entretien,GLC,,,Anas Séfrioui,,Climatisation,1.3,2017.0,"Compresseur, gaz réfrigérant",5.0,,
MB100994,2024-09-11,Marrakech,Mercedes-Benz Marrakech Menara,Vente,GLC,Neuf,Karim Idrissi,,615142.0,,,,,4.0,9.0,2.0
MB102098,2024-05-14,Casablanca,Mercedes-Benz Casablanca Anfa,Entretien,Vito,,,Anas Séfrioui,,Freins,1.0,2673.0,"Plaquettes, disques de frein",4.0,,
MB100429,2024-03-25,Casablanca,Mercedes-Benz Casablanca Anfa,Vente,GLA,Occasion,Omar Fassi,,354453.0,,,,,5.0,6.0,31.0
MB102745,2024-05-24,Agadir,Mercedes-Benz Agadir Founty,Entretien,GLA,,,Adil Bouazza,,Diagnostic électronique,1.6,801.0,Module de contrôle (ECU),5.0,,
MB101730,2024-11-15,Rabat,Mercedes-Benz Rabat Aviation,Entretien,GLA,,,Mehdi Lahlou,,Système électrique,5.1,2522.0,"Batterie, faisceau électrique",4.0,,
MB102742,2024-11-28,Casablanca,Mercedes-Benz Casablanca Anfa,Entretien,GLE,,,Zineb Amrani,,Suspension,2.8,4429.0,"Amortisseurs, biellettes",4.0,,
MB102488,2024-09-17,Agadir,Mercedes-Benz Agadir Founty,Entretien,Vito,,,Mehdi Lahlou,,Pneumatiques,0.5,3781.0,"Pneus, valves",3.0,,
MB100371,2024-02-14,Rabat,Mercedes-Benz Rabat Aviation,Vente,GLA,Neuf,Imane Berrada,,506298.0,,,,,5.0,7.0,14.0
MB101003,2024-11-10,Marrakech,Mercedes-Benz Marrakech Menara,Vente,GLC,Neuf,Omar Fassi,,619125.0,,,,,5.0,11.0,20.0
MB102049,2024-11-13,Tanger,Mercedes-Benz Tanger Free Zone,Entretien,Vito,,,Adil Bouazza,,Injection / moteur,6.4,5824.0,"Injecteurs, capteurs moteur",4.0,,
MB101697,2024-05-14,Rabat,Mercedes-Benz Rabat Aviation,Entretien,Vito,,,Anas Séfrioui,,Freins,3.1,3765.0,"Plaquettes, disques de frein",5.0,,
MB100946,2024-04-04,Tanger,Mercedes-Benz Tanger Free Zone,Vente,Classe C,Occasion,Hicham Kabbaj,,403751.0,,,,,4.0,14.0,40.0
MB102283,2024-07-05,Rabat,Mercedes-Benz Rabat Aviation,Entretien,Classe A,,,Zineb Amrani,,Diagnostic électronique,1.4,574.0,Module de contrôle (ECU),4.0,,
MB101382,2024-08-16,Tanger,Mercedes-Benz Tanger Free Zone,Vente,Sprinter,Occasion,Salma Tazi,,427091.0,,,,,3.0,0.0,30.0
MB102792,2024-11-24,Casablanca,Mercedes-Benz Casablanca Anfa,Entretien,Sprinter,,,Adil Bouazza,,Diagnostic électronique,0.9,998.0,Module de contrôle (ECU),3.0,,
MB100048,2024-03-08,Casablanca,Mercedes-Benz Casablanca Anfa,Vente,Classe C,Occasion,Leila Ouazzani,,394412.0,,,,,5.0,8.0,39.0
MB101642,2024-06-03,Agadir,Mercedes-Benz Agadir Founty,Entretien,GLA,,,Zineb Amrani,,Carrosserie / peinture,9.2,8978.0,"Pare-chocs, peinture",5.0,,
MB100791,2024-12-04,Casablanca,Mercedes-Benz Casablanca Anfa,Vente,GLC,Occasion,Salma Tazi,,516193.0,,,,,,8.0,46.0
MB101502,2024-03-24,Agadir,Mercedes-Benz Agadir Founty,Entretien,GLA,,,Adil Bouazza,,Boîte de vitesses,7.0,8896.0,"Kit embrayage, huile de boîte",3.0,,
MB100059,2024-04-28,Casablanca,Mercedes-Benz Casablanca Anfa,Vente,GLA,Neuf,Rachid Alaoui,,479323.0,,,,,3.0,8.0,52.0
MB100073,2024-01-27,Marrakech,Mercedes-Benz Marrakech Menara,Vente,Classe E,Neuf,Imane Berrada,,737524.0,,,,,4.0,0.0,36.0
MB102306,2024-03-07,Agadir,Mercedes-Benz Agadir Founty,Entretien,Classe C,,,Anas Séfrioui,,Climatisation,2.3,2431.0,"Compresseur, gaz réfrigérant",2.0,,
MB102663,2024-12-21,Casablanca,Mercedes-Benz Casablanca Anfa,Entretien,GLA,,,Yassine Rguibi,,Freins,2.7,2446.0,"Plaquettes, disques de frein",4.0,,
MB100786,2024-06-25,Casablanca,Mercedes-Benz Casablanca Anfa,Vente,GLC,Neuf,Leila Ouazzani,,622331.0,,,,,5.0,16.0,44.0
MB101651,2024-07-14,Casablanca,Mercedes-Benz Casablanca Anfa,Entretien,Classe S,,,Mehdi Lahlou,,Climatisation,1.3,2716.0,"Compresseur, gaz réfrigérant",4.0,,
MB101749,2024-10-01,Tanger,Mercedes-Benz Tanger Free Zone,Entretien,Classe E,,,Fatima Zahra Kettani,,Suspension,3.3,2361.0,"Amortisseurs, biellettes",2.0,,
MB102971,2024-12-10,Rabat,Mercedes-Benz Rabat Aviation,Entretien,GLE,,,Adil Bouazza,,Vidange & entretien courant,1.9,150.0,"Huile moteur, filtres",3.0,,
MB100336,2024-08-18,Rabat,Mercedes-Benz Rabat Aviation,Vente,GLC,Neuf,Karim Idrissi,,718418.0,,,,,4.0,10.0,1.0
MB101606,2024-07-08,Agadir,Mercedes-Benz Agadir Founty,Entretien,GLC,,,Adil Bouazza,,Diagnostic électronique,1.8,150.0,Module de contrôle (ECU),4.0,,
MB102686,2024-07-31,Marrakech,Mercedes-Benz Marrakech Menara,Entretien,GLE,,,Fatima Zahra Kettani,,Suspension,4.5,2508.0,"Amortisseurs, biellettes",4.0,,
MB100181,2024-03-16,Rabat,Mercedes-Benz Rabat Aviation,Vente,Classe E,Neuf,Sara Bennis,,673575.0,,,,,5.0,5.0,61.0
MB102628,2024-11-07,Agadir,Mercedes-Benz Agadir Founty,Entretien,Classe S,,,Fatima Zahra Kettani,,Pneumatiques,0.5,3175.0,"Pneus, valves",4.0,,
MB101451,2024-05-10,Casablanca,Mercedes-Benz Casablanca Anfa,Entretien,Classe E,,,Adil Bouazza,,Vidange & entretien courant,0.5,882.0,"Huile moteur, filtres",3.0,,
MB100121,2024-04-21,Agadir,Mercedes-Benz Agadir Founty,Vente,Classe S,Neuf,Rachid Alaoui,,1600822.0,,,,,4.0,12.0,15.0
MB101383,2024-05-02,Tanger,Mercedes-Benz Tanger Free Zone,Vente,Classe A,Neuf,Imane Berrada,,375342.0,,,,,4.0,12.0,8.0
MB101859,2024-03-28,Casablanca,Mercedes-Benz Casablanca Anfa,Entretien,Classe A,,,Anas Séfrioui,,Climatisation,4.2,4142.0,"Compresseur, gaz réfrigérant",4.0,,
MB102954,2024-07-18,Agadir,Mercedes-Benz Agadir Founty,Entretien,Classe A,,,Fatima Zahra Kettani,,Vidange & entretien courant,0.5,2098.0,"Huile moteur, filtres",4.0,,
MB100805,2024-05-01,Marrakech,Mercedes-Benz Marrakech Menara,Vente,GLC,Occasion,Youssef El Amrani,,487415.0,,,,,4.0,2.0,27.0
MB102767,2024-02-09,Casablanca,Mercedes-Benz Casablanca Anfa,Entretien,Vito,,,Mehdi Lahlou,,Diagnostic électronique,1.4,981.0,Module de contrôle (ECU),3.0,,
MB101590,2024-03-24,Agadir,Mercedes-Benz Agadir Founty,Entretien,GLA,,,Anas Séfrioui,,Carrosserie / peinture,10.0,6198.0,"Pare-chocs, peinture",4.0,,
MB102805,2024-06-16,Marrakech,Mercedes-Benz Marrakech Menara,Entretien,GLA,,,Anas Séfrioui,,Suspension,4.7,2774.0,"Amortisseurs, biellettes",2.0,,
MB101540,2024-11-03,Marrakech,Mercedes-Benz Marrakech Menara,Entretien,Classe E,,,Adil Bouazza,,Freins,0.5,2755.0,"Plaquettes, disques de frein",4.0,,
MB102695,2024-09-04,Casablanca,Mercedes-Benz Casablanca Anfa,Entretien,Classe S,,,Yassine Rguibi,,Vidange & entretien courant,0.6,941.0,"Huile moteur, filtres",3.0,,
MB100416,2024-07-03,Tanger,Mercedes-Benz Tanger Free Zone,Vente,Classe C,Occasion,Nadia Chraibi,,426136.0,,,,,5.0,11.0,58.0
MB101239,2024-05-11,Casablanca,Mercedes-Benz Casablanca Anfa,Vente,GLC,Occasion,Karim Idrissi,,486006.0,,,,,5.0,3.0,39.0
MB102102,2024-03-19,Tanger,Mercedes-Benz Tanger Free Zone,Entretien,GLE,,,Fatima Zahra Kettani,,Pneumatiques,0.5,4190.0,"Pneus, valves",4.0,,
MB102246,2024-04-06,Fès,Mercedes-Benz Fès Saïss,Entretien,GLC,,,Adil Bouazza,,Système électrique,2.9,1619.0,"Batterie, faisceau électrique",4.0,,
MB101422,2024-02-13,Fès,Mercedes-Benz Fès Saïss,Entretien,GLE,,,Anas Séfrioui,,Boîte de vitesses,6.6,10089.0,"Kit embrayage, huile de boîte",5.0,,
MB100689,2024-02-07,Agadir,Mercedes-Benz Agadir Founty,Vente,GLE,Occasion,Leila Ouazzani,,596743.0,,,,,4.0,7.0,62.0
MB101501,2024-02-14,Marrakech,Mercedes-Benz Marrakech Menara,Entretien,Classe C,,,Yassine Rguibi,,Boîte de vitesses,4.9,10630.0,"Kit embrayage, huile de boîte",3.0,,
MB102106,2024-09-11,Casablanca,Mercedes-Benz Casablanca Anfa,Entretien,GLC,,,Fatima Zahra Kettani,,Système électrique,4.0,2043.0,"Batterie, faisceau électrique",4.0,,
MB101216,2024-10-31,Tanger,Mercedes-Benz Tanger Free Zone,Vente,GLC,Neuf,Omar Fassi,,647024.0,,,,,4.0,14.0,39.0
MB100935,2024-11-06,Rabat,Mercedes-Benz Rabat Aviation,Vente,Classe A,Occasion,Salma Tazi,,258962.0,,,,,5.0,1.0,26.0
MB100974,2024-06-16,Fès,Mercedes-Benz Fès Saïss,Vente,Sprinter,Occasion,Sara Bennis,,408807.0,,,,,4.0,6.0,20.0
MB101354,2024-09-28,Casablanca,Mercedes-Benz Casablanca Anfa,Vente,Vito,Occasion,Karim Idrissi,,253141.0,,,,,5.0,11.0,24.0
MB100528,2024-07-28,Casablanca,Mercedes-Benz Casablanca Anfa,Vente,GLA,Neuf,Omar Fassi,,496562.0,,,,,5.0,16.0,11.0
MB102829,2024-10-21,Fès,Mercedes-Benz Fès Saïss,Entretien,Classe S,,,Anas Séfrioui,,Diagnostic électronique,1.0,150.0,Module de contrôle (ECU),4.0,,
MB101308,2024-02-11,Tanger,Mercedes-Benz Tanger Free Zone,Vente,GLC,Neuf,Karim Idrissi,,709424.0,,,,,5.0,11.0,51.0
MB100182,2024-07-30,Rabat,Mercedes-Benz Rabat Aviation,Vente,Classe E,Occasion,Karim Idrissi,,488209.0,,,,,5.0,10.0,19.0
MB100917,2024-05-11,Tanger,Mercedes-Benz Tanger Free Zone,Vente,Classe C,Neuf,Sara Bennis,,531647.0,,,,,4.0,12.0,46.0
MB101013,2024-02-04,Rabat,Mercedes-Benz Rabat Aviation,Vente,Classe C,Neuf,Karim Idrissi,,502560.0,,,,,4.0,11.0,48.0
MB100178,2024-09-04,Fès,Mercedes-Benz Fès Saïss,Vente,GLA,Occasion,Nadia Chraibi,,348328.0,,,,,4.0,12.0,3.0
MB100785,2024-03-26,Rabat,Mercedes-Benz Rabat Aviation,Vente,Classe A,Neuf,Karim Idrissi,,393617.0,,,,,4.0,7.0,10.0
MB101449,2024-04-06,Agadir,Mercedes-Benz Agadir Founty,Entretien,GLE,,,Fatima Zahra Kettani,,Boîte de vitesses,7.4,9559.0,"Kit embrayage, huile de boîte",4.0,,
MB100554,2024-07-26,Rabat,Mercedes-Benz Rabat Aviation,Vente,GLE,Occasion,Youssef El Amrani,,609013.0,,,,,4.0,13.0,4.0
MB103061,2024-06-09,Marrakech,Mercedes-Benz Marrakech Menara,Entretien,Classe S,,,Yassine Rguibi,,Injection / moteur,4.1,7740.0,"Injecteurs, capteurs moteur",3.0,,
MB102960,2024-08-02,Tanger,Mercedes-Benz Tanger Free Zone,Entretien,GLE,,,Zineb Amrani,,Vidange & entretien courant,1.7,1799.0,"Huile moteur, filtres",5.0,,
MB102048,2024-09-17,Fès,Mercedes-Benz Fès Saïss,Entretien,GLC,,,Mehdi Lahlou,,Climatisation,3.6,1862.0,"Compresseur, gaz réfrigérant",5.0,,
MB100286,2024-05-16,Marrakech,Mercedes-Benz Marrakech Menara,Vente,GLA,Neuf,Rachid Alaoui,,495341.0,,,,,4.0,5.0,59.0
MB102873,2024-03-11,Agadir,Mercedes-Benz Agadir Founty,Entretien,Sprinter,,,Zineb Amrani,,Système électrique,4.9,3053.0,"Batterie, faisceau électrique",3.0,,
MB102874,2024-03-26,Agadir,Mercedes-Benz Agadir Founty,Entretien,GLA,,,Yassine Rguibi,,Carrosserie / peinture,10.0,8296.0,"Pare-chocs, peinture",4.0,,
MB102160,2024-09-26,Marrakech,Mercedes-Benz Marrakech Menara,Entretien,Vito,,,Yassine Rguibi,,Climatisation,2.9,1504.0,"Compresseur, gaz réfrigérant",4.0,,
MB101762,2024-02-17,Rabat,Mercedes-Benz Rabat Aviation,Entretien,GLC,,,Anas Séfrioui,,Boîte de vitesses,6.4,8786.0,"Kit embrayage, huile de boîte",3.0,,
MB101553,2024-07-17,Agadir,Mercedes-Benz Agadir Founty,Entretien,Classe E,,,Adil Bouazza,,Suspension,4.1,3853.0,"Amortisseurs, biellettes",4.0,,
MB102040,2024-03-15,Agadir,Mercedes-Benz Agadir Founty,Entretien,Classe A,,,Adil Bouazza,,Injection / moteur,4.9,5384.0,"Injecteurs, capteurs moteur",4.0,,
MB100752,2024-12-15,Agadir,Mercedes-Benz Agadir Founty,Vente,Classe S,Neuf,Salma Tazi,,1582775.0,,,,,5.0,16.0,40.0
MB101871,2024-04-30,Fès,Mercedes-Benz Fès Saïss,Entretien,GLA,,,Adil Bouazza,,Boîte de vitesses,4.4,10461.0,"Kit embrayage, huile de boîte",5.0,,
MB102027,2024-06-27,Rabat,Mercedes-Benz Rabat Aviation,Entretien,GLA,,,Adil Bouazza,,Injection / moteur,6.7,6828.0,"Injecteurs, capteurs moteur",3.0,,
MB102609,2024-04-19,Fès,Mercedes-Benz Fès Saïss,Entretien,Classe E,,,Anas Séfrioui,,Boîte de vitesses,8.5,9225.0,"Kit embrayage, huile de boîte",4.0,,
MB101027,2024-02-27,Casablanca,Mercedes-Benz Casablanca Anfa,Vente,GLC,Occasion,Rachid Alaoui,,506202.0,,,,,3.0,7.0,19.0
MB101724,2024-03-21,Marrakech,Mercedes-Benz Marrakech Menara,Entretien,Classe A,,,Zineb Amrani,,Système électrique,3.0,2094.0,"Batterie, faisceau électrique",3.0,,
MB102439,2024-11-18,Fès,Mercedes-Benz Fès Saïss,Entretien,GLE,,,Anas Séfrioui,,Freins,1.6,881.0,"Plaquettes, disques de frein",3.0,,
MB102115,2024-09-18,Casablanca,Mercedes-Benz Casablanca Anfa,Entretien,GLA,,,Mehdi Lahlou,,Boîte de vitesses,5.8,8472.0,"Kit embrayage, huile de boîte",4.0,,
MB101738,2024-11-16,Casablanca,Mercedes-Benz Casablanca Anfa,Entretien,GLC,,,Yassine Rguibi,,Carrosserie / peinture,7.9,8210.0,"Pare-chocs, peinture",4.0,,
MB101453,2024-12-02,Agadir,Mercedes-Benz Agadir Founty,Entretien,Classe A,,,Mehdi Lahlou,,Diagnostic électronique,0.5,360.0,Module de contrôle (ECU),5.0,,
MB102001,2024-08-19,Marrakech,Mercedes-Benz Marrakech Menara,Entretien,Classe E,,,Adil Bouazza,,Climatisation,2.7,3831.0,"Compresseur, gaz réfrigérant",4.0,,
MB101326,2024-06-23,Casablanca,Mercedes-Benz Casablanca Anfa,Vente,Classe S,Occasion,Rachid Alaoui,,1126424.0,,,,,3.0,9.0,38.0
MB103019,2024-01-21,Tanger,Mercedes-Benz Tanger Free Zone,Entretien,GLE,,,Adil Bouazza,,Freins,2.5,3112.0,"Plaquettes, disques de frein",5.0,,
MB101040,2024-04-11,Marrakech,Mercedes-Benz Marrakech Menara,Vente,Classe E,Neuf,Salma Tazi,,816490.0,,,,,4.0,14.0,24.0
MB102717,2024-11-01,Tanger,Mercedes-Benz Tanger Free Zone,Entretien,Classe A,,,Anas Séfrioui,,Diagnostic électronique,0.9,1748.0,Module de contrôle (ECU),4.0,,
MB101115,2024-10-07,Tanger,Mercedes-Benz Tanger Free Zone,Vente,Classe C,Neuf,Sara Bennis,,610312.0,,,,,4.0,6.0,43.0
MB101302,2024-07-21,Casablanca,Mercedes-Benz Casablanca Anfa,Vente,GLA,Neuf,Sara Bennis,,461255.0,,,,,5.0,9.0,14.0
MB100276,2024-04-08,Tanger,Mercedes-Benz Tanger Free Zone,Vente,Classe C,Occasion,Nadia Chraibi,,357287.0,,,,,4.0,0.0,51.0
MB101782,2024-08-27,Tanger,Mercedes-Benz Tanger Free Zone,Entretien,Sprinter,,,Adil Bouazza,,Injection / moteur,6.2,5597.0,"Injecteurs, capteurs moteur",5.0,,
MB101045,2024-08-29,Agadir,Mercedes-Benz Agadir Founty,Vente,GLC,Neuf,Youssef El Amrani,,697940.0,,,,,3.0,14.0,36.0
MB103052,2024-12-09,Rabat,Mercedes-Benz Rabat Aviation,Entretien,Classe E,,,Mehdi Lahlou,,Diagnostic électronique,1.8,379.0,Module de contrôle (ECU),5.0,,
MB102396,2024-04-30,Casablanca,Mercedes-Benz Casablanca Anfa,Entretien,GLE,,,Anas Séfrioui,,Boîte de vitesses,6.0,10351.0,"Kit embrayage, huile de boîte",3.0,,
MB101366,2024-05-03,Tanger,Mercedes-Benz Tanger Free Zone,Vente,GLA,Neuf,Rachid Alaoui,,429848.0,,,,,4.0,9.0,22.0
MB101037,2024-11-17,Marrakech,Mercedes-Benz Marrakech Menara,Vente,GLA,Occasion,Omar Fassi,,302706.0,,,,,5.0,9.0,18.0
MB102455,2024-03-06,Marrakech,Mercedes-Benz Marrakech Menara,Entretien,Classe C,,,Mehdi Lahlou,,Boîte de vitesses,7.4,9160.0,"Kit embrayage, huile de boîte",4.0,,
MB101121,2024-03-03,Rabat,Mercedes-Benz Rabat Aviation,Vente,Classe C,Neuf,Youssef El Amrani,,485624.0,,,,,3.0,9.0,37.0
MB100686,2024-03-13,Casablanca,Mercedes-Benz Casablanca Anfa,Vente,Sprinter,Occasion,Rachid Alaoui,,421733.0,,,,,5.0,4.0,29.0
MB100237,2024-01-21,Fès,Mercedes-Benz Fès Saïss,Vente,Classe E,Neuf,Leila Ouazzani,,823562.0,,,,,3.0,13.0,57.0
MB102773,2024-05-09,Rabat,Mercedes-Benz Rabat Aviation,Entretien,Classe S,,,Fatima Zahra Kettani,,Freins,2.0,4369.0,"Plaquettes, disques de frein",4.0,,
MB100926,2024-10-26,Marrakech,Mercedes-Benz Marrakech Menara,Vente,GLE,Neuf,Salma Tazi,,802304.0,,,,,5.0,3.0,7.0
MB101046,2024-12-12,Casablanca,Mercedes-Benz Casablanca Anfa,Vente,GLA,Neuf,Karim Idrissi,,491991.0,,,,,3.0,6.0,1.0
MB101388,2024-02-24,Marrakech,Mercedes-Benz Marrakech Menara,Vente,Classe A,Neuf,Sara Bennis,,365655.0,,,,,5.0,6.0,36.0
MB102520,2024-05-22,Tanger,Mercedes-Benz Tanger Free Zone,Entretien,Classe E,,,Anas Séfrioui,,Pneumatiques,2.1,4502.0,"Pneus, valves",3.0,,
MB101929,2024-07-16,Rabat,Mercedes-Benz Rabat Aviation,Entretien,Vito,,,Zineb Amrani,,Climatisation,1.3,2573.0,"Compresseur, gaz réfrigérant",3.0,,
MB100617,2024-05-20,Agadir,Mercedes-Benz Agadir Founty,Vente,Classe C,Neuf,Rachid Alaoui,,483238.0,,,,,4.0,10.0,47.0
MB100222,2024-01-05,Rabat,Mercedes-Benz Rabat Aviation,Vente,Classe A,Neuf,Imane Berrada,,348123.0,,,,,5.0,5.0,30.0
MB102599,2024-05-22,Rabat,Mercedes-Benz Rabat Aviation,Entretien,GLE,,,Fatima Zahra Kettani,,Vidange & entretien courant,1.7,1784.0,"Huile moteur, filtres",5.0,,
MB101029,2024-02-22,Fès,Mercedes-Benz Fès Saïss,Vente,Classe A,Neuf,Nadia Chraibi,,416538.0,,,,,4.0,7.0,25.0
MB102124,2024-10-27,Fès,Mercedes-Benz Fès Saïss,Entretien,GLE,,,Zineb Amrani,,Climatisation,3.6,1051.0,"Compresseur, gaz réfrigérant",4.0,,
MB102094,2024-11-25,Tanger,Mercedes-Benz Tanger Free Zone,Entretien,Classe E,,,Mehdi Lahlou,,Vidange & entretien courant,1.9,489.0,"Huile moteur, filtres",4.0,,
MB101381,2024-04-19,Agadir,Mercedes-Benz Agadir Founty,Vente,GLC,Neuf,Leila Ouazzani,,622969.0,,,,,4.0,4.0,57.0
MB100633,2024-07-19,Fès,Mercedes-Benz Fès Saïss,Vente,Sprinter,Neuf,Omar Fassi,,542374.0,,,,,3.0,14.0,55.0
MB100701,2024-05-19,Casablanca,Mercedes-Benz Casablanca Anfa,Vente,Sprinter,Occasion,Imane Berrada,,342349.0,,,,,3.0,6.0,1.0
MB100138,2024-12-27,Agadir,Mercedes-Benz Agadir Founty,Vente,GLA,Neuf,Youssef El Amrani,,433684.0,,,,,5.0,6.0,20.0
MB102665,2024-11-01,Marrakech,Mercedes-Benz Marrakech Menara,Entretien,Vito,,,Mehdi Lahlou,,Diagnostic électronique,1.3,150.0,Module de contrôle (ECU),5.0,,
MB101931,2024-10-16,Fès,Mercedes-Benz Fès Saïss,Entretien,GLA,,,Yassine Rguibi,,Système électrique,4.8,1907.0,"Batterie, faisceau électrique",4.0,,
MB102535,2024-07-06,Casablanca,Mercedes-Benz Casablanca Anfa,Entretien,GLC,,,Yassine Rguibi,,Climatisation,1.2,2413.0,"Compresseur, gaz réfrigérant",4.0,,
MB101504,2024-04-02,Fès,Mercedes-Benz Fès Saïss,Entretien,Sprinter,,,Fatima Zahra Kettani,,Diagnostic électronique,0.8,2501.0,Module de contrôle (ECU),4.0,,
MB101154,2024-08-25,Agadir,Mercedes-Benz Agadir Founty,Vente,GLC,Neuf,Leila Ouazzani,,585911.0,,,,,4.0,4.0,25.0
MB102549,2024-09-19,Marrakech,Mercedes-Benz Marrakech Menara,Entretien,GLE,,,Anas Séfrioui,,Climatisation,2.1,2519.0,"Compresseur, gaz réfrigérant",5.0,,
MB102111,2024-03-21,Tanger,Mercedes-Benz Tanger Free Zone,Entretien,GLC,,,Adil Bouazza,,Carrosserie / peinture,8.7,6270.0,"Pare-chocs, peinture",3.0,,
MB100997,2024-04-10,Tanger,Mercedes-Benz Tanger Free Zone,Vente,Classe C,Occasion,Hicham Kabbaj,,372490.0,,,,,5.0,8.0,59.0
MB101534,2024-02-02,Tanger,Mercedes-Benz Tanger Free Zone,Entretien,Classe C,,,Mehdi Lahlou,,Injection / moteur,5.6,5881.0,"Injecteurs, capteurs moteur",5.0,,
MB101971,2024-01-27,Marrakech,Mercedes-Benz Marrakech Menara,Entretien,Vito,,,Zineb Amrani,,Système électrique,4.6,4922.0,"Batterie, faisceau électrique",4.0,,
MB101392,2024-09-25,Casablanca,Mercedes-Benz Casablanca Anfa,Vente,Classe C,Neuf,Rachid Alaoui,,589707.0,,,,,4.0,12.0,21.0
MB102564,2024-05-16,Marrakech,Mercedes-Benz Marrakech Menara,Entretien,Sprinter,,,Fatima Zahra Kettani,,Pneumatiques,0.5,4046.0,"Pneus, valves",4.0,,
MB101858,2024-12-02,Rabat,Mercedes-Benz Rabat Aviation,Entretien,GLC,,,Mehdi Lahlou,,Freins,0.6,4019.0,"Plaquettes, disques de frein",4.0,,
MB101748,2024-09-11,Agadir,Mercedes-Benz Agadir Founty,Entretien,GLA,,,Mehdi Lahlou,,Carrosserie / peinture,7.8,7778.0,"Pare-chocs, peinture",5.0,,
MB100608,2024-07-12,Tanger,Mercedes-Benz Tanger Free Zone,Vente,GLA,Neuf,Omar Fassi,,490745.0,,,,,3.0,4.0,27.0
MB100440,2024-06-04,Casablanca,Mercedes-Benz Casablanca Anfa,Vente,Classe C,Neuf,Hicham Kabbaj,,616751.0,,,,,4.0,1.0,37.0
MB101944,2024-08-30,Marrakech,Mercedes-Benz Marrakech Menara,Entretien,Classe E,,,Fatima Zahra Kettani,,Freins,1.8,2450.0,"Plaquettes, disques de frein",5.0,,
MB100095,2024-11-03,Tanger,Mercedes-Benz Tanger Free Zone,Vente,GLC,Neuf,Rachid Alaoui,,647191.0,,,,,4.0,7.0,59.0
MB102146,2024-02-05,Agadir,Mercedes-Benz Agadir Founty,Entretien,Classe C,,,Anas Séfrioui,,Boîte de vitesses,7.6,9853.0,"Kit embrayage, huile de boîte",4.0,,
MB101519,2024-11-22,Casablanca,Mercedes-Benz Casablanca Anfa,Entretien,Classe A,,,Zineb Amrani,,Suspension,3.7,3071.0,"Amortisseurs, biellettes",3.0,,
MB101274,2024-11-19,Agadir,Mercedes-Benz Agadir Founty,Vente,GLC,Occasion,Omar Fassi,,423974.0,,,,,5.0,8.0,34.0
MB102542,2024-11-28,Rabat,Mercedes-Benz Rabat Aviation,Entretien,Vito,,,Anas Séfrioui,,Climatisation,3.2,1858.0,"Compresseur, gaz réfrigérant",4.0,,
MB100269,2024-02-14,Marrakech,Mercedes-Benz Marrakech Menara,Vente,Sprinter,Neuf,Nadia Chraibi,,532097.0,,,,,4.0,11.0,44.0
MB100033,2024-08-03,Casablanca,Mercedes-Benz Casablanca Anfa,Vente,Classe E,Occasion,Karim Idrissi,,482558.0,,,,,4.0,7.0,58.0
MB100200,2024-02-08,Fès,Mercedes-Benz Fès Saïss,Vente,GLA,Occasion,Hicham Kabbaj,,354599.0,,,,,5.0,5.0,45.0
MB101717,2024-05-09,Tanger,Mercedes-Benz Tanger Free Zone,Entretien,GLA,,,Fatima Zahra Kettani,,Freins,2.9,920.0,"Plaquettes, disques de frein",4.0,,
MB100229,2024-11-26,Casablanca,Mercedes-Benz Casablanca Anfa,Vente,Classe E,Neuf,Omar Fassi,,709062.0,,,,,3.0,10.0,6.0
MB102495,2024-03-10,Fès,Mercedes-Benz Fès Saïss,Entretien,Classe C,,,Zineb Amrani,,Boîte de vitesses,7.0,9223.0,"Kit embrayage, huile de boîte",3.0,,
MB101722,2024-01-03,Marrakech,Mercedes-Benz Marrakech Menara,Entretien,Classe A,,,Adil Bouazza,,Pneumatiques,1.5,3775.0,"Pneus, valves",3.0,,
MB100303,2024-05-27,Rabat,Mercedes-Benz Rabat Aviation,Vente,GLA,Occasion,Youssef El Amrani,,356269.0,,,,,5.0,5.0,32.0
MB101662,2024-06-01,Agadir,Mercedes-Benz Agadir Founty,Entretien,GLC,,,Yassine Rguibi,,Injection / moteur,3.7,4683.0,"Injecteurs, capteurs moteur",4.0,,
MB102790,2024-03-05,Fès,Mercedes-Benz Fès Saïss,Entretien,Vito,,,Zineb Amrani,,Freins,3.1,2886.0,"Plaquettes, disques de frein",4.0,,
MB101408,2024-08-21,Marrakech,Mercedes-Benz Marrakech Menara,Entretien,GLC,,,Adil Bouazza,,Système électrique,5.5,2410.0,"Batterie, faisceau électrique",4.0,,
MB102753,2024-07-11,Marrakech,Mercedes-Benz Marrakech Menara,Entretien,Vito,,,Zineb Amrani,,Pneumatiques,1.1,3916.0,"Pneus, valves",3.0,,
MB100135,2024-04-08,Casablanca,Mercedes-Benz Casablanca Anfa,Vente,Sprinter,Neuf,Hicham Kabbaj,,451989.0,,,,,4.0,5.0,55.0
MB100552,2024-06-24,Rabat,Mercedes-Benz Rabat Aviation,Vente,GLA,Neuf,Nadia Chraibi,,505426.0,,,,,5.0,14.0,28.0
MB101978,2024-03-19,Casablanca,Mercedes-Benz Casablanca Anfa,Entretien,GLE,,,Mehdi Lahlou,,Boîte de vitesses,6.6,10655.0,"Kit embrayage, huile de boîte",4.0,,
MB100680,2024-04-03,Fès,Mercedes-Benz Fès Saïss,Vente,Classe E,Neuf,Hicham Kabbaj,,707778.0,,,,,5.0,2.0,19.0
MB101297,2024-11-17,Tanger,Mercedes-Benz Tanger Free Zone,Vente,Sprinter,Occasion,Leila Ouazzani,,343086.0,,,,,5.0,10.0,1.0
MB101031,2024-03-28,Fès,Mercedes-Benz Fès Saïss,Vente,GLE,Neuf,Hicham Kabbaj,,851837.0,,,,,3.0,9.0,1.0
MB102415,2024-08-25,Fès,Mercedes-Benz Fès Saïss,Entretien,Sprinter,,,Anas Séfrioui,,Carrosserie / peinture,8.9,6244.0,"Pare-chocs, peinture",4.0,,
MB101771,2024-06-29,Rabat,Mercedes-Benz Rabat Aviation,Entretien,Vito,,,Anas Séfrioui,,Pneumatiques,0.9,3245.0,"Pneus, valves",3.0,,
MB100481,2024-08-05,Casablanca,Mercedes-Benz Casablanca Anfa,Vente,GLC,Occasion,Rachid Alaoui,,447727.0,,,,,4.0,9.0,47.0
MB102484,2024-07-03,Rabat,Mercedes-Benz Rabat Aviation,Entretien,Vito,,,Adil Bouazza,,Injection / moteur,4.9,7414.0,"Injecteurs, capteurs moteur",3.0,,
MB100960,2024-04-16,Agadir,Mercedes-Benz Agadir Founty,Vente,GLE,Neuf,Nadia Chraibi,,829930.0,,,,,4.0,7.0,52.0
MB101866,2024-08-30,Marrakech,Mercedes-Benz Marrakech Menara,Entretien,Classe C,,,Yassine Rguibi,,Climatisation,1.7,2430.0,"Compresseur, gaz réfrigérant",4.0,,
MB103078,2024-08-13,Fès,Mercedes-Benz Fès Saïss,Entretien,Vito,,,Mehdi Lahlou,,Diagnostic électronique,1.9,428.0,Module de contrôle (ECU),5.0,,
MB102859,2024-06-12,Marrakech,Mercedes-Benz Marrakech Menara,Entretien,GLE,,,Yassine Rguibi,,Climatisation,1.4,2613.0,"Compresseur, gaz réfrigérant",5.0,,
MB101074,2024-03-03,Marrakech,Mercedes-Benz Marrakech Menara,Vente,Classe E,Neuf,Hicham Kabbaj,,683896.0,,,,,5.0,5.0,45.0
MB102999,2024-09-01,Rabat,Mercedes-Benz Rabat Aviation,Entretien,GLE,,,Mehdi Lahlou,,Suspension,1.3,1385.0,"Amortisseurs, biellettes",4.0,,
MB101728,2024-06-12,Fès,Mercedes-Benz Fès Saïss,Entretien,Vito,,,Anas Séfrioui,,Pneumatiques,1.4,4353.0,"Pneus, valves",3.0,,
MB100288,2024-12-26,Agadir,Mercedes-Benz Agadir Founty,Vente,GLA,Occasion,Youssef El Amrani,,311384.0,,,,,4.0,9.0,3.0
MB101536,2024-02-08,Marrakech,Mercedes-Benz Marrakech Menara,Entretien,GLA,,,Yassine Rguibi,,Freins,4.3,2219.0,"Plaquettes, disques de frein",5.0,,
MB100502,2024-10-26,Tanger,Mercedes-Benz Tanger Free Zone,Vente,GLC,Occasion,Karim Idrissi,,511588.0,,,,,4.0,9.0,53.0
MB100120,2024-04-05,Rabat,Mercedes-Benz Rabat Aviation,Vente,GLA,Neuf,Leila Ouazzani,,430038.0,,,,,5.0,11.0,26.0
MB100365,2024-03-05,Rabat,Mercedes-Benz Rabat Aviation,Vente,Classe C,Neuf,Omar Fassi,,509889.0,,,,,4.0,4.0,6.0
MB101436,2024-04-04,Rabat,Mercedes-Benz Rabat Aviation,Entretien,Classe S,,,Adil Bouazza,,Climatisation,2.2,2608.0,"Compresseur, gaz réfrigérant",4.0,,
MB103084,2024-07-30,Rabat,Mercedes-Benz Rabat Aviation,Entretien,Vito,,,Zineb Amrani,,Suspension,3.0,5163.0,"Amortisseurs, biellettes",5.0,,
MB100558,2024-07-19,Agadir,Mercedes-Benz Agadir Founty,Vente,GLE,Neuf,Sara Bennis,,876766.0,,,,,5.0,9.0,66.0
MB102886,2024-09-14,Rabat,Mercedes-Benz Rabat Aviation,Entretien,Classe A,,,Fatima Zahra Kettani,,Suspension,3.1,3845.0,"Amortisseurs, biellettes",3.0,,
MB100562,2024-10-29,Agadir,Mercedes-Benz Agadir Founty,Vente,GLA,Occasion,Omar Fassi,,310136.0,,,,,4.0,6.0,58.0
MB102150,2024-08-17,Fès,Mercedes-Benz Fès Saïss,Entretien,Vito,,,Mehdi Lahlou,,Climatisation,1.6,2237.0,"Compresseur, gaz réfrigérant",2.0,,
MB100509,2024-10-01,Rabat,Mercedes-Benz Rabat Aviation,Vente,Classe E,Occasion,Omar Fassi,,503464.0,,,,,3.0,11.0,25.0
MB103057,2024-03-12,Agadir,Mercedes-Benz Agadir Founty,Entretien,Classe C,,,Anas Séfrioui,,Carrosserie / peinture,8.1,7020.0,"Pare-chocs, peinture",5.0,,
MB102100,2024-05-05,Fès,Mercedes-Benz Fès Saïss,Entretien,GLC,,,Zineb Amrani,,Vidange & entretien courant,2.8,1446.0,"Huile moteur, filtres",5.0,,
MB101857,2024-08-02,Agadir,Mercedes-Benz Agadir Founty,Entretien,Classe S,,,Fatima Zahra Kettani,,Pneumatiques,1.1,4183.0,"Pneus, valves",4.0,,
MB100758,2024-12-14,Casablanca,Mercedes-Benz Casablanca Anfa,Vente,GLC,Neuf,Karim Idrissi,,680830.0,,,,,5.0,6.0,1.0
MB102358,2024-12-29,Marrakech,Mercedes-Benz Marrakech Menara,Entretien,Classe C,,,Yassine Rguibi,,Suspension,3.5,4631.0,"Amortisseurs, biellettes",5.0,,
MB101395,2024-03-11,Rabat,Mercedes-Benz Rabat Aviation,Vente,Vito,Neuf,Youssef El Amrani,,414015.0,,,,,4.0,7.0,49.0
MB102324,2024-09-12,Tanger,Mercedes-Benz Tanger Free Zone,Entretien,Classe A,,,Mehdi Lahlou,,Système électrique,5.0,2585.0,"Batterie, faisceau électrique",3.0,,
MB101072,2024-12-14,Marrakech,Mercedes-Benz Marrakech Menara,Vente,GLA,Occasion,Karim Idrissi,,302721.0,,,,,5.0,6.0,42.0
MB102174,2024-03-11,Tanger,Mercedes-Benz Tanger Free Zone,Entretien,Classe E,,,Zineb Amrani,,Diagnostic électronique,1.3,150.0,Module de contrôle (ECU),4.0,,
MB102888,2024-01-04,Casablanca,Mercedes-Benz Casablanca Anfa,Entretien,GLE,,,Anas Séfrioui,,Suspension,4.2,3255.0,"Amortisseurs, biellettes",5.0,,
MB100914,2024-11-18,Casablanca,Mercedes-Benz Casablanca Anfa,Vente,Classe C,Occasion,Leila Ouazzani,,361055.0,,,,,4.0,15.0,25.0
MB100574,2024-07-06,Rabat,Mercedes-Benz Rabat Aviation,Vente,Sprinter,Neuf,Salma Tazi,,463083.0,,,,,4.0,7.0,57.0
MB101686,2024-09-26,Casablanca,Mercedes-Benz Casablanca Anfa,Entretien,Classe E,,,Yassine Rguibi,,Carrosserie / peinture,6.2,7997.0,"Pare-chocs, peinture",5.0,,
MB101416,2024-04-26,Fès,Mercedes-Benz Fès Saïss,Entretien,Vito,,,Adil Bouazza,,Pneumatiques,1.9,2294.0,"Pneus, valves",4.0,,
MB100234,2024-01-24,Agadir,Mercedes-Benz Agadir Founty,Vente,Classe C,Neuf,Karim Idrissi,,543253.0,,,,,3.0,8.0,47.0
MB100903,2024-10-17,Agadir,Mercedes-Benz Agadir Founty,Vente,GLA,Neuf,Leila Ouazzani,,494713.0,,,,,5.0,5.0,70.0
MB100342,2024-03-05,Rabat,Mercedes-Benz Rabat Aviation,Vente,GLA,Occasion,Salma Tazi,,325044.0,,,,,3.0,10.0,68.0
MB101266,2024-04-26,Marrakech,Mercedes-Benz Marrakech Menara,Vente,GLA,Occasion,Rachid Alaoui,,372956.0,,,,,3.0,13.0,20.0
MB100083,2024-10-02,Casablanca,Mercedes-Benz Casablanca Anfa,Vente,Classe C,Neuf,Rachid Alaoui,,611491.0,,,,,4.0,8.0,50.0
MB102869,2024-09-28,Tanger,Mercedes-Benz Tanger Free Zone,Entretien,Classe C,,,Anas Séfrioui,,Système électrique,2.8,4508.0,"Batterie, faisceau électrique",3.0,,
MB100189,2024-10-17,Tanger,Mercedes-Benz Tanger Free Zone,Vente,Classe C,Neuf,Nadia Chraibi,,548815.0,,,,,5.0,16.0,16.0
MB101704,2024-08-11,Fès,Mercedes-Benz Fès Saïss,Entretien,Classe E,,,Fatima Zahra Kettani,,Système électrique,6.0,2647.0,"Batterie, faisceau électrique",5.0,,
MB102744,2024-11-28,Casablanca,Mercedes-Benz Casablanca Anfa,Entretien,GLE,,,Mehdi Lahlou,,Système électrique,3.3,3241.0,"Batterie, faisceau électrique",3.0,,
MB100550,2024-01-26,Tanger,Mercedes-Benz Tanger Free Zone,Vente,GLA,Neuf,Salma Tazi,,434720.0,,,,,4.0,16.0,53.0
MB100907,2024-12-01,Tanger,Mercedes-Benz Tanger Free Zone,Vente,Vito,Neuf,Rachid Alaoui,,395548.0,,,,,4.0,9.0,44.0
MB101989,2024-09-01,Fès,Mercedes-Benz Fès Saïss,Entretien,Sprinter,,,Zineb Amrani,,Pneumatiques,2.4,3686.0,"Pneus, valves",5.0,,
MB102966,2024-09-24,Agadir,Mercedes-Benz Agadir Founty,Entretien,Vito,,,Fatima Zahra Kettani,,Boîte de vitesses,5.6,8958.0,"Kit embrayage, huile de boîte",3.0,,
MB102732,2024-06-09,Fès,Mercedes-Benz Fès Saïss,Entretien,Classe E,,,Anas Séfrioui,,Carrosserie / peinture,7.7,5776.0,"Pare-chocs, peinture",5.0,,
MB101225,2024-05-18,Fès,Mercedes-Benz Fès Saïss,Vente,Classe C,Occasion,Nadia Chraibi,,383582.0,,,,,5.0,10.0,15.0
MB100544,2024-01-25,Tanger,Mercedes-Benz Tanger Free Zone,Vente,GLC,Neuf,Nadia Chraibi,,627879.0,,,,,4.0,3.0,35.0
MB100478,2024-07-16,Rabat,Mercedes-Benz Rabat Aviation,Vente,Classe A,Neuf,Imane Berrada,,357038.0,,,,,3.0,7.0,74.0
MB101894,2024-01-19,Agadir,Mercedes-Benz Agadir Founty,Entretien,GLA,,,Mehdi Lahlou,,Pneumatiques,0.5,2276.0,"Pneus, valves",4.0,,
MB100919,2024-02-27,Marrakech,Mercedes-Benz Marrakech Menara,Vente,Classe A,Neuf,Hicham Kabbaj,,418970.0,,,,,4.0,2.0,35.0
MB101731,2024-01-12,Marrakech,Mercedes-Benz Marrakech Menara,Entretien,Classe C,,,Yassine Rguibi,,Injection / moteur,5.5,6178.0,"Injecteurs, capteurs moteur",4.0,,
MB101562,2024-12-21,Casablanca,Mercedes-Benz Casablanca Anfa,Entretien,GLA,,,Yassine Rguibi,,Freins,1.2,1715.0,"Plaquettes, disques de frein",,,
MB100398,2024-09-14,Rabat,Mercedes-Benz Rabat Aviation,Vente,Classe A,Neuf,Karim Idrissi,,395168.0,,,,,5.0,9.0,30.0
MB101039,2024-05-20,Tanger,Mercedes-Benz Tanger Free Zone,Vente,GLE,Occasion,Omar Fassi,,703364.0,,,,,4.0,8.0,30.0
MB100655,2024-12-11,Agadir,Mercedes-Benz Agadir Founty,Vente,Vito,Occasion,Rachid Alaoui,,318282.0,,,,,5.0,7.0,49.0
MB101820,2024-04-11,Rabat,Mercedes-Benz Rabat Aviation,Entretien,Classe A,,,Zineb Amrani,,Climatisation,5.3,2402.0,"Compresseur, gaz réfrigérant",5.0,,
MB101987,2024-07-29,Fès,Mercedes-Benz Fès Saïss,Entretien,Classe A,,,Anas Séfrioui,,Vidange & entretien courant,1.4,1310.0,"Huile moteur, filtres",4.0,,
MB103091,2024-11-27,Tanger,Mercedes-Benz Tanger Free Zone,Entretien,Classe A,,,Mehdi Lahlou,,Carrosserie / peinture,6.5,6691.0,"Pare-chocs, peinture",4.0,,
MB101602,2024-07-20,Casablanca,Mercedes-Benz Casablanca Anfa,Entretien,GLA,,,Zineb Amrani,,Pneumatiques,2.6,3826.0,"Pneus, valves",3.0,,
MB100251,2024-11-04,Marrakech,Mercedes-Benz Marrakech Menara,Vente,Classe A,Occasion,Nadia Chraibi,,265267.0,,,,,5.0,13.0,35.0
MB102661,2024-11-08,Rabat,Mercedes-Benz Rabat Aviation,Entretien,GLC,,,Anas Séfrioui,,Climatisation,3.3,406.0,"Compresseur, gaz réfrigérant",3.0,,
MB102385,2024-03-22,Marrakech,Mercedes-Benz Marrakech Menara,Entretien,Classe A,,,Yassine Rguibi,,Diagnostic électronique,1.5,2900.0,Module de contrôle (ECU),3.0,,
MB100814,2024-07-07,Casablanca,Mercedes-Benz Casablanca Anfa,Vente,Classe E,Occasion,Karim Idrissi,,541395.0,,,,,4.0,7.0,57.0
MB100281,2024-11-18,Casablanca,Mercedes-Benz Casablanca Anfa,Vente,Vito,Occasion,Salma Tazi,,291758.0,,,,,4.0,3.0,72.0
MB100958,2024-10-22,Tanger,Mercedes-Benz Tanger Free Zone,Vente,GLE,Neuf,Sara Bennis,,869326.0,,,,,4.0,5.0,12.0
MB101127,2024-01-19,Agadir,Mercedes-Benz Agadir Founty,Vente,Classe A,Neuf,Salma Tazi,,385431.0,,,,,4.0,10.0,47.0
MB101674,2024-06-02,Marrakech,Mercedes-Benz Marrakech Menara,Entretien,Vito,,,Zineb Amrani,,Vidange & entretien courant,1.8,1139.0,"Huile moteur, filtres",5.0,,
MB101864,2024-06-18,Marrakech,Mercedes-Benz Marrakech Menara,Entretien,Classe E,,,Mehdi Lahlou,,Suspension,2.2,2305.0,"Amortisseurs, biellettes",3.0,,
MB100894,2024-04-03,Casablanca,Mercedes-Benz Casablanca Anfa,Vente,GLC,Neuf,Imane Berrada,,635291.0,,,,,5.0,12.0,39.0
MB102804,2024-05-20,Rabat,Mercedes-Benz Rabat Aviation,Entretien,Sprinter,,,Fatima Zahra Kettani,,Climatisation,2.4,3160.0,"Compresseur, gaz réfrigérant",5.0,,
MB100867,2024-07-23,Agadir,Mercedes-Benz Agadir Founty,Vente,Classe A,Occasion,Imane Berrada,,300406.0,,,,,4.0,10.0,55.0
MB100675,2024-08-13,Agadir,Mercedes-Benz Agadir Founty,Vente,Classe A,Occasion,Hicham Kabbaj,,261931.0,,,,,5.0,6.0,59.0
MB100469,2024-04-03,Marrakech,Mercedes-Benz Marrakech Menara,Vente,Classe C,Neuf,Imane Berrada,,502556.0,,,,,4.0,10.0,18.0
MB101300,2024-05-19,Marrakech,Mercedes-Benz Marrakech Menara,Vente,Classe E,Neuf,Salma Tazi,,689342.0,,,,,5.0,4.0,6.0
MB100588,2024-08-24,Marrakech,Mercedes-Benz Marrakech Menara,Vente,Classe A,Neuf,Youssef El Amrani,,341310.0,,,,,4.0,8.0,30.0
MB100430,2024-03-27,Rabat,Mercedes-Benz Rabat Aviation,Vente,Classe A,Neuf,Salma Tazi,,346021.0,,,,,4.0,16.0,29.0
MB100486,2024-08-31,Rabat,Mercedes-Benz Rabat Aviation,Vente,Classe C,Neuf,Youssef El Amrani,,521855.0,,,,,4.0,5.0,29.0
MB101773,2024-02-08,Marrakech,Mercedes-Benz Marrakech Menara,Entretien,GLE,,,Yassine Rguibi,,Climatisation,1.1,2997.0,"Compresseur, gaz réfrigérant",2.0,,
MB101863,2024-05-10,Casablanca,Mercedes-Benz Casablanca Anfa,Entretien,Sprinter,,,Anas Séfrioui,,Carrosserie / peinture,7.2,8896.0,"Pare-chocs, peinture",4.0,,
MB100556,2024-03-05,Rabat,Mercedes-Benz Rabat Aviation,Vente,GLC,Neuf,Youssef El Amrani,,649115.0,,,,,5.0,3.0,12.0
MB100187,2024-10-21,Fès,Mercedes-Benz Fès Saïss,Vente,GLC,Occasion,Karim Idrissi,,512096.0,,,,,4.0,12.0,66.0
MB100167,2024-10-07,Fès,Mercedes-Benz Fès Saïss,Vente,GLA,Neuf,Sara Bennis,,513920.0,,,,,4.0,10.0,47.0
MB102335,2024-10-11,Tanger,Mercedes-Benz Tanger Free Zone,Entretien,Classe A,,,Anas Séfrioui,,Injection / moteur,3.9,4169.0,"Injecteurs, capteurs moteur",4.0,,
MB101235,2024-06-07,Tanger,Mercedes-Benz Tanger Free Zone,Vente,Classe A,Neuf,Omar Fassi,,367398.0,,,,,4.0,2.0,60.0
MB100477,2024-05-14,Tanger,Mercedes-Benz Tanger Free Zone,Vente,Classe A,Neuf,Sara Bennis,,365173.0,,,,,3.0,10.0,46.0
MB101329,2024-07-28,Agadir,Mercedes-Benz Agadir Founty,Vente,Classe S,Occasion,Rachid Alaoui,,1145644.0,,,,,4.0,5.0,27.0
MB100937,2024-03-10,Marrakech,Mercedes-Benz Marrakech Menara,Vente,GLC,Occasion,Nadia Chraibi,,489284.0,,,,,4.0,3.0,25.0
MB101935,2024-06-17,Tanger,Mercedes-Benz Tanger Free Zone,Entretien,GLE,,,Zineb Amrani,,Boîte de vitesses,7.9,10838.0,"Kit embrayage, huile de boîte",4.0,,
MB100057,2024-10-05,Casablanca,Mercedes-Benz Casablanca Anfa,Vente,GLC,Neuf,Youssef El Amrani,,713336.0,,,,,4.0,2.0,27.0
MB100209,2024-08-12,Fès,Mercedes-Benz Fès Saïss,Vente,GLE,Neuf,Omar Fassi,,832764.0,,,,,3.0,9.0,65.0
MB102702,2024-07-17,Agadir,Mercedes-Benz Agadir Founty,Entretien,Classe C,,,Fatima Zahra Kettani,,Boîte de vitesses,8.0,9708.0,"Kit embrayage, huile de boîte",5.0,,
MB101345,2024-05-24,Fès,Mercedes-Benz Fès Saïss,Vente,Classe A,Neuf,Youssef El Amrani,,405407.0,,,,,5.0,10.0,14.0
MB101129,2024-12-09,Casablanca,Mercedes-Benz Casablanca Anfa,Vente,GLE,Neuf,Salma Tazi,,868139.0,,,,,5.0,0.0,43.0
MB101703,2024-06-11,Marrakech,Mercedes-Benz Marrakech Menara,Entretien,GLC,,,Anas Séfrioui,,Freins,1.9,3728.0,"Plaquettes, disques de frein",3.0,,
MB101609,2024-05-20,Marrakech,Mercedes-Benz Marrakech Menara,Entretien,Classe C,,,Zineb Amrani,,Boîte de vitesses,5.6,9421.0,"Kit embrayage, huile de boîte",5.0,,
MB100426,2024-03-29,Fès,Mercedes-Benz Fès Saïss,Vente,GLA,Occasion,Nadia Chraibi,,321752.0,,,,,4.0,9.0,41.0
MB102079,2024-01-20,Casablanca,Mercedes-Benz Casablanca Anfa,Entretien,Classe A,,,Mehdi Lahlou,,Climatisation,1.9,2205.0,"Compresseur, gaz réfrigérant",5.0,,
MB101671,2024-06-12,Fès,Mercedes-Benz Fès Saïss,Entretien,GLC,,,Fatima Zahra Kettani,,Injection / moteur,4.6,8075.0,"Injecteurs, capteurs moteur",4.0,,
MB100242,2024-07-30,Marrakech,Mercedes-Benz Marrakech Menara,Vente,Classe E,Occasion,Karim Idrissi,,517170.0,,,,,4.0,12.0,13.0
MB101001,2024-03-28,Tanger,Mercedes-Benz Tanger Free Zone,Vente,GLA,Neuf,Hicham Kabbaj,,462097.0,,,,,5.0,10.0,40.0
MB100837,2024-12-01,Rabat,Mercedes-Benz Rabat Aviation,Vente,GLE,Neuf,Youssef El Amrani,,951536.0,,,,,4.0,9.0,22.0
MB101682,2024-08-07,Casablanca,Mercedes-Benz Casablanca Anfa,Entretien,GLA,,,Yassine Rguibi,,Système électrique,4.8,2571.0,"Batterie, faisceau électrique",3.0,,
MB100570,2024-03-23,Marrakech,Mercedes-Benz Marrakech Menara,Vente,GLC,Neuf,Salma Tazi,,671539.0,,,,,4.0,10.0,13.0
MB101353,2024-05-27,Fès,Mercedes-Benz Fès Saïss,Vente,GLC,Occasion,Rachid Alaoui,,413410.0,,,,,4.0,8.0,20.0
MB102134,2024-04-15,Tanger,Mercedes-Benz Tanger Free Zone,Entretien,Sprinter,,,Mehdi Lahlou,,Injection / moteur,5.0,5991.0,"Injecteurs, capteurs moteur",4.0,,
MB100855,2024-01-10,Tanger,Mercedes-Benz Tanger Free Zone,Vente,Sprinter,Neuf,Leila Ouazzani,,518122.0,,,,,3.0,16.0,21.0
MB101012,2024-08-02,Rabat,Mercedes-Benz Rabat Aviation,Vente,GLC,Neuf,Karim Idrissi,,573246.0,,,,,5.0,1.0,48.0
MB102976,2024-07-03,Tanger,Mercedes-Benz Tanger Free Zone,Entretien,GLC,,,Adil Bouazza,,Injection / moteur,4.2,6327.0,"Injecteurs, capteurs moteur",3.0,,
MB102614,2024-07-09,Rabat,Mercedes-Benz Rabat Aviation,Entretien,GLE,,,Zineb Amrani,,Diagnostic électronique,3.8,431.0,Module de contrôle (ECU),5.0,,
MB101952,2024-03-20,Fès,Mercedes-Benz Fès Saïss,Entretien,Classe S,,,Yassine Rguibi,,Freins,1.8,3382.0,"Plaquettes, disques de frein",5.0,,
MB102375,2024-09-24,Rabat,Mercedes-Benz Rabat Aviation,Entretien,GLA,,,Yassine Rguibi,,Système électrique,3.4,3106.0,"Batterie, faisceau électrique",4.0,,
MB100803,2024-07-29,Fès,Mercedes-Benz Fès Saïss,Vente,GLC,Occasion,Rachid Alaoui,,448753.0,,,,,5.0,2.0,60.0
MB102881,2024-11-15,Fès,Mercedes-Benz Fès Saïss,Entretien,Classe E,,,Fatima Zahra Kettani,,Carrosserie / peinture,5.7,8101.0,"Pare-chocs, peinture",4.0,,
MB101669,2024-11-16,Rabat,Mercedes-Benz Rabat Aviation,Entretien,Classe S,,,Yassine Rguibi,,Carrosserie / peinture,8.8,6750.0,"Pare-chocs, peinture",3.0,,
MB102512,2024-05-04,Tanger,Mercedes-Benz Tanger Free Zone,Entretien,Classe A,,,Fatima Zahra Kettani,,Climatisation,3.0,1980.0,"Compresseur, gaz réfrigérant",5.0,,
MB102818,2024-08-18,Agadir,Mercedes-Benz Agadir Founty,Entretien,Classe A,,,Yassine Rguibi,,Vidange & entretien courant,0.9,1716.0,"Huile moteur, filtres",4.0,,
MB102741,2024-03-11,Casablanca,Mercedes-Benz Casablanca Anfa,Entretien,Classe C,,,Yassine Rguibi,,Pneumatiques,0.5,4015.0,"Pneus, valves",4.0,,
MB100933,2024-04-11,Agadir,Mercedes-Benz Agadir Founty,Vente,GLA,Neuf,Imane Berrada,,500816.0,,,,,4.0,7.0,42.0
MB100651,2024-03-03,Agadir,Mercedes-Benz Agadir Founty,Vente,Classe C,Occasion,Rachid Alaoui,,368443.0,,,,,4.0,14.0,58.0
MB101541,2024-07-23,Casablanca,Mercedes-Benz Casablanca Anfa,Entretien,Classe A,,,Zineb Amrani,,Boîte de vitesses,5.7,9445.0,"Kit embrayage, huile de boîte",4.0,,
MB102178,2024-09-15,Marrakech,Mercedes-Benz Marrakech Menara,Entretien,Classe C,,,Adil Bouazza,,Freins,2.9,1630.0,"Plaquettes, disques de frein",4.0,,
MB101630,2024-04-25,Marrakech,Mercedes-Benz Marrakech Menara,Entretien,Vito,,,Anas Séfrioui,,Vidange & entretien courant,0.6,505.0,"Huile moteur, filtres",3.0,,
MB101139,2024-08-24,Casablanca,Mercedes-Benz Casablanca Anfa,Vente,Classe S,Neuf,Karim Idrissi,,1636258.0,,,,,5.0,6.0,4.0
MB100094,2024-03-13,Tanger,Mercedes-Benz Tanger Free Zone,Vente,GLA,Occasion,Omar Fassi,,342034.0,,,,,3.0,4.0,27.0
MB101566,2024-05-23,Fès,Mercedes-Benz Fès Saïss,Entretien,Classe A,,,Zineb Amrani,,Injection / moteur,5.8,7594.0,"Injecteurs, capteurs moteur",4.0,,
MB101811,2024-05-06,Agadir,Mercedes-Benz Agadir Founty,Entretien,GLA,,,Mehdi Lahlou,,Système électrique,5.4,3363.0,"Batterie, faisceau électrique",4.0,,
MB100560,2024-12-10,Fès,Mercedes-Benz Fès Saïss,Vente,Classe C,Neuf,Sara Bennis,,530822.0,,,,,4.0,14.0,43.0
MB100818,2024-09-03,Marrakech,Mercedes-Benz Marrakech Menara,Vente,Classe E,Neuf,Rachid Alaoui,,780288.0,,,,,5.0,8.0,29.0
MB102032,2024-12-04,Fès,Mercedes-Benz Fès Saïss,Entretien,GLE,,,Adil Bouazza,,Freins,2.6,3276.0,"Plaquettes, disques de frein",4.0,,
MB101784,2024-08-08,Rabat,Mercedes-Benz Rabat Aviation,Entretien,Classe S,,,Zineb Amrani,,Suspension,3.4,3336.0,"Amortisseurs, biellettes",4.0,,
MB100738,2024-04-27,Casablanca,Mercedes-Benz Casablanca Anfa,Vente,Classe C,Neuf,Nadia Chraibi,,523034.0,,,,,4.0,12.0,22.0
MB102482,2024-09-29,Fès,Mercedes-Benz Fès Saïss,Entretien,Classe C,,,Fatima Zahra Kettani,,Système électrique,4.0,3118.0,"Batterie, faisceau électrique",4.0,,
MB102228,2024-03-28,Tanger,Mercedes-Benz Tanger Free Zone,Entretien,Classe C,,,Adil Bouazza,,Climatisation,2.5,3111.0,"Compresseur, gaz réfrigérant",5.0,,
MB102125,2024-06-10,Rabat,Mercedes-Benz Rabat Aviation,Entretien,Sprinter,,,Zineb Amrani,,Climatisation,3.5,2575.0,"Compresseur, gaz réfrigérant",3.0,,
MB102584,2024-08-05,Marrakech,Mercedes-Benz Marrakech Menara,Entretien,Classe C,,,Mehdi Lahlou,,Suspension,2.3,2794.0,"Amortisseurs, biellettes",4.0,,
MB100624,2024-03-26,Tanger,Mercedes-Benz Tanger Free Zone,Vente,GLC,Neuf,Nadia Chraibi,,718628.0,,,,,5.0,6.0,23.0
MB102170,2024-03-18,Tanger,Mercedes-Benz Tanger Free Zone,Entretien,GLC,,,Adil Bouazza,,Pneumatiques,2.7,1494.0,"Pneus, valves",5.0,,
MB100220,2024-01-25,Tanger,Mercedes-Benz Tanger Free Zone,Vente,GLC,Occasion,Omar Fassi,,486371.0,,,,,4.0,5.0,41.0
MB100258,2024-04-01,Fès,Mercedes-Benz Fès Saïss,Vente,GLA,Occasion,Rachid Alaoui,,365722.0,,,,,5.0,9.0,31.0
MB102337,2024-05-01,Casablanca,Mercedes-Benz Casablanca Anfa,Entretien,GLC,,,Mehdi Lahlou,,Climatisation,1.8,2372.0,"Compresseur, gaz réfrigérant",4.0,,
MB101856,2024-11-24,Rabat,Mercedes-Benz Rabat Aviation,Entretien,Classe C,,,Fatima Zahra Kettani,,Système électrique,4.3,2210.0,"Batterie, faisceau électrique",5.0,,
MB102421,2024-06-29,Marrakech,Mercedes-Benz Marrakech Menara,Entretien,Classe A,,,Fatima Zahra Kettani,,Suspension,2.9,2701.0,"Amortisseurs, biellettes",4.0,,
MB100217,2024-05-24,Tanger,Mercedes-Benz Tanger Free Zone,Vente,Classe C,Neuf,Rachid Alaoui,,496818.0,,,,,4.0,7.0,1.0
MB102025,2024-03-28,Casablanca,Mercedes-Benz Casablanca Anfa,Entretien,GLE,,,Zineb Amrani,,Système électrique,4.7,1448.0,"Batterie, faisceau électrique",5.0,,
MB100511,2024-02-09,Agadir,Mercedes-Benz Agadir Founty,Vente,Classe A,Neuf,Nadia Chraibi,,348915.0,,,,,5.0,4.0,26.0
MB102579,2024-12-24,Agadir,Mercedes-Benz Agadir Founty,Entretien,Classe E,,,Fatima Zahra Kettani,,Diagnostic électronique,1.9,150.0,Module de contrôle (ECU),3.0,,
MB102858,2024-12-06,Rabat,Mercedes-Benz Rabat Aviation,Entretien,GLC,,,Fatima Zahra Kettani,,Climatisation,3.0,2508.0,"Compresseur, gaz réfrigérant",4.0,,
MB100593,2024-05-01,Casablanca,Mercedes-Benz Casablanca Anfa,Vente,Classe C,Neuf,Nadia Chraibi,,517043.0,,,,,5.0,4.0,16.0
MB100493,2024-07-16,Marrakech,Mercedes-Benz Marrakech Menara,Vente,Sprinter,Neuf,Youssef El Amrani,,592100.0,,,,,4.0,7.0,41.0
MB100332,2024-01-12,Tanger,Mercedes-Benz Tanger Free Zone,Vente,Classe C,Neuf,Youssef El Amrani,,551070.0,,,,,4.0,10.0,39.0
MB102581,2024-03-13,Casablanca,Mercedes-Benz Casablanca Anfa,Entretien,Classe S,,,Zineb Amrani,,Carrosserie / peinture,6.5,7201.0,"Pare-chocs, peinture",3.0,,
MB101829,2024-09-12,Rabat,Mercedes-Benz Rabat Aviation,Entretien,GLC,,,Fatima Zahra Kettani,,Pneumatiques,0.5,5347.0,"Pneus, valves",3.0,,
MB100415,2024-01-14,Rabat,Mercedes-Benz Rabat Aviation,Vente,Classe E,Neuf,Hicham Kabbaj,,776074.0,,,,,4.0,3.0,78.0
MB100036,2024-04-21,Fès,Mercedes-Benz Fès Saïss,Vente,Classe A,Occasion,Hicham Kabbaj,,255047.0,,,,,5.0,6.0,56.0
MB101180,2024-06-07,Casablanca,Mercedes-Benz Casablanca Anfa,Vente,Classe C,Neuf,Hicham Kabbaj,,557006.0,,,,,5.0,14.0,32.0
MB101711,2024-03-10,Casablanca,Mercedes-Benz Casablanca Anfa,Entretien,Vito,,,Yassine Rguibi,,Boîte de vitesses,5.8,8925.0,"Kit embrayage, huile de boîte",4.0,,
MB100645,2024-03-21,Agadir,Mercedes-Benz Agadir Founty,Vente,GLC,Neuf,Youssef El Amrani,,650142.0,,,,,5.0,9.0,31.0
MB101497,2024-08-17,Agadir,Mercedes-Benz Agadir Founty,Entretien,Vito,,,Zineb Amrani,,Suspension,2.5,4022.0,"Amortisseurs, biellettes",4.0,,
MB102442,2024-05-29,Tanger,Mercedes-Benz Tanger Free Zone,Entretien,Sprinter,,,Anas Séfrioui,,Carrosserie / peinture,7.4,7021.0,"Pare-chocs, peinture",2.0,,
MB102157,2024-06-09,Casablanca,Mercedes-Benz Casablanca Anfa,Entretien,Vito,,,Adil Bouazza,,Freins,2.9,873.0,"Plaquettes, disques de frein",3.0,,
MB102348,2024-02-18,Agadir,Mercedes-Benz Agadir Founty,Entretien,GLC,,,Mehdi Lahlou,,Pneumatiques,3.9,6489.0,"Pneus, valves",4.0,,
MB100639,2024-09-29,Marrakech,Mercedes-Benz Marrakech Menara,Vente,GLC,Neuf,Omar Fassi,,619591.0,,,,,5.0,7.0,11.0
MB100969,2024-08-02,Marrakech,Mercedes-Benz Marrakech Menara,Vente,GLE,Occasion,Nadia Chraibi,,590553.0,,,,,4.0,7.0,18.0
MB101189,2024-11-25,Fès,Mercedes-Benz Fès Saïss,Vente,Classe C,Occasion,Rachid Alaoui,,446206.0,,,,,5.0,3.0,32.0
MB100826,2024-08-11,Tanger,Mercedes-Benz Tanger Free Zone,Vente,Classe C,Occasion,Karim Idrissi,,380330.0,,,,,5.0,14.0,1.0
MB102672,2024-10-16,Casablanca,Mercedes-Benz Casablanca Anfa,Entretien,Classe E,,,Yassine Rguibi,,Suspension,2.3,3345.0,"Amortisseurs, biellettes",4.0,,
MB100195,2024-11-18,Agadir,Mercedes-Benz Agadir Founty,Vente,Classe A,Neuf,Salma Tazi,,414941.0,,,,,4.0,2.0,26.0
MB100575,2024-04-09,Casablanca,Mercedes-Benz Casablanca Anfa,Vente,GLC,Neuf,Nadia Chraibi,,605340.0,,,,,3.0,12.0,49.0
MB101467,2024-03-23,Fès,Mercedes-Benz Fès Saïss,Entretien,Classe E,,,Zineb Amrani,,Diagnostic électronique,1.8,914.0,Module de contrôle (ECU),4.0,,
MB100789,2024-10-26,Agadir,Mercedes-Benz Agadir Founty,Vente,Classe A,Neuf,Rachid Alaoui,,360295.0,,,,,5.0,10.0,11.0
MB101779,2024-09-12,Marrakech,Mercedes-Benz Marrakech Menara,Entretien,Classe A,,,Yassine Rguibi,,Diagnostic électronique,1.9,753.0,Module de contrôle (ECU),5.0,,
MB101786,2024-09-23,Marrakech,Mercedes-Benz Marrakech Menara,Entretien,Sprinter,,,Mehdi Lahlou,,Vidange & entretien courant,0.5,1016.0,"Huile moteur, filtres",5.0,,
MB100768,2024-05-19,Agadir,Mercedes-Benz Agadir Founty,Vente,Classe A,Occasion,Imane Berrada,,283742.0,,,,,5.0,5.0,63.0
MB103023,2024-05-08,Tanger,Mercedes-Benz Tanger Free Zone,Entretien,Classe E,,,Mehdi Lahlou,,Diagnostic électronique,1.9,814.0,Module de contrôle (ECU),4.0,,
MB101118,2024-07-03,Casablanca,Mercedes-Benz Casablanca Anfa,Vente,Sprinter,Neuf,Rachid Alaoui,,597659.0,,,,,4.0,4.0,57.0
MB102044,2024-07-09,Marrakech,Mercedes-Benz Marrakech Menara,Entretien,GLC,,,Zineb Amrani,,Boîte de vitesses,6.5,9126.0,"Kit embrayage, huile de boîte",5.0,,
MB101226,2024-08-20,Casablanca,Mercedes-Benz Casablanca Anfa,Vente,Classe A,Neuf,Omar Fassi,,387487.0,,,,,,8.0,15.0
MB101142,2024-01-22,Fès,Mercedes-Benz Fès Saïss,Vente,Classe A,Neuf,Imane Berrada,,361636.0,,,,,5.0,2.0,18.0
MB101431,2024-12-22,Casablanca,Mercedes-Benz Casablanca Anfa,Entretien,Classe S,,,Yassine Rguibi,,Pneumatiques,0.5,3136.0,"Pneus, valves",4.0,,
MB101574,2024-08-20,Agadir,Mercedes-Benz Agadir Founty,Entretien,GLE,,,Yassine Rguibi,,Vidange & entretien courant,1.6,1327.0,"Huile moteur, filtres",5.0,,
MB100636,2024-09-22,Tanger,Mercedes-Benz Tanger Free Zone,Vente,Classe C,Neuf,Salma Tazi,,570703.0,,,,,5.0,2.0,25.0
MB100721,2024-12-11,Tanger,Mercedes-Benz Tanger Free Zone,Vente,GLC,Neuf,Leila Ouazzani,,584555.0,,,,,4.0,9.0,30.0
MB100255,2024-12-27,Rabat,Mercedes-Benz Rabat Aviation,Vente,GLA,Neuf,Nadia Chraibi,,510502.0,,,,,5.0,6.0,47.0
MB102192,2024-11-29,Tanger,Mercedes-Benz Tanger Free Zone,Entretien,Classe C,,,Zineb Amrani,,Carrosserie / peinture,8.3,6246.0,"Pare-chocs, peinture",4.0,,
MB102457,2024-07-11,Tanger,Mercedes-Benz Tanger Free Zone,Entretien,Sprinter,,,Yassine Rguibi,,Suspension,3.6,4028.0,"Amortisseurs, biellettes",4.0,,
MB102851,2024-04-28,Rabat,Mercedes-Benz Rabat Aviation,Entretien,Classe A,,,Zineb Amrani,,Pneumatiques,1.2,5049.0,"Pneus, valves",4.0,,
MB100192,2024-12-26,Fès,Mercedes-Benz Fès Saïss,Vente,Classe C,Neuf,Nadia Chraibi,,522753.0,,,,,3.0,7.0,8.0
MB102590,2024-11-16,Rabat,Mercedes-Benz Rabat Aviation,Entretien,Sprinter,,,Fatima Zahra Kettani,,Climatisation,3.0,1801.0,"Compresseur, gaz réfrigérant",4.0,,
MB102739,2024-03-26,Fès,Mercedes-Benz Fès Saïss,Entretien,Sprinter,,,Zineb Amrani,,Diagnostic électronique,2.3,906.0,Module de contrôle (ECU),4.0,,
MB101283,2024-11-01,Casablanca,Mercedes-Benz Casablanca Anfa,Vente,GLA,Neuf,Karim Idrissi,,495474.0,,,,,5.0,13.0,63.0
MB101622,2024-10-26,Marrakech,Mercedes-Benz Marrakech Menara,Entretien,GLE,,,Zineb Amrani,,Diagnostic électronique,3.7,1346.0,Module de contrôle (ECU),5.0,,
MB101946,2024-04-16,Marrakech,Mercedes-Benz Marrakech Menara,Entretien,Classe C,,,Anas Séfrioui,,Carrosserie / peinture,8.3,7309.0,"Pare-chocs, peinture",4.0,,
MB100938,2024-07-07,Marrakech,Mercedes-Benz Marrakech Menara,Vente,Classe A,Neuf,Leila Ouazzani,,403524.0,,,,,5.0,8.0,31.0
MB102007,2024-06-15,Rabat,Mercedes-Benz Rabat Aviation,Entretien,GLE,,,Zineb Amrani,,Injection / moteur,5.2,6283.0,"Injecteurs, capteurs moteur",5.0,,
MB102309,2024-02-26,Casablanca,Mercedes-Benz Casablanca Anfa,Entretien,Classe C,,,Zineb Amrani,,Carrosserie / peinture,6.6,6832.0,"Pare-chocs, peinture",4.0,,
MB101830,2024-08-16,Rabat,Mercedes-Benz Rabat Aviation,Entretien,Classe A,,,Fatima Zahra Kettani,,Diagnostic électronique,2.3,549.0,Module de contrôle (ECU),3.0,,
MB100453,2024-08-16,Fès,Mercedes-Benz Fès Saïss,Vente,Classe A,Occasion,Imane Berrada,,299669.0,,,,,4.0,8.0,56.0
MB102942,2024-03-21,Agadir,Mercedes-Benz Agadir Founty,Entretien,GLE,,,Mehdi Lahlou,,Pneumatiques,0.5,4037.0,"Pneus, valves",3.0,,
MB100197,2024-06-17,Casablanca,Mercedes-Benz Casablanca Anfa,Vente,GLA,Occasion,Omar Fassi,,359847.0,,,,,5.0,2.0,64.0
MB103015,2024-08-05,Rabat,Mercedes-Benz Rabat Aviation,Entretien,GLC,,,Adil Bouazza,,Injection / moteur,6.6,5886.0,"Injecteurs, capteurs moteur",4.0,,
MB102364,2024-07-29,Tanger,Mercedes-Benz Tanger Free Zone,Entretien,GLC,,,Adil Bouazza,,Diagnostic électronique,1.8,150.0,Module de contrôle (ECU),4.0,,
MB100534,2024-02-10,Fès,Mercedes-Benz Fès Saïss,Vente,Classe C,Occasion,Youssef El Amrani,,382060.0,,,,,5.0,9.0,39.0
MB102642,2024-04-25,Tanger,Mercedes-Benz Tanger Free Zone,Entretien,Classe S,,,Fatima Zahra Kettani,,Carrosserie / peinture,10.0,6866.0,"Pare-chocs, peinture",3.0,,
MB101961,2024-02-26,Rabat,Mercedes-Benz Rabat Aviation,Entretien,Vito,,,Mehdi Lahlou,,Climatisation,1.8,2788.0,"Compresseur, gaz réfrigérant",3.0,,
MB100460,2024-05-07,Marrakech,Mercedes-Benz Marrakech Menara,Vente,GLC,Neuf,Hicham Kabbaj,,587901.0,,,,,5.0,8.0,38.0
MB100487,2024-11-22,Marrakech,Mercedes-Benz Marrakech Menara,Vente,Classe C,Neuf,Leila Ouazzani,,553712.0,,,,,4.0,4.0,34.0
MB102101,2024-12-02,Fès,Mercedes-Benz Fès Saïss,Entretien,Classe S,,,Zineb Amrani,,Boîte de vitesses,7.3,8810.0,"Kit embrayage, huile de boîte",4.0,,
MB100681,2024-06-01,Casablanca,Mercedes-Benz Casablanca Anfa,Vente,GLA,Neuf,Karim Idrissi,,422148.0,,,,,5.0,10.0,2.0
MB101759,2024-07-21,Tanger,Mercedes-Benz Tanger Free Zone,Entretien,Classe A,,,Fatima Zahra Kettani,,Pneumatiques,1.7,2473.0,"Pneus, valves",4.0,,
MB100419,2024-07-07,Rabat,Mercedes-Benz Rabat Aviation,Vente,GLE,Neuf,Nadia Chraibi,,904194.0,,,,,4.0,0.0,31.0
MB102570,2024-06-07,Agadir,Mercedes-Benz Agadir Founty,Entretien,Classe C,,,Anas Séfrioui,,Système électrique,3.8,4355.0,"Batterie, faisceau électrique",2.0,,
MB101099,2024-07-06,Fès,Mercedes-Benz Fès Saïss,Vente,GLC,Neuf,Omar Fassi,,655019.0,,,,,4.0,14.0,26.0
MB102708,2024-06-13,Marrakech,Mercedes-Benz Marrakech Menara,Entretien,GLA,,,Mehdi Lahlou,,Système électrique,1.9,4453.0,"Batterie, faisceau électrique",5.0,,
MB101625,2024-05-22,Fès,Mercedes-Benz Fès Saïss,Entretien,Classe A,,,Anas Séfrioui,,Injection / moteur,7.2,6829.0,"Injecteurs, capteurs moteur",4.0,,
MB103020,2024-09-16,Rabat,Mercedes-Benz Rabat Aviation,Entretien,Classe C,,,Adil Bouazza,,Injection / moteur,5.7,4331.0,"Injecteurs, capteurs moteur",5.0,,
MB100841,2024-10-27,Casablanca,Mercedes-Benz Casablanca Anfa,Vente,Classe C,Neuf,Hicham Kabbaj,,535237.0,,,,,4.0,5.0,31.0
MB101148,2024-02-03,Casablanca,Mercedes-Benz Casablanca Anfa,Vente,Classe A,Neuf,Omar Fassi,,409287.0,,,,,4.0,12.0,38.0
MB101443,2024-07-14,Agadir,Mercedes-Benz Agadir Founty,Entretien,GLA,,,Yassine Rguibi,,Boîte de vitesses,6.8,9925.0,"Kit embrayage, huile de boîte",3.0,,
MB100454,2024-10-22,Agadir,Mercedes-Benz Agadir Founty,Vente,GLE,Neuf,Nadia Chraibi,,804806.0,,,,,4.0,12.0,13.0
MB101518,2024-01-22,Marrakech,Mercedes-Benz Marrakech Menara,Entretien,Classe A,,,Adil Bouazza,,Système électrique,3.0,4271.0,"Batterie, faisceau électrique",3.0,,
MB102752,2024-09-16,Agadir,Mercedes-Benz Agadir Founty,Entretien,Vito,,,Fatima Zahra Kettani,,Système électrique,2.1,2518.0,"Batterie, faisceau électrique",5.0,,
MB100580,2024-11-07,Rabat,Mercedes-Benz Rabat Aviation,Vente,Sprinter,Occasion,Karim Idrissi,,351330.0,,,,,5.0,3.0,34.0
MB100125,2024-09-23,Casablanca,Mercedes-Benz Casablanca Anfa,Vente,Classe A,Occasion,Youssef El Amrani,,275130.0,,,,,4.0,9.0,55.0
MB102030,2024-01-23,Marrakech,Mercedes-Benz Marrakech Menara,Entretien,GLE,,,Adil Bouazza,,Boîte de vitesses,6.5,9608.0,"Kit embrayage, huile de boîte",4.0,,
MB100339,2024-11-19,Fès,Mercedes-Benz Fès Saïss,Vente,Classe C,Occasion,Youssef El Amrani,,366997.0,,,,,5.0,9.0,60.0
MB100925,2024-08-29,Fès,Mercedes-Benz Fès Saïss,Vente,Classe C,Neuf,Youssef El Amrani,,506536.0,,,,,5.0,5.0,34.0
MB101152,2024-11-03,Agadir,Mercedes-Benz Agadir Founty,Vente,Classe S,Occasion,Nadia Chraibi,,872181.0,,,,,4.0,10.0,27.0
MB101520,2024-07-09,Fès,Mercedes-Benz Fès Saïss,Entretien,Classe C,,,Yassine Rguibi,,Carrosserie / peinture,8.6,6968.0,"Pare-chocs, peinture",3.0,,
MB100504,2024-07-28,Fès,Mercedes-Benz Fès Saïss,Vente,Classe A,Neuf,Nadia Chraibi,,347606.0,,,,,5.0,15.0,62.0
MB100090,2024-10-20,Rabat,Mercedes-Benz Rabat Aviation,Vente,Classe A,Occasion,Hicham Kabbaj,,268325.0,,,,,4.0,13.0,79.0
MB100447,2024-03-12,Tanger,Mercedes-Benz Tanger Free Zone,Vente,GLA,Occasion,Nadia Chraibi,,367835.0,,,,,5.0,10.0,44.0
MB102152,2024-01-05,Marrakech,Mercedes-Benz Marrakech Menara,Entretien,Classe E,,,Anas Séfrioui,,Vidange & entretien courant,1.7,965.0,"Huile moteur, filtres",3.0,,
MB100710,2024-06-08,Tanger,Mercedes-Benz Tanger Free Zone,Vente,Classe A,Neuf,Leila Ouazzani,,338162.0,,,,,2.0,10.0,1.0
MB101090,2024-04-06,Fès,Mercedes-Benz Fès Saïss,Vente,GLC,Occasion,Karim Idrissi,,497530.0,,,,,5.0,7.0,51.0
MB102054,2024-07-05,Rabat,Mercedes-Benz Rabat Aviation,Entretien,GLA,,,Anas Séfrioui,,Suspension,3.8,4110.0,"Amortisseurs, biellettes",5.0,,
MB101979,2024-10-25,Agadir,Mercedes-Benz Agadir Founty,Entretien,Classe E,,,Yassine Rguibi,,Boîte de vitesses,9.4,10133.0,"Kit embrayage, huile de boîte",5.0,,
MB102050,2024-02-25,Agadir,Mercedes-Benz Agadir Founty,Entretien,GLE,,,Mehdi Lahlou,,Boîte de vitesses,6.2,10053.0,"Kit embrayage, huile de boîte",5.0,,
MB101075,2024-01-10,Rabat,Mercedes-Benz Rabat Aviation,Vente,GLC,Neuf,Salma Tazi,,670800.0,,,,,5.0,13.0,51.0
MB100734,2024-10-24,Marrakech,Mercedes-Benz Marrakech Menara,Vente,Classe A,Neuf,Karim Idrissi,,415244.0,,,,,3.0,16.0,56.0
MB100628,2024-01-10,Marrakech,Mercedes-Benz Marrakech Menara,Vente,Classe E,Neuf,Rachid Alaoui,,719899.0,,,,,3.0,11.0,13.0
MB102696,2024-12-16,Fès,Mercedes-Benz Fès Saïss,Entretien,Vito,,,Anas Séfrioui,,Climatisation,2.1,2839.0,"Compresseur, gaz réfrigérant",4.0,,
MB101785,2024-10-18,Rabat,Mercedes-Benz Rabat Aviation,Entretien,GLA,,,Anas Séfrioui,,Vidange & entretien courant,0.5,418.0,"Huile moteur, filtres",4.0,,
MB102955,2024-06-17,Casablanca,Mercedes-Benz Casablanca Anfa,Entretien,GLC,,,Mehdi Lahlou,,Suspension,4.0,3274.0,"Amortisseurs, biellettes",4.0,,
MB101660,2024-12-10,Casablanca,Mercedes-Benz Casablanca Anfa,Entretien,GLE,,,Adil Bouazza,,Carrosserie / peinture,5.9,7457.0,"Pare-chocs, peinture",4.0,,
MB101611,2024-01-30,Rabat,Mercedes-Benz Rabat Aviation,Entretien,Classe S,,,Anas Séfrioui,,Carrosserie / peinture,7.9,6813.0,"Pare-chocs, peinture",3.0,,
MB100330,2024-08-31,Fès,Mercedes-Benz Fès Saïss,Vente,GLA,Neuf,Youssef El Amrani,,500660.0,,,,,4.0,6.0,33.0
MB100966,2024-09-04,Agadir,Mercedes-Benz Agadir Founty,Vente,GLA,Neuf,Imane Berrada,,480379.0,,,,,4.0,8.0,51.0
MB101948,2024-09-14,Fès,Mercedes-Benz Fès Saïss,Entretien,Classe E,,,Zineb Amrani,,Diagnostic électronique,2.8,913.0,Module de contrôle (ECU),5.0,,
MB102350,2024-01-22,Marrakech,Mercedes-Benz Marrakech Menara,Entretien,Classe C,,,Anas Séfrioui,,Vidange & entretien courant,2.0,179.0,"Huile moteur, filtres",5.0,,
MB101755,2024-08-11,Tanger,Mercedes-Benz Tanger Free Zone,Entretien,Sprinter,,,Adil Bouazza,,Diagnostic électronique,0.9,1773.0,Module de contrôle (ECU),5.0,,
MB102454,2024-10-22,Agadir,Mercedes-Benz Agadir Founty,Entretien,Vito,,,Zineb Amrani,,Injection / moteur,4.6,7023.0,"Injecteurs, capteurs moteur",4.0,,
MB101399,2024-01-23,Rabat,Mercedes-Benz Rabat Aviation,Vente,Vito,Neuf,Omar Fassi,,458662.0,,,,,3.0,8.0,13.0
MB100545,2024-11-14,Fès,Mercedes-Benz Fès Saïss,Vente,GLA,Occasion,Youssef El Amrani,,332424.0,,,,,3.0,9.0,17.0
MB102782,2024-03-17,Rabat,Mercedes-Benz Rabat Aviation,Entretien,Classe E,,,Zineb Amrani,,Boîte de vitesses,6.0,8575.0,"Kit embrayage, huile de boîte",4.0,,
MB102141,2024-04-14,Agadir,Mercedes-Benz Agadir Founty,Entretien,GLA,,,Zineb Amrani,,Pneumatiques,1.8,4053.0,"Pneus, valves",3.0,,
MB100369,2024-12-11,Casablanca,Mercedes-Benz Casablanca Anfa,Vente,GLA,Neuf,Hicham Kabbaj,,468966.0,,,,,5.0,4.0,47.0
MB102373,2024-10-23,Agadir,Mercedes-Benz Agadir Founty,Entretien,Vito,,,Mehdi Lahlou,,Injection / moteur,3.0,6471.0,"Injecteurs, capteurs moteur",3.0,,
MB100878,2024-12-09,Tanger,Mercedes-Benz Tanger Free Zone,Vente,Classe C,Occasion,Nadia Chraibi,,440903.0,,,,,5.0,8.0,30.0
MB103095,2024-07-18,Fès,Mercedes-Benz Fès Saïss,Entretien,GLC,,,Yassine Rguibi,,Pneumatiques,1.0,3732.0,"Pneus, valves",4.0,,
MB101945,2024-09-14,Fès,Mercedes-Benz Fès Saïss,Entretien,GLE,,,Zineb Amrani,,Freins,2.0,2817.0,"Plaquettes, disques de frein",3.0,,
MB102477,2024-09-20,Tanger,Mercedes-Benz Tanger Free Zone,Entretien,Classe E,,,Anas Séfrioui,,Système électrique,2.4,2007.0,"Batterie, faisceau électrique",4.0,,
MB102980,2024-10-16,Fès,Mercedes-Benz Fès Saïss,Entretien,GLC,,,Zineb Amrani,,Climatisation,1.9,2403.0,"Compresseur, gaz réfrigérant",3.0,,
MB101190,2024-04-08,Tanger,Mercedes-Benz Tanger Free Zone,Vente,Classe A,Neuf,Leila Ouazzani,,349609.0,,,,,4.0,10.0,35.0
MB100458,2024-01-17,Fès,Mercedes-Benz Fès Saïss,Vente,GLE,Occasion,Hicham Kabbaj,,585829.0,,,,,4.0,14.0,43.0
MB102483,2024-07-14,Marrakech,Mercedes-Benz Marrakech Menara,Entretien,Classe C,,,Zineb Amrani,,Vidange & entretien courant,1.4,150.0,"Huile moteur, filtres",4.0,,
MB102424,2024-04-12,Marrakech,Mercedes-Benz Marrakech Menara,Entretien,Classe E,,,Adil Bouazza,,Freins,1.6,3250.0,"Plaquettes, disques de frein",2.0,,
MB101549,2024-01-01,Casablanca,Mercedes-Benz Casablanca Anfa,Entretien,Vito,,,Fatima Zahra Kettani,,Freins,1.9,2746.0,"Plaquettes, disques de frein",5.0,,
MB100737,2024-09-11,Rabat,Mercedes-Benz Rabat Aviation,Vente,Classe C,Occasion,Salma Tazi,,405287.0,,,,,5.0,9.0,10.0
MB101676,2024-11-02,Rabat,Mercedes-Benz Rabat Aviation,Entretien,Classe S,,,Adil Bouazza,,Diagnostic électronique,1.0,389.0,Module de contrôle (ECU),4.0,,
MB102688,2024-10-04,Casablanca,Mercedes-Benz Casablanca Anfa,Entretien,Classe S,,,Fatima Zahra Kettani,,Système électrique,4.2,3326.0,"Batterie, faisceau électrique",4.0,,
MB102133,2024-07-26,Tanger,Mercedes-Benz Tanger Free Zone,Entretien,Classe C,,,Zineb Amrani,,Freins,3.8,1360.0,"Plaquettes, disques de frein",4.0,,
MB103086,2024-01-30,Casablanca,Mercedes-Benz Casablanca Anfa,Entretien,Vito,,,Mehdi Lahlou,,Système électrique,2.7,3640.0,"Batterie, faisceau électrique",4.0,,
MB100736,2024-02-29,Rabat,Mercedes-Benz Rabat Aviation,Vente,Classe C,Neuf,Hicham Kabbaj,,519441.0,,,,,4.0,0.0,45.0
MB101547,2024-06-14,Fès,Mercedes-Benz Fès Saïss,Entretien,Classe C,,,Zineb Amrani,,Boîte de vitesses,6.9,9135.0,"Kit embrayage, huile de boîte",4.0,,
MB101521,2024-01-12,Casablanca,Mercedes-Benz Casablanca Anfa,Entretien,Vito,,,Zineb Amrani,,Freins,2.6,1928.0,"Plaquettes, disques de frein",4.0,,
MB101088,2024-06-27,Agadir,Mercedes-Benz Agadir Founty,Vente,Classe E,Neuf,Imane Berrada,,844550.0,,,,,4.0,9.0,59.0
MB100712,2024-06-01,Marrakech,Mercedes-Benz Marrakech Menara,Vente,Classe C,Neuf,Salma Tazi,,522069.0,,,,,5.0,7.0,1.0
MB102110,2024-10-02,Casablanca,Mercedes-Benz Casablanca Anfa,Entretien,GLA,,,Adil Bouazza,,Climatisation,2.5,1182.0,"Compresseur, gaz réfrigérant",4.0,,
MB100661,2024-08-06,Agadir,Mercedes-Benz Agadir Founty,Vente,Vito,Occasion,Nadia Chraibi,,266623.0,,,,,5.0,8.0,27.0
MB102996,2024-09-09,Marrakech,Mercedes-Benz Marrakech Menara,Entretien,Classe C,,,Anas Séfrioui,,Freins,0.6,2034.0,"Plaquettes, disques de frein",4.0,,
MB100423,2024-09-23,Marrakech,Mercedes-Benz Marrakech Menara,Vente,Classe C,Neuf,Karim Idrissi,,538968.0,,,,,4.0,7.0,21.0
MB102847,2024-08-18,Casablanca,Mercedes-Benz Casablanca Anfa,Entretien,Classe C,,,Adil Bouazza,,Carrosserie / peinture,5.5,7081.0,"Pare-chocs, peinture",3.0,,
MB102291,2024-07-26,Tanger,Mercedes-Benz Tanger Free Zone,Entretien,GLA,,,Zineb Amrani,,Vidange & entretien courant,3.2,150.0,"Huile moteur, filtres",5.0,,
MB101061,2024-01-27,Fès,Mercedes-Benz Fès Saïss,Vente,Sprinter,Occasion,Imane Berrada,,393695.0,,,,,4.0,10.0,65.0
MB103073,2024-04-27,Marrakech,Mercedes-Benz Marrakech Menara,Entretien,GLA,,,Yassine Rguibi,,Climatisation,0.5,2191.0,"Compresseur, gaz réfrigérant",4.0,,
MB100289,2024-04-30,Agadir,Mercedes-Benz Agadir Founty,Vente,GLC,Neuf,Salma Tazi,,713702.0,,,,,2.0,9.0,5.0
MB100471,2024-02-12,Fès,Mercedes-Benz Fès Saïss,Vente,GLA,Neuf,Omar Fassi,,444975.0,,,,,5.0,16.0,61.0
MB102404,2024-06-17,Fès,Mercedes-Benz Fès Saïss,Entretien,Vito,,,Mehdi Lahlou,,Système électrique,4.6,3845.0,"Batterie, faisceau électrique",3.0,,
MB102532,2024-12-06,Casablanca,Mercedes-Benz Casablanca Anfa,Entretien,Sprinter,,,Anas Séfrioui,,Pneumatiques,0.8,3139.0,"Pneus, valves",5.0,,
MB103065,2024-07-09,Fès,Mercedes-Benz Fès Saïss,Entretien,Classe A,,,Mehdi Lahlou,,Injection / moteur,6.2,7964.0,"Injecteurs, capteurs moteur",5.0,,
MB101885,2024-05-28,Marrakech,Mercedes-Benz Marrakech Menara,Entretien,Sprinter,,,Anas Séfrioui,,Climatisation,1.2,3419.0,"Compresseur, gaz réfrigérant",4.0,,
MB101564,2024-06-08,Fès,Mercedes-Benz Fès Saïss,Entretien,GLA,,,Zineb Amrani,,Carrosserie / peinture,9.5,7817.0,"Pare-chocs, peinture",5.0,,
MB102236,2024-12-11,Tanger,Mercedes-Benz Tanger Free Zone,Entretien,Classe S,,,Anas Séfrioui,,Boîte de vitesses,6.8,10647.0,"Kit embrayage, huile de boîte",4.0,,
MB100955,2024-03-06,Rabat,Mercedes-Benz Rabat Aviation,Vente,Vito,Neuf,Sara Bennis,,377093.0,,,,,3.0,4.0,45.0
MB102224,2024-08-16,Fès,Mercedes-Benz Fès Saïss,Entretien,Classe S,,,Mehdi Lahlou,,Boîte de vitesses,6.7,9587.0,"Kit embrayage, huile de boîte",3.0,,
MB100227,2024-01-01,Fès,Mercedes-Benz Fès Saïss,Vente,Classe C,Occasion,Imane Berrada,,365893.0,,,,,4.0,8.0,58.0
MB101533,2024-01-21,Marrakech,Mercedes-Benz Marrakech Menara,Entretien,GLE,,,Yassine Rguibi,,Pneumatiques,0.5,2095.0,"Pneus, valves",4.0,,
MB100761,2024-11-14,Rabat,Mercedes-Benz Rabat Aviation,Vente,Classe E,Neuf,Youssef El Amrani,,822229.0,,,,,4.0,10.0,26.0
MB100577,2024-02-11,Casablanca,Mercedes-Benz Casablanca Anfa,Vente,Classe C,Neuf,Hicham Kabbaj,,492052.0,,,,,4.0,9.0,28.0
MB100092,2024-04-26,Fès,Mercedes-Benz Fès Saïss,Vente,Classe E,Neuf,Leila Ouazzani,,843712.0,,,,,4.0,8.0,39.0
MB100515,2024-11-04,Rabat,Mercedes-Benz Rabat Aviation,Vente,GLA,Neuf,Hicham Kabbaj,,465921.0,,,,,5.0,13.0,23.0
MB101900,2024-06-05,Fès,Mercedes-Benz Fès Saïss,Entretien,Sprinter,,,Zineb Amrani,,Boîte de vitesses,7.5,10451.0,"Kit embrayage, huile de boîte",5.0,,
MB100271,2024-08-17,Marrakech,Mercedes-Benz Marrakech Menara,Vente,Classe A,Occasion,Sara Bennis,,257881.0,,,,,3.0,5.0,27.0
MB100518,2024-07-31,Fès,Mercedes-Benz Fès Saïss,Vente,GLC,Neuf,Salma Tazi,,634777.0,,,,,4.0,1.0,38.0
MB102709,2024-08-01,Casablanca,Mercedes-Benz Casablanca Anfa,Entretien,Classe S,,,Mehdi Lahlou,,Carrosserie / peinture,7.5,8189.0,"Pare-chocs, peinture",5.0,,
MB101292,2024-06-13,Casablanca,Mercedes-Benz Casablanca Anfa,Vente,Sprinter,Occasion,Rachid Alaoui,,354701.0,,,,,3.0,3.0,45.0
MB101306,2024-12-05,Marrakech,Mercedes-Benz Marrakech Menara,Vente,Vito,Neuf,Hicham Kabbaj,,429490.0,,,,,5.0,13.0,33.0
MB102807,2024-03-27,Rabat,Mercedes-Benz Rabat Aviation,Entretien,Classe C,,,Yassine Rguibi,,Climatisation,1.6,2578.0,"Compresseur, gaz réfrigérant",4.0,,
MB102930,2024-10-06,Casablanca,Mercedes-Benz Casablanca Anfa,Entretien,Sprinter,,,Fatima Zahra Kettani,,Freins,2.8,1473.0,"Plaquettes, disques de frein",2.0,,
MB101922,2024-02-02,Agadir,Mercedes-Benz Agadir Founty,Entretien,GLA,,,Adil Bouazza,,Freins,1.5,1682.0,"Plaquettes, disques de frein",5.0,,
MB101052,2024-06-16,Rabat,Mercedes-Benz Rabat Aviation,Vente,Classe S,Occasion,Omar Fassi,,893512.0,,,,,5.0,5.0,55.0
MB101489,2024-05-17,Rabat,Mercedes-Benz Rabat Aviation,Entretien,GLA,,,Zineb Amrani,,Pneumatiques,1.0,2663.0,"Pneus, valves",5.0,,
MB102988,2024-11-22,Casablanca,Mercedes-Benz Casablanca Anfa,Entretien,Sprinter,,,Zineb Amrani,,Freins,2.5,2001.0,"Plaquettes, disques de frein",4.0,,
MB101400,2024-11-21,Tanger,Mercedes-Benz Tanger Free Zone,Vente,GLE,Occasion,Salma Tazi,,642807.0,,,,,4.0,10.0,3.0
MB100769,2024-11-11,Marrakech,Mercedes-Benz Marrakech Menara,Vente,Classe E,Neuf,Youssef El Amrani,,687109.0,,,,,,9.0,44.0
MB102450,2024-10-12,Fès,Mercedes-Benz Fès Saïss,Entretien,GLE,,,Adil Bouazza,,Climatisation,3.3,1701.0,"Compresseur, gaz réfrigérant",4.0,,
MB101552,2024-12-16,Casablanca,Mercedes-Benz Casablanca Anfa,Entretien,Classe S,,,Mehdi Lahlou,,Vidange & entretien courant,1.7,1583.0,"Huile moteur, filtres",4.0,,
MB101991,2024-08-24,Tanger,Mercedes-Benz Tanger Free Zone,Entretien,Classe S,,,Adil Bouazza,,Freins,0.5,2051.0,"Plaquettes, disques de frein",5.0,,
MB102943,2024-11-28,Casablanca,Mercedes-Benz Casablanca Anfa,Entretien,Sprinter,,,Adil Bouazza,,Suspension,4.0,3094.0,"Amortisseurs, biellettes",3.0,,
MB101464,2024-09-25,Casablanca,Mercedes-Benz Casablanca Anfa,Entretien,Classe A,,,Adil Bouazza,,Pneumatiques,0.6,4106.0,"Pneus, valves",4.0,,
MB101335,2024-12-11,Tanger,Mercedes-Benz Tanger Free Zone,Vente,GLA,Neuf,Youssef El Amrani,,449437.0,,,,,5.0,10.0,18.0
MB102687,2024-02-13,Rabat,Mercedes-Benz Rabat Aviation,Entretien,Classe C,,,Zineb Amrani,,Climatisation,0.5,3344.0,"Compresseur, gaz réfrigérant",5.0,,
MB101932,2024-07-03,Tanger,Mercedes-Benz Tanger Free Zone,Entretien,Sprinter,,,Fatima Zahra Kettani,,Carrosserie / peinture,8.7,5931.0,"Pare-chocs, peinture",5.0,,
MB102984,2024-10-27,Agadir,Mercedes-Benz Agadir Founty,Entretien,Classe A,,,Fatima Zahra Kettani,,Injection / moteur,5.2,6732.0,"Injecteurs, capteurs moteur",5.0,,
MB101607,2024-11-29,Tanger,Mercedes-Benz Tanger Free Zone,Entretien,GLC,,,Adil Bouazza,,Boîte de vitesses,6.9,9108.0,"Kit embrayage, huile de boîte",4.0,,
MB101824,2024-02-20,Rabat,Mercedes-Benz Rabat Aviation,Entretien,GLA,,,Adil Bouazza,,Climatisation,4.0,1688.0,"Compresseur, gaz réfrigérant",4.0,,
MB102459,2024-05-27,Agadir,Mercedes-Benz Agadir Founty,Entretien,Sprinter,,,Fatima Zahra Kettani,,Injection / moteur,4.8,6672.0,"Injecteurs, capteurs moteur",4.0,,
MB101418,2024-10-17,Casablanca,Mercedes-Benz Casablanca Anfa,Entretien,Classe A,,,Adil Bouazza,,Vidange & entretien courant,1.3,989.0,"Huile moteur, filtres",4.0,,
MB101393,2024-08-09,Casablanca,Mercedes-Benz Casablanca Anfa,Vente,Classe S,Occasion,Rachid Alaoui,,997877.0,,,,,4.0,10.0,15.0
MB101249,2024-04-13,Casablanca,Mercedes-Benz Casablanca Anfa,Vente,GLA,Occasion,Rachid Alaoui,,319890.0,,,,,4.0,4.0,19.0
MB101219,2024-09-30,Marrakech,Mercedes-Benz Marrakech Menara,Vente,Classe A,Neuf,Omar Fassi,,399714.0,,,,,4.0,10.0,43.0
MB101202,2024-03-11,Casablanca,Mercedes-Benz Casablanca Anfa,Vente,GLE,Occasion,Salma Tazi,,679974.0,,,,,4.0,7.0,43.0
MB101439,2024-12-29,Fès,Mercedes-Benz Fès Saïss,Entretien,GLA,,,Zineb Amrani,,Pneumatiques,1.5,4131.0,"Pneus, valves",5.0,,
MB101654,2024-09-16,Tanger,Mercedes-Benz Tanger Free Zone,Entretien,Classe E,,,Adil Bouazza,,Freins,3.9,2973.0,"Plaquettes, disques de frein",4.0,,
MB100693,2024-06-11,Tanger,Mercedes-Benz Tanger Free Zone,Vente,Classe A,Neuf,Imane Berrada,,419930.0,,,,,5.0,11.0,11.0
MB102331,2024-12-21,Marrakech,Mercedes-Benz Marrakech Menara,Entretien,Classe A,,,Yassine Rguibi,,Suspension,2.4,3752.0,"Amortisseurs, biellettes",4.0,,
MB100131,2024-08-04,Fès,Mercedes-Benz Fès Saïss,Vente,Classe C,Neuf,Imane Berrada,,609622.0,,,,,5.0,11.0,33.0
MB101498,2024-11-06,Agadir,Mercedes-Benz Agadir Founty,Entretien,GLE,,,Zineb Amrani,,Boîte de vitesses,5.7,9114.0,"Kit embrayage, huile de boîte",5.0,,
MB100656,2024-11-29,Tanger,Mercedes-Benz Tanger Free Zone,Vente,GLA,Occasion,Salma Tazi,,364226.0,,,,,4.0,4.0,19.0
MB100445,2024-03-21,Casablanca,Mercedes-Benz Casablanca Anfa,Vente,GLA,Neuf,Nadia Chraibi,,516401.0,,,,,4.0,14.0,33.0
MB101222,2024-04-12,Marrakech,Mercedes-Benz Marrakech Menara,Vente,Classe A,Neuf,Nadia Chraibi,,369318.0,,,,,4.0,5.0,1.0
MB101414,2024-03-21,Rabat,Mercedes-Benz Rabat Aviation,Entretien,Classe S,,,Adil Bouazza,,Carrosserie / peinture,6.2,7681.0,"Pare-chocs, peinture",5.0,,
MB101448,2024-07-21,Marrakech,Mercedes-Benz Marrakech Menara,Entretien,Vito,,,Zineb Amrani,,Boîte de vitesses,8.2,8749.0,"Kit embrayage, huile de boîte",5.0,,
MB102036,2024-02-26,Tanger,Mercedes-Benz Tanger Free Zone,Entretien,Classe A,,,Fatima Zahra Kettani,,Diagnostic électronique,3.2,183.0,Module de contrôle (ECU),4.0,,
MB101678,2024-02-04,Fès,Mercedes-Benz Fès Saïss,Entretien,Classe C,,,Anas Séfrioui,,Système électrique,1.5,4676.0,"Batterie, faisceau électrique",2.0,,
MB100859,2024-10-11,Agadir,Mercedes-Benz Agadir Founty,Vente,Classe S,Occasion,Salma Tazi,,1021582.0,,,,,5.0,12.0,23.0
MB101655,2024-02-20,Tanger,Mercedes-Benz Tanger Free Zone,Entretien,Vito,,,Yassine Rguibi,,Diagnostic électronique,1.2,1091.0,Module de contrôle (ECU),5.0,,
MB102380,2024-07-27,Agadir,Mercedes-Benz Agadir Founty,Entretien,Classe A,,,Mehdi Lahlou,,Climatisation,3.0,3830.0,"Compresseur, gaz réfrigérant",3.0,,
MB101081,2024-07-07,Casablanca,Mercedes-Benz Casablanca Anfa,Vente,Classe S,Neuf,Leila Ouazzani,,1550876.0,,,,,5.0,8.0,51.0
MB100609,2024-10-14,Rabat,Mercedes-Benz Rabat Aviation,Vente,GLC,Occasion,Leila Ouazzani,,405445.0,,,,,4.0,12.0,1.0
MB100349,2024-12-08,Fès,Mercedes-Benz Fès Saïss,Vente,Vito,Neuf,Karim Idrissi,,377216.0,,,,,4.0,15.0,34.0
MB102700,2024-05-19,Agadir,Mercedes-Benz Agadir Founty,Entretien,GLA,,,Fatima Zahra Kettani,,Suspension,2.5,2959.0,"Amortisseurs, biellettes",5.0,,
MB102479,2024-01-19,Casablanca,Mercedes-Benz Casablanca Anfa,Entretien,GLE,,,Mehdi Lahlou,,Carrosserie / peinture,8.3,7785.0,"Pare-chocs, peinture",4.0,,
MB100613,2024-07-26,Marrakech,Mercedes-Benz Marrakech Menara,Vente,Classe C,Occasion,Leila Ouazzani,,354683.0,,,,,4.0,0.0,52.0
MB101433,2024-04-29,Casablanca,Mercedes-Benz Casablanca Anfa,Entretien,Classe S,,,Yassine Rguibi,,Carrosserie / peinture,9.7,7766.0,"Pare-chocs, peinture",4.0,,
MB100573,2024-08-13,Agadir,Mercedes-Benz Agadir Founty,Vente,Classe S,Neuf,Rachid Alaoui,,1590731.0,,,,,5.0,9.0,1.0
MB102845,2024-04-23,Agadir,Mercedes-Benz Agadir Founty,Entretien,GLA,,,Mehdi Lahlou,,Système électrique,1.8,3602.0,"Batterie, faisceau électrique",5.0,,
MB100744,2024-08-13,Casablanca,Mercedes-Benz Casablanca Anfa,Vente,Classe A,Occasion,Sara Bennis,,267204.0,,,,,5.0,9.0,39.0
MB100704,2024-08-31,Rabat,Mercedes-Benz Rabat Aviation,Vente,GLC,Neuf,Imane Berrada,,695157.0,,,,,4.0,8.0,54.0
MB100183,2024-01-03,Marrakech,Mercedes-Benz Marrakech Menara,Vente,Classe A,Neuf,Imane Berrada,,403755.0,,,,,4.0,1.0,8.0
MB100243,2024-01-02,Casablanca,Mercedes-Benz Casablanca Anfa,Vente,GLC,Occasion,Sara Bennis,,499674.0,,,,,3.0,4.0,27.0
MB102901,2024-07-28,Tanger,Mercedes-Benz Tanger Free Zone,Entretien,GLC,,,Anas Séfrioui,,Climatisation,1.9,2455.0,"Compresseur, gaz réfrigérant",5.0,,
MB103062,2024-07-01,Fès,Mercedes-Benz Fès Saïss,Entretien,Classe A,,,Fatima Zahra Kettani,,Suspension,3.8,2791.0,"Amortisseurs, biellettes",5.0,,
MB100654,2024-01-22,Agadir,Mercedes-Benz Agadir Founty,Vente,Classe S,Occasion,Sara Bennis,,1108081.0,,,,,5.0,6.0,48.0
MB100149,2024-03-27,Fès,Mercedes-Benz Fès Saïss,Vente,GLE,Neuf,Imane Berrada,,898471.0,,,,,3.0,10.0,85.0
MB100709,2024-10-22,Casablanca,Mercedes-Benz Casablanca Anfa,Vente,Classe E,Neuf,Hicham Kabbaj,,838958.0,,,,,4.0,7.0,16.0
MB101612,2024-02-18,Agadir,Mercedes-Benz Agadir Founty,Entretien,Vito,,,Anas Séfrioui,,Injection / moteur,5.1,7052.0,"Injecteurs, capteurs moteur",4.0,,
MB100024,2024-10-24,Marrakech,Mercedes-Benz Marrakech Menara,Vente,Classe A,Neuf,Rachid Alaoui,,398763.0,,,,,3.0,14.0,24.0
MB101309,2024-01-30,Tanger,Mercedes-Benz Tanger Free Zone,Vente,Classe C,Neuf,Sara Bennis,,492305.0,,,,,5.0,9.0,45.0
MB102748,2024-07-24,Fès,Mercedes-Benz Fès Saïss,Entretien,GLE,,,Anas Séfrioui,,Suspension,2.2,1705.0,"Amortisseurs, biellettes",3.0,,
MB102316,2024-03-20,Casablanca,Mercedes-Benz Casablanca Anfa,Entretien,Classe A,,,Anas Séfrioui,,Suspension,1.9,3021.0,"Amortisseurs, biellettes",4.0,,
MB102552,2024-06-30,Fès,Mercedes-Benz Fès Saïss,Entretien,Classe C,,,Mehdi Lahlou,,Diagnostic électronique,1.1,2041.0,Module de contrôle (ECU),3.0,,
MB103005,2024-01-18,Agadir,Mercedes-Benz Agadir Founty,Entretien,Sprinter,,,Anas Séfrioui,,Climatisation,3.4,3877.0,"Compresseur, gaz réfrigérant",4.0,,
MB103099,2024-10-11,Agadir,Mercedes-Benz Agadir Founty,Entretien,GLC,,,Adil Bouazza,,Diagnostic électronique,0.9,535.0,Module de contrôle (ECU),3.0,,
MB102205,2024-04-18,Fès,Mercedes-Benz Fès Saïss,Entretien,Classe E,,,Fatima Zahra Kettani,,Injection / moteur,4.2,8656.0,"Injecteurs, capteurs moteur",5.0,,
MB102108,2024-06-29,Tanger,Mercedes-Benz Tanger Free Zone,Entretien,Classe E,,,Adil Bouazza,,Vidange & entretien courant,1.4,190.0,"Huile moteur, filtres",4.0,,
MB101240,2024-04-22,Fès,Mercedes-Benz Fès Saïss,Vente,Sprinter,Neuf,Leila Ouazzani,,486855.0,,,,,4.0,5.0,8.0
MB101293,2024-03-30,Marrakech,Mercedes-Benz Marrakech Menara,Vente,Classe E,Neuf,Salma Tazi,,843549.0,,,,,3.0,16.0,20.0
MB101565,2024-02-26,Agadir,Mercedes-Benz Agadir Founty,Entretien,GLA,,,Adil Bouazza,,Pneumatiques,1.0,4295.0,"Pneus, valves",5.0,,
MB100713,2024-09-07,Marrakech,Mercedes-Benz Marrakech Menara,Vente,Vito,Occasion,Hicham Kabbaj,,272332.0,,,,,5.0,7.0,7.0
MB100646,2024-02-26,Marrakech,Mercedes-Benz Marrakech Menara,Vente,Classe C,Occasion,Hicham Kabbaj,,440504.0,,,,,4.0,7.0,71.0
MB103030,2024-06-25,Casablanca,Mercedes-Benz Casablanca Anfa,Entretien,GLE,,,Anas Séfrioui,,Suspension,4.0,2292.0,"Amortisseurs, biellettes",5.0,,
MB102307,2024-10-22,Rabat,Mercedes-Benz Rabat Aviation,Entretien,Classe C,,,Mehdi Lahlou,,Diagnostic électronique,1.6,150.0,Module de contrôle (ECU),5.0,,
MB101360,2024-12-26,Agadir,Mercedes-Benz Agadir Founty,Vente,GLA,Occasion,Imane Berrada,,326265.0,,,,,4.0,13.0,22.0
MB101509,2024-09-07,Agadir,Mercedes-Benz Agadir Founty,Entretien,Classe E,,,Zineb Amrani,,Diagnostic électronique,1.0,408.0,Module de contrôle (ECU),3.0,,
MB100616,2024-10-22,Fès,Mercedes-Benz Fès Saïss,Vente,GLA,Neuf,Rachid Alaoui,,497776.0,,,,,4.0,0.0,17.0
MB100671,2024-05-18,Marrakech,Mercedes-Benz Marrakech Menara,Vente,Classe A,Occasion,Hicham Kabbaj,,293347.0,,,,,4.0,9.0,1.0
MB102760,2024-07-01,Tanger,Mercedes-Benz Tanger Free Zone,Entretien,Classe A,,,Fatima Zahra Kettani,,Pneumatiques,0.5,4723.0,"Pneus, valves",4.0,,
MB102167,2024-08-05,Agadir,Mercedes-Benz Agadir Founty,Entretien,GLA,,,Yassine Rguibi,,Climatisation,2.5,2611.0,"Compresseur, gaz réfrigérant",3.0,,
MB102260,2024-07-27,Tanger,Mercedes-Benz Tanger Free Zone,Entretien,Classe C,,,Fatima Zahra Kettani,,Système électrique,4.2,3087.0,"Batterie, faisceau électrique",5.0,,
MB100901,2024-03-27,Agadir,Mercedes-Benz Agadir Founty,Vente,Classe E,Neuf,Imane Berrada,,801321.0,,,,,4.0,9.0,55.0
MB101819,2024-03-28,Tanger,Mercedes-Benz Tanger Free Zone,Entretien,Classe E,,,Anas Séfrioui,,Vidange & entretien courant,1.3,1573.0,"Huile moteur, filtres",2.0,,
MB100986,2024-06-07,Marrakech,Mercedes-Benz Marrakech Menara,Vente,GLA,Occasion,Imane Berrada,,367634.0,,,,,5.0,12.0,25.0
MB102184,2024-03-16,Marrakech,Mercedes-Benz Marrakech Menara,Entretien,GLC,,,Anas Séfrioui,,Suspension,3.6,3737.0,"Amortisseurs, biellettes",4.0,,
MB102407,2024-05-30,Tanger,Mercedes-Benz Tanger Free Zone,Entretien,Classe C,,,Fatima Zahra Kettani,,Système électrique,5.9,2241.0,"Batterie, faisceau électrique",4.0,,
MB101714,2024-08-09,Marrakech,Mercedes-Benz Marrakech Menara,Entretien,Classe S,,,Anas Séfrioui,,Injection / moteur,6.1,8052.0,"Injecteurs, capteurs moteur",3.0,,
MB100207,2024-11-15,Rabat,Mercedes-Benz Rabat Aviation,Vente,Classe E,Neuf,Salma Tazi,,758464.0,,,,,5.0,13.0,49.0
MB102391,2024-03-31,Casablanca,Mercedes-Benz Casablanca Anfa,Entretien,GLA,,,Yassine Rguibi,,Pneumatiques,2.2,2775.0,"Pneus, valves",4.0,,
MB100031,2024-05-12,Marrakech,Mercedes-Benz Marrakech Menara,Vente,GLA,Occasion,Rachid Alaoui,,360253.0,,,,,4.0,5.0,38.0
MB100259,2024-03-05,Tanger,Mercedes-Benz Tanger Free Zone,Vente,GLE,Neuf,Imane Berrada,,963221.0,,,,,4.0,8.0,22.0
MB102838,2024-04-05,Marrakech,Mercedes-Benz Marrakech Menara,Entretien,Classe A,,,Zineb Amrani,,Vidange & entretien courant,0.5,1657.0,"Huile moteur, filtres",3.0,,
MB100174,2024-10-15,Rabat,Mercedes-Benz Rabat Aviation,Vente,GLC,Neuf,Leila Ouazzani,,569786.0,,,,,4.0,6.0,45.0
MB102016,2024-10-13,Fès,Mercedes-Benz Fès Saïss,Entretien,Vito,,,Yassine Rguibi,,Carrosserie / peinture,8.7,7897.0,"Pare-chocs, peinture",3.0,,
MB102839,2024-11-18,Casablanca,Mercedes-Benz Casablanca Anfa,Entretien,Classe C,,,Fatima Zahra Kettani,,Suspension,3.8,4687.0,"Amortisseurs, biellettes",3.0,,
MB100860,2024-05-20,Tanger,Mercedes-Benz Tanger Free Zone,Vente,Vito,Neuf,Youssef El Amrani,,450178.0,,,,,4.0,8.0,21.0
MB102039,2024-10-31,Fès,Mercedes-Benz Fès Saïss,Entretien,GLE,,,Adil Bouazza,,Suspension,3.3,2264.0,"Amortisseurs, biellettes",4.0,,
MB101733,2024-01-20,Marrakech,Mercedes-Benz Marrakech Menara,Entretien,GLA,,,Mehdi Lahlou,,Carrosserie / peinture,6.2,5930.0,"Pare-chocs, peinture",5.0,,
MB100444,2024-09-28,Casablanca,Mercedes-Benz Casablanca Anfa,Vente,GLA,Neuf,Sara Bennis,,437448.0,,,,,5.0,2.0,23.0
MB101587,2024-08-20,Fès,Mercedes-Benz Fès Saïss,Entretien,GLA,,,Fatima Zahra Kettani,,Climatisation,1.5,1943.0,"Compresseur, gaz réfrigérant",4.0,,
MB100808,2024-05-07,Fès,Mercedes-Benz Fès Saïss,Vente,Classe A,Occasion,Salma Tazi,,287733.0,,,,,3.0,7.0,22.0
MB101256,2024-10-16,Casablanca,Mercedes-Benz Casablanca Anfa,Vente,Vito,Occasion,Hicham Kabbaj,,265986.0,,,,,5.0,11.0,37.0
MB101016,2024-08-07,Agadir,Mercedes-Benz Agadir Founty,Vente,Classe C,Neuf,Leila Ouazzani,,602763.0,,,,,5.0,11.0,17.0
MB101265,2024-12-04,Fès,Mercedes-Benz Fès Saïss,Vente,GLE,Occasion,Salma Tazi,,694727.0,,,,,4.0,4.0,40.0
MB101405,2024-08-11,Fès,Mercedes-Benz Fès Saïss,Entretien,Sprinter,,,Fatima Zahra Kettani,,Freins,1.5,2874.0,"Plaquettes, disques de frein",,,
MB100494,2024-04-17,Marrakech,Mercedes-Benz Marrakech Menara,Vente,Classe A,Neuf,Youssef El Amrani,,341455.0,,,,,4.0,11.0,20.0
MB101272,2024-02-01,Fès,Mercedes-Benz Fès Saïss,Vente,GLE,Neuf,Youssef El Amrani,,951096.0,,,,,5.0,14.0,46.0
MB103009,2024-03-30,Casablanca,Mercedes-Benz Casablanca Anfa,Entretien,Classe A,,,Yassine Rguibi,,Système électrique,3.3,2180.0,"Batterie, faisceau électrique",5.0,,
MB101988,2024-03-19,Marrakech,Mercedes-Benz Marrakech Menara,Entretien,GLA,,,Adil Bouazza,,Freins,2.1,1536.0,"Plaquettes, disques de frein",4.0,,
MB102491,2024-12-28,Rabat,Mercedes-Benz Rabat Aviation,Entretien,GLC,,,Fatima Zahra Kettani,,Injection / moteur,4.9,6212.0,"Injecteurs, capteurs moteur",4.0,,
MB102993,2024-12-17,Casablanca,Mercedes-Benz Casablanca Anfa,Entretien,Vito,,,Mehdi Lahlou,,Boîte de vitesses,7.1,9670.0,"Kit embrayage, huile de boîte",4.0,,
MB101298,2024-11-12,Tanger,Mercedes-Benz Tanger Free Zone,Vente,Classe A,Occasion,Sara Bennis,,288020.0,,,,,4.0,8.0,45.0
MB103002,2024-03-19,Fès,Mercedes-Benz Fès Saïss,Entretien,Classe A,,,Zineb Amrani,,Boîte de vitesses,7.4,9445.0,"Kit embrayage, huile de boîte",4.0,,
MB100973,2024-09-19,Casablanca,Mercedes-Benz Casablanca Anfa,Vente,Classe A,Occasion,Salma Tazi,,287986.0,,,,,5.0,4.0,9.0
MB102393,2024-08-11,Fès,Mercedes-Benz Fès Saïss,Entretien,Classe E,,,Adil Bouazza,,Freins,0.5,2559.0,"Plaquettes, disques de frein",4.0,,
MB100442,2024-05-11,Casablanca,Mercedes-Benz Casablanca Anfa,Vente,GLC,Neuf,Salma Tazi,,586797.0,,,,,5.0,7.0,50.0
MB101144,2024-03-03,Rabat,Mercedes-Benz Rabat Aviation,Vente,Classe A,Neuf,Leila Ouazzani,,411069.0,,,,,4.0,7.0,2.0
MB101550,2024-12-17,Rabat,Mercedes-Benz Rabat Aviation,Entretien,Classe C,,,Zineb Amrani,,Injection / moteur,4.8,7387.0,"Injecteurs, capteurs moteur",5.0,,
MB100690,2024-11-18,Fès,Mercedes-Benz Fès Saïss,Vente,Classe C,Neuf,Salma Tazi,,518713.0,,,,,4.0,5.0,27.0
MB100764,2024-05-04,Rabat,Mercedes-Benz Rabat Aviation,Vente,Classe C,Neuf,Salma Tazi,,603739.0,,,,,4.0,8.0,27.0
MB101709,2024-01-25,Agadir,Mercedes-Benz Agadir Founty,Entretien,Classe S,,,Yassine Rguibi,,Boîte de vitesses,7.5,10333.0,"Kit embrayage, huile de boîte",4.0,,
MB102604,2024-02-05,Agadir,Mercedes-Benz Agadir Founty,Entretien,GLE,,,Adil Bouazza,,Suspension,3.4,3501.0,"Amortisseurs, biellettes",5.0,,
MB102908,2024-06-07,Casablanca,Mercedes-Benz Casablanca Anfa,Entretien,Classe S,,,Anas Séfrioui,,Suspension,2.8,3800.0,"Amortisseurs, biellettes",4.0,,
MB101343,2024-06-29,Rabat,Mercedes-Benz Rabat Aviation,Vente,Classe S,Neuf,Hicham Kabbaj,,1494881.0,,,,,5.0,4.0,36.0
MB100017,2024-02-01,Agadir,Mercedes-Benz Agadir Founty,Vente,GLA,Occasion,Youssef El Amrani,,339336.0,,,,,4.0,10.0,1.0
MB101396,2024-08-19,Rabat,Mercedes-Benz Rabat Aviation,Vente,GLC,Neuf,Nadia Chraibi,,686166.0,,,,,4.0,11.0,8.0
MB102254,2024-02-05,Marrakech,Mercedes-Benz Marrakech Menara,Entretien,Vito,,,Fatima Zahra Kettani,,Carrosserie / peinture,8.6,8131.0,"Pare-chocs, peinture",4.0,,
MB102286,2024-02-01,Casablanca,Mercedes-Benz Casablanca Anfa,Entretien,GLA,,,Yassine Rguibi,,Climatisation,2.5,2578.0,"Compresseur, gaz réfrigérant",4.0,,
MB102553,2024-06-08,Rabat,Mercedes-Benz Rabat Aviation,Entretien,Classe C,,,Mehdi Lahlou,,Climatisation,3.1,2799.0,"Compresseur, gaz réfrigérant",4.0,,
MB101331,2024-02-04,Agadir,Mercedes-Benz Agadir Founty,Vente,Classe S,Occasion,Imane Berrada,,1155309.0,,,,,4.0,10.0,21.0
MB102038,2024-02-10,Marrakech,Mercedes-Benz Marrakech Menara,Entretien,Sprinter,,,Yassine Rguibi,,Suspension,3.9,3400.0,"Amortisseurs, biellettes",4.0,,
MB102334,2024-11-28,Agadir,Mercedes-Benz Agadir Founty,Entretien,GLA,,,Adil Bouazza,,Carrosserie / peinture,8.0,7094.0,"Pare-chocs, peinture",4.0,,
MB101224,2024-11-27,Casablanca,Mercedes-Benz Casablanca Anfa,Vente,Classe C,Neuf,Rachid Alaoui,,480729.0,,,,,4.0,2.0,47.0
MB101187,2024-01-03,Fès,Mercedes-Benz Fès Saïss,Vente,Classe C,Occasion,Sara Bennis,,410065.0,,,,,3.0,7.0,36.0
MB100615,2024-02-07,Tanger,Mercedes-Benz Tanger Free Zone,Vente,GLE,Occasion,Omar Fassi,,682977.0,,,,,4.0,10.0,53.0
MB101843,2024-09-11,Agadir,Mercedes-Benz Agadir Founty,Entretien,GLA,,,Mehdi Lahlou,,Système électrique,4.4,3561.0,"Batterie, faisceau électrique",5.0,,
MB102199,2024-08-09,Casablanca,Mercedes-Benz Casablanca Anfa,Entretien,GLA,,,Adil Bouazza,,Suspension,3.9,2157.0,"Amortisseurs, biellettes",4.0,,
MB100422,2024-03-20,Rabat,Mercedes-Benz Rabat Aviation,Vente,GLE,Occasion,Youssef El Amrani,,594098.0,,,,,4.0,3.0,7.0
MB103055,2024-01-01,Agadir,Mercedes-Benz Agadir Founty,Entretien,Sprinter,,,Zineb Amrani,,Suspension,1.7,4133.0,"Amortisseurs, biellettes",3.0,,
MB101914,2024-08-03,Marrakech,Mercedes-Benz Marrakech Menara,Entretien,Classe A,,,Fatima Zahra Kettani,,Pneumatiques,1.0,1887.0,"Pneus, valves",4.0,,
MB100918,2024-04-19,Agadir,Mercedes-Benz Agadir Founty,Vente,Classe C,Neuf,Omar Fassi,,559646.0,,,,,4.0,9.0,24.0
MB100586,2024-03-31,Tanger,Mercedes-Benz Tanger Free Zone,Vente,Classe A,Neuf,Imane Berrada,,379300.0,,,,,4.0,13.0,26.0
MB101217,2024-05-11,Agadir,Mercedes-Benz Agadir Founty,Vente,Classe A,Neuf,Salma Tazi,,380751.0,,,,,4.0,6.0,40.0
MB102751,2024-12-21,Marrakech,Mercedes-Benz Marrakech Menara,Entretien,Classe A,,,Fatima Zahra Kettani,,Climatisation,0.7,3577.0,"Compresseur, gaz réfrigérant",4.0,,
MB102835,2024-09-05,Agadir,Mercedes-Benz Agadir Founty,Entretien,Classe E,,,Anas Séfrioui,,Vidange & entretien courant,1.4,573.0,"Huile moteur, filtres",4.0,,
MB100077,2024-05-10,Tanger,Mercedes-Benz Tanger Free Zone,Vente,Classe A,Occasion,Rachid Alaoui,,276503.0,,,,,5.0,13.0,39.0
MB100191,2024-09-21,Fès,Mercedes-Benz Fès Saïss,Vente,GLC,Occasion,Youssef El Amrani,,461831.0,,,,,5.0,14.0,34.0
MB101317,2024-05-28,Fès,Mercedes-Benz Fès Saïss,Vente,Classe C,Neuf,Karim Idrissi,,577316.0,,,,,4.0,15.0,1.0
MB102682,2024-10-29,Rabat,Mercedes-Benz Rabat Aviation,Entretien,GLA,,,Anas Séfrioui,,Pneumatiques,0.7,3393.0,"Pneus, valves",4.0,,
MB100998,2024-11-14,Rabat,Mercedes-Benz Rabat Aviation,Vente,Classe C,Neuf,Imane Berrada,,603087.0,,,,,5.0,4.0,30.0
MB102120,2024-03-25,Rabat,Mercedes-Benz Rabat Aviation,Entretien,Sprinter,,,Fatima Zahra Kettani,,Boîte de vitesses,6.0,9826.0,"Kit embrayage, huile de boîte",5.0,,
MB102242,2024-04-24,Tanger,Mercedes-Benz Tanger Free Zone,Entretien,Sprinter,,,Adil Bouazza,,Freins,3.7,2639.0,"Plaquettes, disques de frein",,,
MB101661,2024-06-23,Marrakech,Mercedes-Benz Marrakech Menara,Entretien,GLE,,,Fatima Zahra Kettani,,Boîte de vitesses,5.2,7753.0,"Kit embrayage, huile de boîte",4.0,,
MB100002,2024-04-11,Rabat,Mercedes-Benz Rabat Aviation,Vente,GLC,Neuf,Nadia Chraibi,,608485.0,,,,,4.0,5.0,34.0
MB100640,2024-12-04,Agadir,Mercedes-Benz Agadir Founty,Vente,GLE,Neuf,Imane Berrada,,904488.0,,,,,5.0,12.0,29.0
MB100376,2024-05-24,Tanger,Mercedes-Benz Tanger Free Zone,Vente,Classe E,Occasion,Rachid Alaoui,,583917.0,,,,,4.0,9.0,72.0
MB101478,2024-04-30,Rabat,Mercedes-Benz Rabat Aviation,Entretien,GLA,,,Yassine Rguibi,,Pneumatiques,2.7,3235.0,"Pneus, valves",4.0,,
MB102561,2024-04-29,Agadir,Mercedes-Benz Agadir Founty,Entretien,Classe E,,,Zineb Amrani,,Boîte de vitesses,10.1,10364.0,"Kit embrayage, huile de boîte",5.0,,
MB102061,2024-06-13,Agadir,Mercedes-Benz Agadir Founty,Entretien,Sprinter,,,Anas Séfrioui,,Diagnostic électronique,2.5,150.0,Module de contrôle (ECU),4.0,,
MB102724,2024-07-05,Tanger,Mercedes-Benz Tanger Free Zone,Entretien,GLE,,,Adil Bouazza,,Système électrique,3.6,3558.0,"Batterie, faisceau électrique",4.0,,
MB100746,2024-05-08,Marrakech,Mercedes-Benz Marrakech Menara,Vente,Classe E,Neuf,Karim Idrissi,,762785.0,,,,,4.0,16.0,61.0
MB102754,2024-01-10,Fès,Mercedes-Benz Fès Saïss,Entretien,GLE,,,Zineb Amrani,,Freins,2.9,679.0,"Plaquettes, disques de frein",4.0,,
MB100643,2024-09-23,Rabat,Mercedes-Benz Rabat Aviation,Vente,Vito,Neuf,Karim Idrissi,,444440.0,,,,,4.0,12.0,26.0
MB100190,2024-07-04,Marrakech,Mercedes-Benz Marrakech Menara,Vente,GLC,Occasion,Sara Bennis,,428293.0,,,,,3.0,8.0,1.0
MB102857,2024-05-20,Marrakech,Mercedes-Benz Marrakech Menara,Entretien,GLC,,,Mehdi Lahlou,,Pneumatiques,1.9,3896.0,"Pneus, valves",3.0,,
MB102183,2024-09-04,Agadir,Mercedes-Benz Agadir Founty,Entretien,Classe S,,,Anas Séfrioui,,Boîte de vitesses,6.9,9720.0,"Kit embrayage, huile de boîte",3.0,,
MB101643,2024-08-23,Marrakech,Mercedes-Benz Marrakech Menara,Entretien,Vito,,,Anas Séfrioui,,Boîte de vitesses,3.9,9041.0,"Kit embrayage, huile de boîte",4.0,,
MB101806,2024-08-14,Agadir,Mercedes-Benz Agadir Founty,Entretien,Classe E,,,Fatima Zahra Kettani,,Carrosserie / peinture,8.6,9007.0,"Pare-chocs, peinture",4.0,,
MB100012,2024-07-26,Casablanca,Mercedes-Benz Casablanca Anfa,Vente,Classe C,Occasion,Salma Tazi,,410270.0,,,,,4.0,7.0,58.0
MB100354,2024-04-29,Fès,Mercedes-Benz Fès Saïss,Vente,Classe E,Neuf,Hicham Kabbaj,,831932.0,,,,,3.0,7.0,37.0
MB100351,2024-06-21,Marrakech,Mercedes-Benz Marrakech Menara,Vente,Classe A,Neuf,Rachid Alaoui,,419798.0,,,,,5.0,12.0,68.0
MB102611,2024-12-07,Casablanca,Mercedes-Benz Casablanca Anfa,Entretien,Classe C,,,Zineb Amrani,,Freins,2.3,2790.0,"Plaquettes, disques de frein",4.0,,
MB102427,2024-07-08,Casablanca,Mercedes-Benz Casablanca Anfa,Entretien,Vito,,,Anas Séfrioui,,Injection / moteur,7.4,6750.0,"Injecteurs, capteurs moteur",5.0,,
MB100201,2024-03-01,Agadir,Mercedes-Benz Agadir Founty,Vente,Vito,Occasion,Imane Berrada,,254617.0,,,,,5.0,11.0,23.0
MB101261,2024-02-01,Agadir,Mercedes-Benz Agadir Founty,Vente,Classe S,Occasion,Salma Tazi,,1178957.0,,,,,5.0,5.0,60.0
MB102249,2024-01-08,Tanger,Mercedes-Benz Tanger Free Zone,Entretien,Classe A,,,Yassine Rguibi,,Freins,2.5,1622.0,"Plaquettes, disques de frein",2.0,,
MB101469,2024-10-15,Rabat,Mercedes-Benz Rabat Aviation,Entretien,GLE,,,Mehdi Lahlou,,Système électrique,5.1,2807.0,"Batterie, faisceau électrique",4.0,,
MB100448,2024-09-29,Agadir,Mercedes-Benz Agadir Founty,Vente,Classe A,Occasion,Hicham Kabbaj,,296363.0,,,,,5.0,9.0,18.0
MB102900,2024-09-12,Marrakech,Mercedes-Benz Marrakech Menara,Entretien,GLC,,,Fatima Zahra Kettani,,Boîte de vitesses,7.2,10444.0,"Kit embrayage, huile de boîte",3.0,,
MB102060,2024-07-27,Fès,Mercedes-Benz Fès Saïss,Entretien,Classe S,,,Mehdi Lahlou,,Système électrique,1.6,3703.0,"Batterie, faisceau électrique",5.0,,
MB102923,2024-03-14,Casablanca,Mercedes-Benz Casablanca Anfa,Entretien,Classe A,,,Mehdi Lahlou,,Carrosserie / peinture,8.1,7285.0,"Pare-chocs, peinture",5.0,,
MB100091,2024-07-25,Agadir,Mercedes-Benz Agadir Founty,Vente,Classe A,Neuf,Hicham Kabbaj,,363210.0,,,,,4.0,9.0,44.0
MB100882,2024-03-17,Agadir,Mercedes-Benz Agadir Founty,Vente,Classe C,Occasion,Karim Idrissi,,384330.0,,,,,4.0,6.0,14.0
MB101267,2024-06-17,Rabat,Mercedes-Benz Rabat Aviation,Vente,Classe C,Neuf,Omar Fassi,,547867.0,,,,,5.0,8.0,47.0
MB101059,2024-12-23,Casablanca,Mercedes-Benz Casablanca Anfa,Vente,GLA,Occasion,Rachid Alaoui,,357729.0,,,,,3.0,9.0,82.0
MB101886,2024-01-19,Casablanca,Mercedes-Benz Casablanca Anfa,Entretien,GLC,,,Adil Bouazza,,Pneumatiques,0.5,5118.0,"Pneus, valves",4.0,,
MB102529,2024-03-21,Marrakech,Mercedes-Benz Marrakech Menara,Entretien,Classe C,,,Anas Séfrioui,,Boîte de vitesses,6.4,9352.0,"Kit embrayage, huile de boîte",4.0,,
MB100116,2024-05-01,Marrakech,Mercedes-Benz Marrakech Menara,Vente,GLA,Neuf,Hicham Kabbaj,,440248.0,,,,,5.0,9.0,58.0
MB102836,2024-04-28,Casablanca,Mercedes-Benz Casablanca Anfa,Entretien,Classe S,,,Fatima Zahra Kettani,,Vidange & entretien courant,2.5,2532.0,"Huile moteur, filtres",4.0,,
MB102055,2024-12-02,Agadir,Mercedes-Benz Agadir Founty,Entretien,Vito,,,Anas Séfrioui,,Diagnostic électronique,1.7,150.0,Module de contrôle (ECU),5.0,,
MB102006,2024-08-17,Casablanca,Mercedes-Benz Casablanca Anfa,Entretien,GLC,,,Yassine Rguibi,,Diagnostic électronique,1.0,150.0,Module de contrôle (ECU),4.0,,
MB101206,2024-03-07,Agadir,Mercedes-Benz Agadir Founty,Vente,Classe E,Neuf,Imane Berrada,,790749.0,,,,,4.0,7.0,14.0
MB100407,2024-04-17,Rabat,Mercedes-Benz Rabat Aviation,Vente,GLA,Occasion,Karim Idrissi,,346114.0,,,,,3.0,10.0,46.0
MB102992,2024-03-31,Rabat,Mercedes-Benz Rabat Aviation,Entretien,Classe A,,,Anas Séfrioui,,Système électrique,4.3,3579.0,"Batterie, faisceau électrique",4.0,,
MB102958,2024-02-05,Marrakech,Mercedes-Benz Marrakech Menara,Entretien,Classe C,,,Anas Séfrioui,,Carrosserie / peinture,8.5,7638.0,"Pare-chocs, peinture",4.0,,
MB101028,2024-12-10,Tanger,Mercedes-Benz Tanger Free Zone,Vente,GLA,Neuf,Nadia Chraibi,,471145.0,,,,,3.0,10.0,21.0
MB102934,2024-12-12,Agadir,Mercedes-Benz Agadir Founty,Entretien,Classe A,,,Anas Séfrioui,,Freins,2.8,2554.0,"Plaquettes, disques de frein",4.0,,
MB102089,2024-04-26,Casablanca,Mercedes-Benz Casablanca Anfa,Entretien,Classe C,,,Adil Bouazza,,Diagnostic électronique,2.0,642.0,Module de contrôle (ECU),5.0,,
MB102064,2024-11-07,Rabat,Mercedes-Benz Rabat Aviation,Entretien,Sprinter,,,Adil Bouazza,,Pneumatiques,1.5,3008.0,"Pneus, valves",4.0,,
MB101614,2024-09-23,Casablanca,Mercedes-Benz Casablanca Anfa,Entretien,GLC,,,Adil Bouazza,,Boîte de vitesses,7.5,9527.0,"Kit embrayage, huile de boîte",5.0,,
MB102723,2024-03-27,Fès,Mercedes-Benz Fès Saïss,Entretien,GLE,,,Mehdi Lahlou,,Diagnostic électronique,0.5,150.0,Module de contrôle (ECU),4.0,,
MB101743,2024-02-14,Rabat,Mercedes-Benz Rabat Aviation,Entretien,Vito,,,Yassine Rguibi,,Diagnostic électronique,0.5,2417.0,Module de contrôle (ECU),5.0,,
MB102546,2024-05-07,Rabat,Mercedes-Benz Rabat Aviation,Entretien,Classe C,,,Zineb Amrani,,Suspension,2.0,2055.0,"Amortisseurs, biellettes",3.0,,
MB102394,2024-06-26,Tanger,Mercedes-Benz Tanger Free Zone,Entretien,GLE,,,Fatima Zahra Kettani,,Climatisation,0.5,2450.0,"Compresseur, gaz réfrigérant",5.0,,
MB103063,2024-02-11,Tanger,Mercedes-Benz Tanger Free Zone,Entretien,Classe A,,,Yassine Rguibi,,Diagnostic électronique,1.0,1801.0,Module de contrôle (ECU),5.0,,
MB100326,2024-09-12,Fès,Mercedes-Benz Fès Saïss,Vente,GLA,Neuf,Nadia Chraibi,,467198.0,,,,,4.0,5.0,11.0
MB100941,2024-12-09,Casablanca,Mercedes-Benz Casablanca Anfa,Vente,Classe C,Occasion,Leila Ouazzani,,354754.0,,,,,4.0,3.0,28.0
MB101385,2024-10-02,Tanger,Mercedes-Benz Tanger Free Zone,Vente,Classe A,Neuf,Hicham Kabbaj,,390179.0,,,,,5.0,6.0,44.0
MB102759,2024-04-21,Casablanca,Mercedes-Benz Casablanca Anfa,Entretien,GLE,,,Fatima Zahra Kettani,,Vidange & entretien courant,2.1,150.0,"Huile moteur, filtres",4.0,,
MB101095,2024-02-15,Tanger,Mercedes-Benz Tanger Free Zone,Vente,Classe E,Occasion,Nadia Chraibi,,582708.0,,,,,4.0,6.0,26.0
MB101837,2024-11-03,Fès,Mercedes-Benz Fès Saïss,Entretien,Classe S,,,Fatima Zahra Kettani,,Boîte de vitesses,5.8,10219.0,"Kit embrayage, huile de boîte",5.0,,
MB102351,2024-10-28,Casablanca,Mercedes-Benz Casablanca Anfa,Entretien,GLE,,,Yassine Rguibi,,Carrosserie / peinture,7.5,7848.0,"Pare-chocs, peinture",4.0,,
MB100853,2024-12-05,Agadir,Mercedes-Benz Agadir Founty,Vente,Classe A,Neuf,Leila Ouazzani,,369441.0,,,,,4.0,6.0,45.0
MB102862,2024-10-24,Casablanca,Mercedes-Benz Casablanca Anfa,Entretien,Classe E,,,Mehdi Lahlou,,Vidange & entretien courant,0.5,2018.0,"Huile moteur, filtres",4.0,,
MB101103,2024-06-21,Rabat,Mercedes-Benz Rabat Aviation,Vente,GLE,Neuf,Leila Ouazzani,,858115.0,,,,,5.0,13.0,11.0
MB100779,2024-01-09,Fès,Mercedes-Benz Fès Saïss,Vente,Classe A,Neuf,Rachid Alaoui,,400978.0,,,,,5.0,13.0,72.0
MB101130,2024-07-15,Marrakech,Mercedes-Benz Marrakech Menara,Vente,GLC,Neuf,Sara Bennis,,696881.0,,,,,5.0,12.0,33.0
MB102814,2024-01-12,Tanger,Mercedes-Benz Tanger Free Zone,Entretien,Sprinter,,,Fatima Zahra Kettani,,Diagnostic électronique,0.6,2123.0,Module de contrôle (ECU),4.0,,
MB102655,2024-06-12,Casablanca,Mercedes-Benz Casablanca Anfa,Entretien,Classe C,,,Anas Séfrioui,,Vidange & entretien courant,1.7,150.0,"Huile moteur, filtres",3.0,,
MB102586,2024-11-24,Tanger,Mercedes-Benz Tanger Free Zone,Entretien,Classe A,,,Anas Séfrioui,,Climatisation,3.8,2035.0,"Compresseur, gaz réfrigérant",3.0,,
MB102163,2024-09-29,Agadir,Mercedes-Benz Agadir Founty,Entretien,Classe C,,,Yassine Rguibi,,Climatisation,2.9,3265.0,"Compresseur, gaz réfrigérant",5.0,,
MB100141,2024-09-16,Agadir,Mercedes-Benz Agadir Founty,Vente,Classe E,Neuf,Hicham Kabbaj,,672829.0,,,,,4.0,12.0,34.0
MB102595,2024-07-02,Marrakech,Mercedes-Benz Marrakech Menara,Entretien,Sprinter,,,Fatima Zahra Kettani,,Pneumatiques,1.3,3788.0,"Pneus, valves",3.0,,
MB101873,2024-05-29,Casablanca,Mercedes-Benz Casablanca Anfa,Entretien,Classe C,,,Anas Séfrioui,,Suspension,3.8,3322.0,"Amortisseurs, biellettes",4.0,,
MB101186,2024-04-07,Casablanca,Mercedes-Benz Casablanca Anfa,Vente,GLE,Neuf,Imane Berrada,,803132.0,,,,,5.0,7.0,84.0
MB100390,2024-01-24,Fès,Mercedes-Benz Fès Saïss,Vente,Classe E,Neuf,Nadia Chraibi,,697738.0,,,,,4.0,8.0,40.0
MB101232,2024-03-16,Agadir,Mercedes-Benz Agadir Founty,Vente,Classe C,Neuf,Karim Idrissi,,531656.0,,,,,4.0,8.0,28.0
MB100821,2024-12-14,Agadir,Mercedes-Benz Agadir Founty,Vente,GLC,Occasion,Rachid Alaoui,,427006.0,,,,,4.0,5.0,35.0
MB102704,2024-12-06,Rabat,Mercedes-Benz Rabat Aviation,Entretien,Vito,,,Anas Séfrioui,,Suspension,2.6,2537.0,"Amortisseurs, biellettes",4.0,,
MB100698,2024-06-27,Rabat,Mercedes-Benz Rabat Aviation,Vente,GLE,Neuf,Rachid Alaoui,,971983.0,,,,,4.0,3.0,37.0
MB102265,2024-04-25,Casablanca,Mercedes-Benz Casablanca Anfa,Entretien,Sprinter,,,Yassine Rguibi,,Pneumatiques,1.0,3954.0,"Pneus, valves",3.0,,
MB101356,2024-01-30,Casablanca,Mercedes-Benz Casablanca Anfa,Vente,Classe A,Occasion,Nadia Chraibi,,249711.0,,,,,5.0,12.0,50.0
MB100485,2024-02-07,Rabat,Mercedes-Benz Rabat Aviation,Vente,Classe E,Neuf,Leila Ouazzani,,806537.0,,,,,5.0,8.0,30.0
MB101137,2024-07-02,Fès,Mercedes-Benz Fès Saïss,Vente,Classe E,Neuf,Hicham Kabbaj,,773242.0,,,,,5.0,13.0,31.0
MB101508,2024-02-16,Marrakech,Mercedes-Benz Marrakech Menara,Entretien,GLA,,,Mehdi Lahlou,,Carrosserie / peinture,8.2,8297.0,"Pare-chocs, peinture",4.0,,
MB102726,2024-05-22,Agadir,Mercedes-Benz Agadir Founty,Entretien,GLC,,,Yassine Rguibi,,Boîte de vitesses,7.5,9489.0,"Kit embrayage, huile de boîte",4.0,,
MB101897,2024-10-24,Tanger,Mercedes-Benz Tanger Free Zone,Entretien,GLA,,,Yassine Rguibi,,Injection / moteur,5.0,7489.0,"Injecteurs, capteurs moteur",5.0,,
MB101376,2024-05-18,Tanger,Mercedes-Benz Tanger Free Zone,Vente,Classe A,Occasion,Omar Fassi,,244512.0,,,,,5.0,19.0,6.0
MB102521,2024-04-24,Rabat,Mercedes-Benz Rabat Aviation,Entretien,Classe E,,,Fatima Zahra Kettani,,Pneumatiques,1.7,3596.0,"Pneus, valves",3.0,,
MB102378,2024-07-31,Tanger,Mercedes-Benz Tanger Free Zone,Entretien,Classe E,,,Adil Bouazza,,Vidange & entretien courant,2.7,150.0,"Huile moteur, filtres",5.0,,
MB102949,2024-05-04,Tanger,Mercedes-Benz Tanger Free Zone,Entretien,Classe E,,,Fatima Zahra Kettani,,Pneumatiques,0.5,3538.0,"Pneus, valves",3.0,,
MB100025,2024-04-18,Fès,Mercedes-Benz Fès Saïss,Vente,GLE,Neuf,Hicham Kabbaj,,963127.0,,,,,4.0,8.0,35.0
MB101454,2024-10-27,Tanger,Mercedes-Benz Tanger Free Zone,Entretien,Sprinter,,,Mehdi Lahlou,,Pneumatiques,1.9,3724.0,"Pneus, valves",5.0,,
MB100102,2024-10-02,Casablanca,Mercedes-Benz Casablanca Anfa,Vente,Classe C,Neuf,Hicham Kabbaj,,526355.0,,,,,4.0,7.0,36.0
MB100629,2024-09-01,Marrakech,Mercedes-Benz Marrakech Menara,Vente,Classe A,Neuf,Leila Ouazzani,,348645.0,,,,,4.0,9.0,33.0
MB101853,2024-08-05,Rabat,Mercedes-Benz Rabat Aviation,Entretien,Classe E,,,Zineb Amrani,,Freins,2.1,2644.0,"Plaquettes, disques de frein",4.0,,
MB100993,2024-08-02,Fès,Mercedes-Benz Fès Saïss,Vente,Classe A,Neuf,Rachid Alaoui,,343284.0,,,,,4.0,15.0,26.0
MB101726,2024-04-05,Casablanca,Mercedes-Benz Casablanca Anfa,Entretien,GLE,,,Yassine Rguibi,,Injection / moteur,5.1,7860.0,"Injecteurs, capteurs moteur",3.0,,
MB102808,2024-07-06,Fès,Mercedes-Benz Fès Saïss,Entretien,Classe E,,,Fatima Zahra Kettani,,Suspension,4.1,3457.0,"Amortisseurs, biellettes",5.0,,
MB102339,2024-07-31,Casablanca,Mercedes-Benz Casablanca Anfa,Entretien,Classe C,,,Mehdi Lahlou,,Freins,0.5,3639.0,"Plaquettes, disques de frein",4.0,,
MB100009,2024-07-23,Marrakech,Mercedes-Benz Marrakech Menara,Vente,GLA,Occasion,Rachid Alaoui,,313257.0,,,,,4.0,8.0,52.0
MB101067,2024-01-23,Casablanca,Mercedes-Benz Casablanca Anfa,Vente,GLA,Neuf,Omar Fassi,,494560.0,,,,,4.0,7.0,61.0
MB100364,2024-06-20,Marrakech,Mercedes-Benz Marrakech Menara,Vente,GLC,Occasion,Hicham Kabbaj,,446059.0,,,,,5.0,11.0,17.0
MB103029,2024-01-07,Marrakech,Mercedes-Benz Marrakech Menara,Entretien,GLA,,,Fatima Zahra Kettani,,Vidange & entretien courant,1.2,150.0,"Huile moteur, filtres",5.0,,
MB101014,2024-01-18,Rabat,Mercedes-Benz Rabat Aviation,Vente,Classe S,Occasion,Rachid Alaoui,,1008002.0,,,,,5.0,11.0,39.0
MB100401,2024-04-13,Marrakech,Mercedes-Benz Marrakech Menara,Vente,Classe A,Neuf,Salma Tazi,,351700.0,,,,,4.0,2.0,33.0
MB102272,2024-02-27,Tanger,Mercedes-Benz Tanger Free Zone,Entretien,GLA,,,Mehdi Lahlou,,Boîte de vitesses,7.7,10640.0,"Kit embrayage, huile de boîte",4.0,,
MB103089,2024-08-25,Rabat,Mercedes-Benz Rabat Aviation,Entretien,Classe E,,,Mehdi Lahlou,,Boîte de vitesses,4.7,9227.0,"Kit embrayage, huile de boîte",5.0,,
MB101649,2024-01-03,Marrakech,Mercedes-Benz Marrakech Menara,Entretien,GLE,,,Mehdi Lahlou,,Boîte de vitesses,6.2,9591.0,"Kit embrayage, huile de boîte",3.0,,
MB101589,2024-10-20,Rabat,Mercedes-Benz Rabat Aviation,Entretien,Classe E,,,Mehdi Lahlou,,Boîte de vitesses,6.3,10080.0,"Kit embrayage, huile de boîte",4.0,,
MB102920,2024-06-22,Casablanca,Mercedes-Benz Casablanca Anfa,Entretien,GLA,,,Yassine Rguibi,,Système électrique,2.7,3552.0,"Batterie, faisceau électrique",3.0,,
MB101234,2024-10-22,Marrakech,Mercedes-Benz Marrakech Menara,Vente,Classe C,Occasion,Hicham Kabbaj,,366585.0,,,,,4.0,14.0,50.0
MB100039,2024-11-20,Fès,Mercedes-Benz Fès Saïss,Vente,GLC,Occasion,Salma Tazi,,417685.0,,,,,4.0,7.0,1.0
MB102186,2024-01-28,Fès,Mercedes-Benz Fès Saïss,Entretien,GLA,,,Fatima Zahra Kettani,,Carrosserie / peinture,9.0,6856.0,"Pare-chocs, peinture",4.0,,
MB100865,2024-01-08,Agadir,Mercedes-Benz Agadir Founty,Vente,Classe E,Neuf,Karim Idrissi,,656720.0,,,,,3.0,4.0,48.0
MB100346,2024-09-02,Tanger,Mercedes-Benz Tanger Free Zone,Vente,Classe C,Neuf,Sara Bennis,,486871.0,,,,,4.0,13.0,44.0
MB102189,2024-12-26,Marrakech,Mercedes-Benz Marrakech Menara,Entretien,Sprinter,,,Mehdi Lahlou,,Diagnostic électronique,0.6,911.0,Module de contrôle (ECU),4.0,,
MB100386,2024-05-16,Marrakech,Mercedes-Benz Marrakech Menara,Vente,GLA,Neuf,Omar Fassi,,462998.0,,,,,3.0,3.0,49.0
MB103085,2024-11-15,Rabat,Mercedes-Benz Rabat Aviation,Entretien,Classe C,,,Zineb Amrani,,Diagnostic électronique,1.6,1990.0,Module de contrôle (ECU),4.0,,
MB102685,2024-06-13,Fès,Mercedes-Benz Fès Saïss,Entretien,Vito,,,Yassine Rguibi,,Injection / moteur,5.6,7210.0,"Injecteurs, capteurs moteur",3.0,,
MB100788,2024-07-14,Agadir,Mercedes-Benz Agadir Founty,Vente,Classe E,Neuf,Salma Tazi,,687257.0,,,,,5.0,16.0,20.0
MB100208,2024-08-27,Rabat,Mercedes-Benz Rabat Aviation,Vente,Classe A,Occasion,Leila Ouazzani,,256954.0,,,,,3.0,12.0,94.0
MB102068,2024-06-19,Rabat,Mercedes-Benz Rabat Aviation,Entretien,GLC,,,Zineb Amrani,,Système électrique,4.4,2995.0,"Batterie, faisceau électrique",4.0,,
MB101054,2024-08-03,Fès,Mercedes-Benz Fès Saïss,Vente,Classe E,Neuf,Rachid Alaoui,,682103.0,,,,,5.0,9.0,1.0
MB100521,2024-03-19,Fès,Mercedes-Benz Fès Saïss,Vente,GLA,Neuf,Salma Tazi,,507012.0,,,,,5.0,17.0,58.0
MB101861,2024-06-21,Tanger,Mercedes-Benz Tanger Free Zone,Entretien,Classe A,,,Yassine Rguibi,,Carrosserie / peinture,7.9,8125.0,"Pare-chocs, peinture",4.0,,
MB101967,2024-09-11,Rabat,Mercedes-Benz Rabat Aviation,Entretien,Classe C,,,Adil Bouazza,,Climatisation,3.0,3312.0,"Compresseur, gaz réfrigérant",5.0,,
MB100049,2024-12-29,Fès,Mercedes-Benz Fès Saïss,Vente,Classe S,Occasion,Karim Idrissi,,1037731.0,,,,,5.0,16.0,46.0
MB102076,2024-11-03,Casablanca,Mercedes-Benz Casablanca Anfa,Entretien,Classe E,,,Adil Bouazza,,Carrosserie / peinture,7.5,6513.0,"Pare-chocs, peinture",5.0,,
MB100670,2024-01-28,Agadir,Mercedes-Benz Agadir Founty,Vente,Classe A,Neuf,Hicham Kabbaj,,419474.0,,,,,4.0,13.0,1.0
MB103068,2024-08-07,Rabat,Mercedes-Benz Rabat Aviation,Entretien,Classe E,,,Fatima Zahra Kettani,,Vidange & entretien courant,0.5,187.0,"Huile moteur, filtres",3.0,,
MB101930,2024-06-22,Rabat,Mercedes-Benz Rabat Aviation,Entretien,Sprinter,,,Anas Séfrioui,,Boîte de vitesses,7.0,9830.0,"Kit embrayage, huile de boîte",3.0,,
MB101958,2024-09-06,Marrakech,Mercedes-Benz Marrakech Menara,Entretien,Vito,,,Adil Bouazza,,Freins,0.5,1709.0,"Plaquettes, disques de frein",5.0,,
MB102239,2024-04-01,Fès,Mercedes-Benz Fès Saïss,Entretien,GLE,,,Adil Bouazza,,Carrosserie / peinture,7.0,7179.0,"Pare-chocs, peinture",2.0,,
MB100294,2024-06-25,Tanger,Mercedes-Benz Tanger Free Zone,Vente,Classe C,Occasion,Hicham Kabbaj,,347777.0,,,,,3.0,7.0,21.0
MB102796,2024-04-23,Casablanca,Mercedes-Benz Casablanca Anfa,Entretien,Classe S,,,Yassine Rguibi,,Pneumatiques,2.8,4098.0,"Pneus, valves",4.0,,
MB100895,2024-12-22,Tanger,Mercedes-Benz Tanger Free Zone,Vente,GLE,Occasion,Hicham Kabbaj,,676007.0,,,,,5.0,3.0,50.0
MB102762,2024-10-31,Rabat,Mercedes-Benz Rabat Aviation,Entretien,Classe E,,,Fatima Zahra Kettani,,Vidange & entretien courant,3.1,150.0,"Huile moteur, filtres",4.0,,
MB102699,2024-02-17,Tanger,Mercedes-Benz Tanger Free Zone,Entretien,GLE,,,Adil Bouazza,,Système électrique,4.0,2971.0,"Batterie, faisceau électrique",4.0,,
MB100984,2024-02-16,Tanger,Mercedes-Benz Tanger Free Zone,Vente,Classe A,Neuf,Omar Fassi,,345515.0,,,,,3.0,0.0,45.0
MB101113,2024-12-02,Tanger,Mercedes-Benz Tanger Free Zone,Vente,Classe A,Neuf,Youssef El Amrani,,409453.0,,,,,5.0,8.0,54.0
MB100632,2024-09-22,Agadir,Mercedes-Benz Agadir Founty,Vente,Classe C,Neuf,Youssef El Amrani,,570704.0,,,,,5.0,11.0,35.0
MB101659,2024-10-19,Marrakech,Mercedes-Benz Marrakech Menara,Entretien,GLA,,,Anas Séfrioui,,Freins,3.4,2394.0,"Plaquettes, disques de frein",5.0,,
MB100213,2024-09-23,Casablanca,Mercedes-Benz Casablanca Anfa,Vente,GLA,Neuf,Rachid Alaoui,,507510.0,,,,,4.0,6.0,74.0
MB102244,2024-07-05,Casablanca,Mercedes-Benz Casablanca Anfa,Entretien,GLE,,,Yassine Rguibi,,Diagnostic électronique,3.7,894.0,Module de contrôle (ECU),4.0,,
MB101288,2024-07-13,Agadir,Mercedes-Benz Agadir Founty,Vente,Classe A,Neuf,Youssef El Amrani,,340119.0,,,,,5.0,11.0,58.0
MB101907,2024-12-19,Agadir,Mercedes-Benz Agadir Founty,Entretien,Classe E,,,Adil Bouazza,,Système électrique,3.4,2672.0,"Batterie, faisceau électrique",4.0,,
MB101420,2024-12-13,Marrakech,Mercedes-Benz Marrakech Menara,Entretien,GLE,,,Anas Séfrioui,,Boîte de vitesses,6.3,8484.0,"Kit embrayage, huile de boîte",5.0,,
MB102290,2024-01-25,Casablanca,Mercedes-Benz Casablanca Anfa,Entretien,Classe A,,,Adil Bouazza,,Injection / moteur,3.4,4855.0,"Injecteurs, capteurs moteur",5.0,,
MB102756,2024-08-10,Casablanca,Mercedes-Benz Casablanca Anfa,Entretien,GLA,,,Mehdi Lahlou,,Injection / moteur,6.0,7224.0,"Injecteurs, capteurs moteur",5.0,,
MB102728,2024-07-07,Rabat,Mercedes-Benz Rabat Aviation,Entretien,Sprinter,,,Mehdi Lahlou,,Boîte de vitesses,6.1,8717.0,"Kit embrayage, huile de boîte",3.0,,
MB102000,2024-09-08,Rabat,Mercedes-Benz Rabat Aviation,Entretien,Classe E,,,Mehdi Lahlou,,Pneumatiques,1.9,3723.0,"Pneus, valves",4.0,,
MB102582,2024-08-21,Tanger,Mercedes-Benz Tanger Free Zone,Entretien,Classe C,,,Yassine Rguibi,,Boîte de vitesses,7.4,11467.0,"Kit embrayage, huile de boîte",4.0,,
MB101797,2024-10-18,Marrakech,Mercedes-Benz Marrakech Menara,Entretien,Sprinter,,,Adil Bouazza,,Vidange & entretien courant,1.2,150.0,"Huile moteur, filtres",3.0,,
MB101936,2024-07-23,Casablanca,Mercedes-Benz Casablanca Anfa,Entretien,GLA,,,Yassine Rguibi,,Boîte de vitesses,4.5,9298.0,"Kit embrayage, huile de boîte",4.0,,
MB101876,2024-09-30,Fès,Mercedes-Benz Fès Saïss,Entretien,Sprinter,,,Fatima Zahra Kettani,,Suspension,4.4,4629.0,"Amortisseurs, biellettes",4.0,,
MB100224,2024-09-03,Rabat,Mercedes-Benz Rabat Aviation,Vente,GLA,Occasion,Imane Berrada,,357098.0,,,,,4.0,17.0,39.0
MB101378,2024-10-06,Fès,Mercedes-Benz Fès Saïss,Vente,GLA,Neuf,Youssef El Amrani,,481928.0,,,,,3.0,5.0,18.0
MB100524,2024-09-14,Tanger,Mercedes-Benz Tanger Free Zone,Vente,Classe C,Neuf,Rachid Alaoui,,571779.0,,,,,5.0,9.0,43.0
MB100230,2024-03-28,Rabat,Mercedes-Benz Rabat Aviation,Vente,Classe C,Neuf,Karim Idrissi,,523756.0,,,,,4.0,8.0,46.0
MB103001,2024-07-19,Fès,Mercedes-Benz Fès Saïss,Entretien,Classe A,,,Anas Séfrioui,,Carrosserie / peinture,9.1,6608.0,"Pare-chocs, peinture",3.0,,
MB102397,2024-02-20,Fès,Mercedes-Benz Fès Saïss,Entretien,Classe A,,,Yassine Rguibi,,Injection / moteur,4.6,6657.0,"Injecteurs, capteurs moteur",4.0,,
MB102834,2024-11-16,Tanger,Mercedes-Benz Tanger Free Zone,Entretien,Classe C,,,Fatima Zahra Kettani,,Injection / moteur,5.4,6356.0,"Injecteurs, capteurs moteur",4.0,,
MB101505,2024-10-12,Casablanca,Mercedes-Benz Casablanca Anfa,Entretien,Classe S,,,Mehdi Lahlou,,Suspension,3.0,3237.0,"Amortisseurs, biellettes",3.0,,
MB101838,2024-05-15,Tanger,Mercedes-Benz Tanger Free Zone,Entretien,GLE,,,Zineb Amrani,,Boîte de vitesses,3.3,10353.0,"Kit embrayage, huile de boîte",4.0,,
MB102305,2024-04-18,Marrakech,Mercedes-Benz Marrakech Menara,Entretien,GLE,,,Adil Bouazza,,Système électrique,3.1,1111.0,"Batterie, faisceau électrique",3.0,,
MB100584,2024-01-17,Fès,Mercedes-Benz Fès Saïss,Vente,GLC,Occasion,Imane Berrada,,447392.0,,,,,5.0,8.0,28.0
MB101939,2024-03-31,Marrakech,Mercedes-Benz Marrakech Menara,Entretien,GLE,,,Yassine Rguibi,,Diagnostic électronique,0.5,722.0,Module de contrôle (ECU),5.0,,
MB101124,2024-02-11,Marrakech,Mercedes-Benz Marrakech Menara,Vente,GLC,Neuf,Omar Fassi,,590613.0,,,,,4.0,6.0,12.0
MB100829,2024-01-14,Casablanca,Mercedes-Benz Casablanca Anfa,Vente,Classe E,Neuf,Leila Ouazzani,,845219.0,,,,,5.0,5.0,43.0
MB102855,2024-03-29,Casablanca,Mercedes-Benz Casablanca Anfa,Entretien,Sprinter,,,Mehdi Lahlou,,Diagnostic électronique,0.5,150.0,Module de contrôle (ECU),3.0,,
MB102541,2024-10-14,Fès,Mercedes-Benz Fès Saïss,Entretien,Classe E,,,Adil Bouazza,,Vidange & entretien courant,3.0,150.0,"Huile moteur, filtres",3.0,,
MB102379,2024-07-07,Tanger,Mercedes-Benz Tanger Free Zone,Entretien,Classe C,,,Anas Séfrioui,,Boîte de vitesses,6.0,9578.0,"Kit embrayage, huile de boîte",3.0,,
MB103082,2024-07-12,Marrakech,Mercedes-Benz Marrakech Menara,Entretien,Vito,,,Adil Bouazza,,Climatisation,3.3,3932.0,"Compresseur, gaz réfrigérant",5.0,,
MB100822,2024-05-20,Agadir,Mercedes-Benz Agadir Founty,Vente,Classe A,Neuf,Salma Tazi,,419059.0,,,,,5.0,9.0,38.0
MB101721,2024-12-07,Marrakech,Mercedes-Benz Marrakech Menara,Entretien,GLC,,,Yassine Rguibi,,Diagnostic électronique,3.0,150.0,Module de contrôle (ECU),4.0,,
MB101250,2024-06-28,Casablanca,Mercedes-Benz Casablanca Anfa,Vente,Classe C,Neuf,Salma Tazi,,516815.0,,,,,4.0,4.0,63.0
MB101205,2024-05-06,Agadir,Mercedes-Benz Agadir Founty,Vente,GLC,Occasion,Leila Ouazzani,,452405.0,,,,,4.0,6.0,91.0
MB101903,2024-07-07,Tanger,Mercedes-Benz Tanger Free Zone,Entretien,Classe C,,,Zineb Amrani,,Climatisation,3.6,1722.0,"Compresseur, gaz réfrigérant",4.0,,
MB101851,2024-01-02,Agadir,Mercedes-Benz Agadir Founty,Entretien,Classe S,,,Fatima Zahra Kettani,,Boîte de vitesses,6.6,11388.0,"Kit embrayage, huile de boîte",4.0,,
MB100399,2024-08-14,Tanger,Mercedes-Benz Tanger Free Zone,Vente,GLA,Neuf,Salma Tazi,,515921.0,,,,,4.0,14.0,41.0
MB102827,2024-04-06,Tanger,Mercedes-Benz Tanger Free Zone,Entretien,GLC,,,Mehdi Lahlou,,Système électrique,3.5,2138.0,"Batterie, faisceau électrique",4.0,,
MB102875,2024-11-26,Casablanca,Mercedes-Benz Casablanca Anfa,Entretien,Classe S,,,Mehdi Lahlou,,Pneumatiques,1.1,2781.0,"Pneus, valves",4.0,,
MB100892,2024-09-09,Rabat,Mercedes-Benz Rabat Aviation,Vente,GLC,Neuf,Imane Berrada,,667383.0,,,,,4.0,11.0,16.0
MB100748,2024-12-08,Agadir,Mercedes-Benz Agadir Founty,Vente,Classe A,Neuf,Salma Tazi,,412508.0,,,,,4.0,12.0,39.0
MB101570,2024-08-20,Fès,Mercedes-Benz Fès Saïss,Entretien,Classe C,,,Yassine Rguibi,,Pneumatiques,0.5,3988.0,"Pneus, valves",4.0,,
MB102029,2024-04-22,Fès,Mercedes-Benz Fès Saïss,Entretien,Classe A,,,Adil Bouazza,,Freins,0.5,1994.0,"Plaquettes, disques de frein",5.0,,
MB100038,2024-07-08,Casablanca,Mercedes-Benz Casablanca Anfa,Vente,GLA,Neuf,Karim Idrissi,,426421.0,,,,,4.0,4.0,29.0
MB103008,2024-01-15,Tanger,Mercedes-Benz Tanger Free Zone,Entretien,GLE,,,Adil Bouazza,,Système électrique,5.3,2055.0,"Batterie, faisceau électrique",5.0,,
MB102417,2024-10-10,Marrakech,Mercedes-Benz Marrakech Menara,Entretien,Classe A,,,Mehdi Lahlou,,Pneumatiques,0.5,5275.0,"Pneus, valves",5.0,,
MB102882,2024-03-29,Rabat,Mercedes-Benz Rabat Aviation,Entretien,GLC,,,Adil Bouazza,,Pneumatiques,1.3,3932.0,"Pneus, valves",4.0,,
MB102936,2024-11-28,Rabat,Mercedes-Benz Rabat Aviation,Entretien,Sprinter,,,Mehdi Lahlou,,Injection / moteur,5.4,6336.0,"Injecteurs, capteurs moteur",3.0,,
MB102122,2024-06-07,Marrakech,Mercedes-Benz Marrakech Menara,Entretien,Classe C,,,Fatima Zahra Kettani,,Vidange & entretien courant,2.3,2336.0,"Huile moteur, filtres",4.0,,
MB101768,2024-08-05,Rabat,Mercedes-Benz Rabat Aviation,Entretien,Vito,,,Fatima Zahra Kettani,,Vidange & entretien courant,1.4,687.0,"Huile moteur, filtres",3.0,,
MB101847,2024-07-22,Rabat,Mercedes-Benz Rabat Aviation,Entretien,Classe C,,,Yassine Rguibi,,Diagnostic électronique,1.5,1830.0,Module de contrôle (ECU),4.0,,
MB100373,2024-06-18,Tanger,Mercedes-Benz Tanger Free Zone,Vente,Sprinter,Occasion,Hicham Kabbaj,,408149.0,,,,,4.0,2.0,11.0
MB101162,2024-11-07,Tanger,Mercedes-Benz Tanger Free Zone,Vente,Classe E,Occasion,Nadia Chraibi,,599975.0,,,,,4.0,8.0,77.0
MB102389,2024-10-14,Marrakech,Mercedes-Benz Marrakech Menara,Entretien,Sprinter,,,Fatima Zahra Kettani,,Pneumatiques,0.7,3420.0,"Pneus, valves",5.0,,
MB102868,2024-12-07,Agadir,Mercedes-Benz Agadir Founty,Entretien,GLE,,,Fatima Zahra Kettani,,Boîte de vitesses,6.7,9676.0,"Kit embrayage, huile de boîte",5.0,,
MB101904,2024-05-19,Fès,Mercedes-Benz Fès Saïss,Entretien,Classe C,,,Adil Bouazza,,Carrosserie / peinture,7.9,8050.0,"Pare-chocs, peinture",4.0,,
MB102137,2024-09-18,Agadir,Mercedes-Benz Agadir Founty,Entretien,Classe S,,,Fatima Zahra Kettani,,Diagnostic électronique,0.5,1116.0,Module de contrôle (ECU),3.0,,
MB102856,2024-03-03,Marrakech,Mercedes-Benz Marrakech Menara,Entretien,GLA,,,Yassine Rguibi,,Freins,2.6,2890.0,"Plaquettes, disques de frein",2.0,,
MB101874,2024-05-14,Rabat,Mercedes-Benz Rabat Aviation,Entretien,GLE,,,Zineb Amrani,,Injection / moteur,3.0,6722.0,"Injecteurs, capteurs moteur",4.0,,
MB101092,2024-08-26,Tanger,Mercedes-Benz Tanger Free Zone,Vente,GLA,Occasion,Youssef El Amrani,,314426.0,,,,,4.0,8.0,80.0
MB101147,2024-02-16,Marrakech,Mercedes-Benz Marrakech Menara,Vente,Classe C,Occasion,Hicham Kabbaj,,354293.0,,,,,4.0,1.0,48.0
MB100295,2024-03-24,Tanger,Mercedes-Benz Tanger Free Zone,Vente,Vito,Occasion,Leila Ouazzani,,265440.0,,,,,4.0,5.0,12.0
MB101867,2024-05-23,Rabat,Mercedes-Benz Rabat Aviation,Entretien,Classe S,,,Fatima Zahra Kettani,,Vidange & entretien courant,2.6,150.0,"Huile moteur, filtres",4.0,,
MB100978,2024-04-07,Tanger,Mercedes-Benz Tanger Free Zone,Vente,GLE,Neuf,Leila Ouazzani,,915932.0,,,,,4.0,12.0,19.0
MB100260,2024-10-02,Casablanca,Mercedes-Benz Casablanca Anfa,Vente,GLA,Neuf,Sara Bennis,,434579.0,,,,,5.0,10.0,33.0
MB100159,2024-10-31,Agadir,Mercedes-Benz Agadir Founty,Vente,Classe S,Occasion,Youssef El Amrani,,993227.0,,,,,5.0,6.0,29.0
MB101153,2024-08-28,Marrakech,Mercedes-Benz Marrakech Menara,Vente,GLA,Neuf,Imane Berrada,,433203.0,,,,,4.0,8.0,1.0
MB100971,2024-06-22,Marrakech,Mercedes-Benz Marrakech Menara,Vente,Vito,Neuf,Sara Bennis,,384744.0,,,,,4.0,9.0,71.0
MB102890,2024-02-26,Marrakech,Mercedes-Benz Marrakech Menara,Entretien,Classe E,,,Yassine Rguibi,,Injection / moteur,5.2,6106.0,"Injecteurs, capteurs moteur",4.0,,
MB102750,2024-06-02,Casablanca,Mercedes-Benz Casablanca Anfa,Entretien,Vito,,,Anas Séfrioui,,Climatisation,2.0,2173.0,"Compresseur, gaz réfrigérant",5.0,,
MB101792,2024-04-11,Rabat,Mercedes-Benz Rabat Aviation,Entretien,Classe E,,,Yassine Rguibi,,Climatisation,4.1,2146.0,"Compresseur, gaz réfrigérant",4.0,,
MB100846,2024-09-21,Agadir,Mercedes-Benz Agadir Founty,Vente,GLA,Neuf,Sara Bennis,,489447.0,,,,,5.0,2.0,8.0
MB101790,2024-04-02,Agadir,Mercedes-Benz Agadir Founty,Entretien,Vito,,,Zineb Amrani,,Vidange & entretien courant,0.5,845.0,"Huile moteur, filtres",5.0,,
MB102913,2024-01-06,Rabat,Mercedes-Benz Rabat Aviation,Entretien,Classe C,,,Adil Bouazza,,Suspension,2.7,5862.0,"Amortisseurs, biellettes",4.0,,
MB101652,2024-01-30,Marrakech,Mercedes-Benz Marrakech Menara,Entretien,Classe E,,,Zineb Amrani,,Climatisation,4.3,2095.0,"Compresseur, gaz réfrigérant",5.0,,
MB101618,2024-10-21,Casablanca,Mercedes-Benz Casablanca Anfa,Entretien,Classe A,,,Adil Bouazza,,Boîte de vitesses,7.0,10750.0,"Kit embrayage, huile de boîte",4.0,,
MB102551,2024-01-17,Marrakech,Mercedes-Benz Marrakech Menara,Entretien,Classe S,,,Adil Bouazza,,Pneumatiques,1.7,5542.0,"Pneus, valves",4.0,,
MB101370,2024-01-30,Fès,Mercedes-Benz Fès Saïss,Vente,GLA,Occasion,Sara Bennis,,307042.0,,,,,5.0,17.0,30.0
MB102649,2024-08-23,Rabat,Mercedes-Benz Rabat Aviation,Entretien,Sprinter,,,Anas Séfrioui,,Carrosserie / peinture,9.4,6810.0,"Pare-chocs, peinture",5.0,,
MB100905,2024-06-01,Agadir,Mercedes-Benz Agadir Founty,Vente,Classe C,Neuf,Omar Fassi,,589415.0,,,,,4.0,8.0,78.0
MB102238,2024-10-11,Casablanca,Mercedes-Benz Casablanca Anfa,Entretien,Classe S,,,Yassine Rguibi,,Carrosserie / peinture,7.9,7485.0,"Pare-chocs, peinture",3.0,,
MB100514,2024-06-08,Rabat,Mercedes-Benz Rabat Aviation,Vente,Classe C,Neuf,Rachid Alaoui,,556185.0,,,,,4.0,11.0,24.0
MB100068,2024-09-14,Marrakech,Mercedes-Benz Marrakech Menara,Vente,GLA,Neuf,Salma Tazi,,451656.0,,,,,4.0,2.0,15.0
MB100538,2024-03-13,Marrakech,Mercedes-Benz Marrakech Menara,Vente,GLA,Neuf,Nadia Chraibi,,482363.0,,,,,4.0,9.0,59.0
MB101411,2024-02-02,Rabat,Mercedes-Benz Rabat Aviation,Entretien,GLE,,,Mehdi Lahlou,,Vidange & entretien courant,0.8,150.0,"Huile moteur, filtres",5.0,,
MB102833,2024-06-24,Marrakech,Mercedes-Benz Marrakech Menara,Entretien,Sprinter,,,Yassine Rguibi,,Freins,0.5,2540.0,"Plaquettes, disques de frein",3.0,,
MB102052,2024-05-01,Agadir,Mercedes-Benz Agadir Founty,Entretien,GLC,,,Adil Bouazza,,Carrosserie / peinture,9.8,7872.0,"Pare-chocs, peinture",3.0,,
MB101442,2024-02-22,Rabat,Mercedes-Benz Rabat Aviation,Entretien,Classe C,,,Mehdi Lahlou,,Freins,1.9,460.0,"Plaquettes, disques de frein",5.0,,
MB100310,2024-02-19,Casablanca,Mercedes-Benz Casablanca Anfa,Vente,Sprinter,Occasion,Nadia Chraibi,,368751.0,,,,,4.0,6.0,26.0
MB102069,2024-05-29,Tanger,Mercedes-Benz Tanger Free Zone,Entretien,GLA,,,Fatima Zahra Kettani,,Boîte de vitesses,7.5,9817.0,"Kit embrayage, huile de boîte",4.0,,
MB100801,2024-07-08,Marrakech,Mercedes-Benz Marrakech Menara,Vente,Sprinter,Occasion,Imane Berrada,,378226.0,,,,,5.0,10.0,36.0
MB101754,2024-06-03,Marrakech,Mercedes-Benz Marrakech Menara,Entretien,Classe E,,,Adil Bouazza,,Système électrique,5.1,3511.0,"Batterie, faisceau électrique",2.0,,
MB102354,2024-03-28,Tanger,Mercedes-Benz Tanger Free Zone,Entretien,Classe C,,,Adil Bouazza,,Freins,0.5,3273.0,"Plaquettes, disques de frein",5.0,,
MB102710,2024-12-01,Marrakech,Mercedes-Benz Marrakech Menara,Entretien,Vito,,,Mehdi Lahlou,,Carrosserie / peinture,7.9,6694.0,"Pare-chocs, peinture",5.0,,
MB101925,2024-09-18,Fès,Mercedes-Benz Fès Saïss,Entretien,Sprinter,,,Adil Bouazza,,Pneumatiques,2.1,3939.0,"Pneus, valves",4.0,,
MB101084,2024-03-19,Casablanca,Mercedes-Benz Casablanca Anfa,Vente,Classe C,Neuf,Nadia Chraibi,,487696.0,,,,,4.0,6.0,8.0
MB102616,2024-03-23,Casablanca,Mercedes-Benz Casablanca Anfa,Entretien,Sprinter,,,Mehdi Lahlou,,Vidange & entretien courant,1.8,1854.0,"Huile moteur, filtres",3.0,,
MB100126,2024-02-25,Casablanca,Mercedes-Benz Casablanca Anfa,Vente,Sprinter,Occasion,Rachid Alaoui,,337497.0,,,,,4.0,13.0,7.0
MB100069,2024-07-30,Tanger,Mercedes-Benz Tanger Free Zone,Vente,Classe E,Neuf,Hicham Kabbaj,,786583.0,,,,,4.0,8.0,33.0
MB101647,2024-08-26,Rabat,Mercedes-Benz Rabat Aviation,Entretien,Classe S,,,Fatima Zahra Kettani,,Diagnostic électronique,3.9,279.0,Module de contrôle (ECU),5.0,,
MB101398,2024-01-15,Fès,Mercedes-Benz Fès Saïss,Vente,Classe S,Occasion,Sara Bennis,,936633.0,,,,,5.0,1.0,35.0
MB101245,2024-08-02,Agadir,Mercedes-Benz Agadir Founty,Vente,GLA,Occasion,Rachid Alaoui,,307772.0,,,,,5.0,12.0,13.0
MB102701,2024-06-18,Tanger,Mercedes-Benz Tanger Free Zone,Entretien,Classe E,,,Mehdi Lahlou,,Diagnostic électronique,2.9,150.0,Module de contrôle (ECU),4.0,,
MB100150,2024-10-14,Agadir,Mercedes-Benz Agadir Founty,Vente,GLE,Neuf,Imane Berrada,,957653.0,,,,,4.0,8.0,23.0
MB102967,2024-07-16,Fès,Mercedes-Benz Fès Saïss,Entretien,GLE,,,Fatima Zahra Kettani,,Suspension,3.1,3351.0,"Amortisseurs, biellettes",5.0,,
MB102849,2024-10-13,Casablanca,Mercedes-Benz Casablanca Anfa,Entretien,Classe A,,,Yassine Rguibi,,Injection / moteur,5.3,7423.0,"Injecteurs, capteurs moteur",5.0,,
MB102733,2024-07-29,Marrakech,Mercedes-Benz Marrakech Menara,Entretien,GLC,,,Zineb Amrani,,Suspension,3.9,3951.0,"Amortisseurs, biellettes",4.0,,
MB101681,2024-08-17,Marrakech,Mercedes-Benz Marrakech Menara,Entretien,Sprinter,,,Adil Bouazza,,Injection / moteur,3.3,6799.0,"Injecteurs, capteurs moteur",3.0,,
MB101995,2024-08-03,Tanger,Mercedes-Benz Tanger Free Zone,Entretien,Classe A,,,Adil Bouazza,,Pneumatiques,0.5,4357.0,"Pneus, valves",5.0,,
MB100921,2024-02-24,Rabat,Mercedes-Benz Rabat Aviation,Vente,Classe E,Neuf,Salma Tazi,,750998.0,,,,,5.0,7.0,21.0
MB102872,2024-07-21,Casablanca,Mercedes-Benz Casablanca Anfa,Entretien,GLC,,,Fatima Zahra Kettani,,Diagnostic électronique,1.8,1322.0,Module de contrôle (ECU),4.0,,
MB101576,2024-06-08,Rabat,Mercedes-Benz Rabat Aviation,Entretien,Classe C,,,Adil Bouazza,,Boîte de vitesses,7.4,9536.0,"Kit embrayage, huile de boîte",3.0,,
MB100437,2024-04-23,Fès,Mercedes-Benz Fès Saïss,Vente,Classe E,Neuf,Leila Ouazzani,,780800.0,,,,,4.0,4.0,37.0
MB102294,2024-03-08,Marrakech,Mercedes-Benz Marrakech Menara,Entretien,Classe C,,,Anas Séfrioui,,Carrosserie / peinture,7.3,7289.0,"Pare-chocs, peinture",4.0,,
MB102654,2024-05-20,Marrakech,Mercedes-Benz Marrakech Menara,Entretien,Classe C,,,Anas Séfrioui,,Boîte de vitesses,6.1,10467.0,"Kit embrayage, huile de boîte",5.0,,
MB100852,2024-04-23,Fès,Mercedes-Benz Fès Saïss,Vente,GLA,Neuf,Sara Bennis,,441820.0,,,,,4.0,13.0,1.0
MB102408,2024-12-23,Rabat,Mercedes-Benz Rabat Aviation,Entretien,GLE,,,Yassine Rguibi,,Système électrique,3.0,4294.0,"Batterie, faisceau électrique",3.0,,
MB100673,2024-02-09,Marrakech,Mercedes-Benz Marrakech Menara,Vente,GLA,Occasion,Leila Ouazzani,,311863.0,,,,,4.0,4.0,62.0
MB100061,2024-02-06,Casablanca,Mercedes-Benz Casablanca Anfa,Vente,GLA,Occasion,Hicham Kabbaj,,331641.0,,,,,4.0,11.0,34.0
MB102947,2024-09-23,Fès,Mercedes-Benz Fès Saïss,Entretien,GLA,,,Zineb Amrani,,Injection / moteur,4.9,6587.0,"Injecteurs, capteurs moteur",5.0,,
MB100265,2024-08-29,Agadir,Mercedes-Benz Agadir Founty,Vente,Classe C,Neuf,Karim Idrissi,,612374.0,,,,,4.0,2.0,46.0
MB102606,2024-08-03,Marrakech,Mercedes-Benz Marrakech Menara,Entretien,Sprinter,,,Anas Séfrioui,,Pneumatiques,2.3,3757.0,"Pneus, valves",4.0,,
MB101324,2024-04-21,Marrakech,Mercedes-Benz Marrakech Menara,Vente,Classe C,Occasion,Imane Berrada,,378049.0,,,,,4.0,9.0,83.0
MB100457,2024-07-13,Marrakech,Mercedes-Benz Marrakech Menara,Vente,GLC,Occasion,Rachid Alaoui,,461794.0,,,,,4.0,9.0,18.0
MB100597,2024-10-02,Marrakech,Mercedes-Benz Marrakech Menara,Vente,Sprinter,Neuf,Karim Idrissi,,450886.0,,,,,5.0,10.0,17.0
MB102571,2024-06-29,Tanger,Mercedes-Benz Tanger Free Zone,Entretien,Classe S,,,Yassine Rguibi,,Climatisation,1.4,2893.0,"Compresseur, gaz réfrigérant",5.0,,
MB102445,2024-04-29,Tanger,Mercedes-Benz Tanger Free Zone,Entretien,Vito,,,Adil Bouazza,,Boîte de vitesses,6.4,7897.0,"Kit embrayage, huile de boîte",4.0,,
MB101423,2024-12-13,Agadir,Mercedes-Benz Agadir Founty,Entretien,GLC,,,Mehdi Lahlou,,Climatisation,2.1,2698.0,"Compresseur, gaz réfrigérant",3.0,,
MB100983,2024-11-19,Agadir,Mercedes-Benz Agadir Founty,Vente,GLE,Occasion,Nadia Chraibi,,670050.0,,,,,4.0,5.0,23.0
MB102010,2024-04-20,Marrakech,Mercedes-Benz Marrakech Menara,Entretien,Classe S,,,Adil Bouazza,,Boîte de vitesses,5.6,8202.0,"Kit embrayage, huile de boîte",3.0,,
MB100210,2024-06-18,Marrakech,Mercedes-Benz Marrakech Menara,Vente,Classe A,Neuf,Imane Berrada,,364530.0,,,,,5.0,5.0,52.0
MB102277,2024-02-13,Rabat,Mercedes-Benz Rabat Aviation,Entretien,Classe A,,,Fatima Zahra Kettani,,Boîte de vitesses,6.1,10600.0,"Kit embrayage, huile de boîte",4.0,,
MB103026,2024-12-21,Marrakech,Mercedes-Benz Marrakech Menara,Entretien,GLC,,,Adil Bouazza,,Suspension,3.0,4310.0,"Amortisseurs, biellettes",4.0,,
MB100203,2024-12-12,Casablanca,Mercedes-Benz Casablanca Anfa,Vente,GLE,Occasion,Sara Bennis,,704252.0,,,,,4.0,7.0,26.0
MB100348,2024-11-22,Casablanca,Mercedes-Benz Casablanca Anfa,Vente,Sprinter,Neuf,Youssef El Amrani,,459037.0,,,,,4.0,9.0,19.0
MB102721,2024-07-28,Rabat,Mercedes-Benz Rabat Aviation,Entretien,Classe S,,,Anas Séfrioui,,Diagnostic électronique,0.9,814.0,Module de contrôle (ECU),3.0,,
MB102002,2024-03-20,Marrakech,Mercedes-Benz Marrakech Menara,Entretien,Classe A,,,Anas Séfrioui,,Système électrique,3.4,3160.0,"Batterie, faisceau électrique",4.0,,
MB102386,2024-06-19,Rabat,Mercedes-Benz Rabat Aviation,Entretien,GLE,,,Adil Bouazza,,Vidange & entretien courant,1.0,762.0,"Huile moteur, filtres",5.0,,
MB101085,2024-11-09,Casablanca,Mercedes-Benz Casablanca Anfa,Vente,Vito,Occasion,Leila Ouazzani,,288886.0,,,,,5.0,0.0,8.0
MB102403,2024-06-29,Tanger,Mercedes-Benz Tanger Free Zone,Entretien,Classe A,,,Zineb Amrani,,Vidange & entretien courant,1.0,150.0,"Huile moteur, filtres",5.0,,
MB101110,2024-05-15,Marrakech,Mercedes-Benz Marrakech Menara,Vente,GLC,Neuf,Salma Tazi,,695070.0,,,,,4.0,8.0,23.0
MB100702,2024-08-24,Agadir,Mercedes-Benz Agadir Founty,Vente,GLA,Neuf,Nadia Chraibi,,500347.0,,,,,5.0,14.0,55.0
MB101653,2024-03-20,Agadir,Mercedes-Benz Agadir Founty,Entretien,Classe C,,,Anas Séfrioui,,Carrosserie / peinture,9.4,7517.0,"Pare-chocs, peinture",4.0,,
MB101407,2024-02-22,Agadir,Mercedes-Benz Agadir Founty,Entretien,GLA,,,Anas Séfrioui,,Système électrique,3.6,2892.0,"Batterie, faisceau électrique",4.0,,
MB101791,2024-06-24,Tanger,Mercedes-Benz Tanger Free Zone,Entretien,GLE,,,Anas Séfrioui,,Carrosserie / peinture,7.1,7958.0,"Pare-chocs, peinture",5.0,,
MB100635,2024-09-23,Agadir,Mercedes-Benz Agadir Founty,Vente,GLE,Neuf,Imane Berrada,,953009.0,,,,,3.0,8.0,63.0
MB101555,2024-07-24,Agadir,Mercedes-Benz Agadir Founty,Entretien,Classe S,,,Fatima Zahra Kettani,,Boîte de vitesses,9.7,8792.0,"Kit embrayage, huile de boîte",4.0,,
MB100835,2024-09-23,Rabat,Mercedes-Benz Rabat Aviation,Vente,Vito,Neuf,Karim Idrissi,,420351.0,,,,,4.0,13.0,30.0
MB102568,2024-09-11,Casablanca,Mercedes-Benz Casablanca Anfa,Entretien,Sprinter,,,Fatima Zahra Kettani,,Climatisation,0.7,1392.0,"Compresseur, gaz réfrigérant",4.0,,
MB101567,2024-05-27,Casablanca,Mercedes-Benz Casablanca Anfa,Entretien,Vito,,,Adil Bouazza,,Système électrique,4.1,2804.0,"Batterie, faisceau électrique",4.0,,
MB100268,2024-08-19,Tanger,Mercedes-Benz Tanger Free Zone,Vente,Classe A,Neuf,Omar Fassi,,400444.0,,,,,5.0,12.0,28.0
MB102162,2024-03-07,Agadir,Mercedes-Benz Agadir Founty,Entretien,Classe S,,,Yassine Rguibi,,Carrosserie / peinture,8.0,7007.0,"Pare-chocs, peinture",4.0,,
MB102576,2024-08-25,Tanger,Mercedes-Benz Tanger Free Zone,Entretien,Sprinter,,,Zineb Amrani,,Freins,0.5,3410.0,"Plaquettes, disques de frein",4.0,,
MB102330,2024-08-01,Marrakech,Mercedes-Benz Marrakech Menara,Entretien,GLA,,,Mehdi Lahlou,,Carrosserie / peinture,7.4,7904.0,"Pare-chocs, peinture",3.0,,
MB102531,2024-07-19,Fès,Mercedes-Benz Fès Saïss,Entretien,GLE,,,Anas Séfrioui,,Freins,2.0,1207.0,"Plaquettes, disques de frein",3.0,,
MB100810,2024-04-19,Agadir,Mercedes-Benz Agadir Founty,Vente,Classe A,Neuf,Rachid Alaoui,,361821.0,,,,,4.0,10.0,3.0
MB101123,2024-01-28,Agadir,Mercedes-Benz Agadir Founty,Vente,Sprinter,Neuf,Omar Fassi,,471538.0,,,,,5.0,13.0,13.0
MB102153,2024-03-15,Agadir,Mercedes-Benz Agadir Founty,Entretien,Classe C,,,Adil Bouazza,,Vidange & entretien courant,1.3,2241.0,"Huile moteur, filtres",5.0,,
MB102080,2024-02-16,Marrakech,Mercedes-Benz Marrakech Menara,Entretien,Classe A,,,Fatima Zahra Kettani,,Freins,0.5,650.0,"Plaquettes, disques de frein",5.0,,
MB101207,2024-09-02,Fès,Mercedes-Benz Fès Saïss,Vente,GLC,Neuf,Imane Berrada,,651283.0,,,,,4.0,2.0,48.0
MB102830,2024-01-08,Casablanca,Mercedes-Benz Casablanca Anfa,Entretien,Vito,,,Adil Bouazza,,Carrosserie / peinture,7.3,8131.0,"Pare-chocs, peinture",2.0,,
MB100982,2024-06-27,Casablanca,Mercedes-Benz Casablanca Anfa,Vente,Classe C,Neuf,Hicham Kabbaj,,575078.0,,,,,4.0,9.0,37.0
MB101035,2024-11-06,Tanger,Mercedes-Benz Tanger Free Zone,Vente,Sprinter,Neuf,Nadia Chraibi,,522908.0,,,,,4.0,7.0,18.0
MB103027,2024-06-15,Casablanca,Mercedes-Benz Casablanca Anfa,Entretien,Classe C,,,Mehdi Lahlou,,Système électrique,1.4,2840.0,"Batterie, faisceau électrique",4.0,,
MB101895,2024-10-20,Marrakech,Mercedes-Benz Marrakech Menara,Entretien,GLC,,,Fatima Zahra Kettani,,Freins,1.1,2828.0,"Plaquettes, disques de frein",4.0,,
MB100052,2024-10-29,Rabat,Mercedes-Benz Rabat Aviation,Vente,Classe E,Occasion,Imane Berrada,,577578.0,,,,,4.0,4.0,57.0
MB100306,2024-05-18,Fès,Mercedes-Benz Fès Saïss,Vente,GLC,Neuf,Omar Fassi,,696853.0,,,,,5.0,11.0,66.0
MB101766,2024-04-10,Agadir,Mercedes-Benz Agadir Founty,Entretien,Vito,,,Anas Séfrioui,,Freins,3.0,897.0,"Plaquettes, disques de frein",3.0,,
MB102737,2024-09-11,Fès,Mercedes-Benz Fès Saïss,Entretien,Sprinter,,,Anas Séfrioui,,Boîte de vitesses,6.7,11096.0,"Kit embrayage, huile de boîte",3.0,,
MB100022,2024-11-30,Tanger,Mercedes-Benz Tanger Free Zone,Vente,Classe C,Neuf,Karim Idrissi,,509807.0,,,,,4.0,10.0,63.0
MB101038,2024-03-11,Rabat,Mercedes-Benz Rabat Aviation,Vente,Classe A,Occasion,Hicham Kabbaj,,251503.0,,,,,5.0,7.0,60.0
MB100727,2024-05-10,Casablanca,Mercedes-Benz Casablanca Anfa,Vente,Classe C,Occasion,Omar Fassi,,361267.0,,,,,5.0,12.0,20.0
MB100370,2024-11-03,Fès,Mercedes-Benz Fès Saïss,Vente,Classe C,Occasion,Salma Tazi,,385439.0,,,,,3.0,13.0,19.0
MB102528,2024-04-11,Agadir,Mercedes-Benz Agadir Founty,Entretien,Classe E,,,Mehdi Lahlou,,Injection / moteur,4.0,6109.0,"Injecteurs, capteurs moteur",5.0,,
MB101221,2024-08-14,Casablanca,Mercedes-Benz Casablanca Anfa,Vente,Classe A,Occasion,Salma Tazi,,293392.0,,,,,4.0,12.0,67.0
MB102494,2024-09-17,Marrakech,Mercedes-Benz Marrakech Menara,Entretien,GLC,,,Yassine Rguibi,,Diagnostic électronique,3.0,150.0,Module de contrôle (ECU),3.0,,
MB101483,2024-04-01,Tanger,Mercedes-Benz Tanger Free Zone,Entretien,Classe A,,,Zineb Amrani,,Vidange & entretien courant,2.9,713.0,"Huile moteur, filtres",3.0,,
MB101363,2024-08-20,Marrakech,Mercedes-Benz Marrakech Menara,Vente,Vito,Neuf,Imane Berrada,,382080.0,,,,,5.0,4.0,28.0
MB100105,2024-09-15,Rabat,Mercedes-Benz Rabat Aviation,Vente,Classe A,Occasion,Rachid Alaoui,,244281.0,,,,,,6.0,48.0
MB101488,2024-03-17,Fès,Mercedes-Benz Fès Saïss,Entretien,Classe E,,,Mehdi Lahlou,,Système électrique,2.8,2081.0,"Batterie, faisceau électrique",5.0,,
MB102208,2024-10-13,Rabat,Mercedes-Benz Rabat Aviation,Entretien,Vito,,,Anas Séfrioui,,Suspension,3.3,3739.0,"Amortisseurs, biellettes",5.0,,
MB101286,2024-05-06,Rabat,Mercedes-Benz Rabat Aviation,Vente,Classe C,Neuf,Leila Ouazzani,,506579.0,,,,,5.0,6.0,20.0
MB102953,2024-08-12,Rabat,Mercedes-Benz Rabat Aviation,Entretien,Vito,,,Yassine Rguibi,,Boîte de vitesses,6.5,8855.0,"Kit embrayage, huile de boîte",3.0,,
MB101960,2024-07-07,Marrakech,Mercedes-Benz Marrakech Menara,Entretien,GLC,,,Zineb Amrani,,Climatisation,3.7,1649.0,"Compresseur, gaz réfrigérant",4.0,,
MB101745,2024-06-17,Tanger,Mercedes-Benz Tanger Free Zone,Entretien,Classe S,,,Adil Bouazza,,Boîte de vitesses,5.6,11146.0,"Kit embrayage, huile de boîte",5.0,,
MB100576,2024-01-29,Casablanca,Mercedes-Benz Casablanca Anfa,Vente,Classe C,Occasion,Salma Tazi,,445674.0,,,,,5.0,2.0,10.0
MB101608,2024-06-05,Fès,Mercedes-Benz Fès Saïss,Entretien,GLE,,,Fatima Zahra Kettani,,Injection / moteur,5.3,6866.0,"Injecteurs, capteurs moteur",3.0,,
MB102295,2024-06-17,Fès,Mercedes-Benz Fès Saïss,Entretien,GLC,,,Zineb Amrani,,Climatisation,4.4,1680.0,"Compresseur, gaz réfrigérant",5.0,,
MB102168,2024-03-18,Fès,Mercedes-Benz Fès Saïss,Entretien,Classe A,,,Zineb Amrani,,Système électrique,4.6,2909.0,"Batterie, faisceau électrique",5.0,,
MB102787,2024-01-27,Agadir,Mercedes-Benz Agadir Founty,Entretien,Classe E,,,Fatima Zahra Kettani,,Injection / moteur,6.0,5894.0,"Injecteurs, capteurs moteur",5.0,,
MB102502,2024-03-11,Tanger,Mercedes-Benz Tanger Free Zone,Entretien,GLC,,,Fatima Zahra Kettani,,Vidange & entretien courant,3.5,1824.0,"Huile moteur, filtres",5.0,,
MB101814,2024-01-20,Fès,Mercedes-Benz Fès Saïss,Entretien,Classe E,,,Zineb Amrani,,Pneumatiques,1.9,4350.0,"Pneus, valves",5.0,,
MB101692,2024-04-19,Tanger,Mercedes-Benz Tanger Free Zone,Entretien,GLA,,,Mehdi Lahlou,,Suspension,1.0,3695.0,"Amortisseurs, biellettes",5.0,,
MB101355,2024-05-01,Casablanca,Mercedes-Benz Casablanca Anfa,Vente,GLA,Neuf,Imane Berrada,,438196.0,,,,,5.0,12.0,23.0
MB101809,2024-05-08,Casablanca,Mercedes-Benz Casablanca Anfa,Entretien,GLA,,,Adil Bouazza,,Carrosserie / peinture,8.4,7660.0,"Pare-chocs, peinture",5.0,,
MB101094,2024-08-20,Fès,Mercedes-Benz Fès Saïss,Vente,Classe E,Occasion,Omar Fassi,,487005.0,,,,,4.0,8.0,21.0
MB102005,2024-02-22,Agadir,Mercedes-Benz Agadir Founty,Entretien,Classe A,,,Zineb Amrani,,Climatisation,1.9,2646.0,"Compresseur, gaz réfrigérant",4.0,,
MB101158,2024-06-16,Rabat,Mercedes-Benz Rabat Aviation,Vente,GLA,Neuf,Imane Berrada,,458106.0,,,,,5.0,10.0,15.0
MB101403,2024-06-24,Rabat,Mercedes-Benz Rabat Aviation,Entretien,Classe C,,,Fatima Zahra Kettani,,Diagnostic électronique,2.9,904.0,Module de contrôle (ECU),3.0,,
MB101490,2024-12-10,Agadir,Mercedes-Benz Agadir Founty,Entretien,GLE,,,Zineb Amrani,,Boîte de vitesses,5.7,10015.0,"Kit embrayage, huile de boîte",4.0,,
MB101109,2024-01-02,Tanger,Mercedes-Benz Tanger Free Zone,Vente,Classe A,Neuf,Rachid Alaoui,,364400.0,,,,,4.0,10.0,46.0
MB101495,2024-04-19,Agadir,Mercedes-Benz Agadir Founty,Entretien,GLE,,,Mehdi Lahlou,,Freins,1.5,1976.0,"Plaquettes, disques de frein",4.0,,
MB103087,2024-01-05,Rabat,Mercedes-Benz Rabat Aviation,Entretien,GLC,,,Zineb Amrani,,Climatisation,1.0,1866.0,"Compresseur, gaz réfrigérant",3.0,,
MB102430,2024-12-06,Agadir,Mercedes-Benz Agadir Founty,Entretien,Classe C,,,Adil Bouazza,,Vidange & entretien courant,1.3,1571.0,"Huile moteur, filtres",3.0,,
MB101116,2024-04-15,Rabat,Mercedes-Benz Rabat Aviation,Vente,Classe E,Occasion,Salma Tazi,,496933.0,,,,,4.0,11.0,62.0
MB100436,2024-06-03,Fès,Mercedes-Benz Fès Saïss,Vente,Classe A,Neuf,Leila Ouazzani,,357120.0,,,,,5.0,12.0,44.0
MB102952,2024-01-06,Rabat,Mercedes-Benz Rabat Aviation,Entretien,Classe S,,,Zineb Amrani,,Pneumatiques,0.5,3274.0,"Pneus, valves",4.0,,
MB101610,2024-11-27,Rabat,Mercedes-Benz Rabat Aviation,Entretien,GLA,,,Anas Séfrioui,,Suspension,3.7,4398.0,"Amortisseurs, biellettes",4.0,,
MB102431,2024-02-11,Rabat,Mercedes-Benz Rabat Aviation,Entretien,GLA,,,Anas Séfrioui,,Freins,1.8,1744.0,"Plaquettes, disques de frein",5.0,,
MB102271,2024-07-06,Agadir,Mercedes-Benz Agadir Founty,Entretien,GLE,,,Zineb Amrani,,Boîte de vitesses,5.8,9737.0,"Kit embrayage, huile de boîte",5.0,,
MB102577,2024-10-06,Rabat,Mercedes-Benz Rabat Aviation,Entretien,Vito,,,Anas Séfrioui,,Suspension,2.1,3288.0,"Amortisseurs, biellettes",4.0,,
MB101036,2024-12-05,Rabat,Mercedes-Benz Rabat Aviation,Vente,Classe A,Neuf,Imane Berrada,,346161.0,,,,,4.0,12.0,33.0
MB100211,2024-01-25,Rabat,Mercedes-Benz Rabat Aviation,Vente,GLA,Neuf,Imane Berrada,,457265.0,,,,,4.0,7.0,66.0
MB100054,2024-07-06,Fès,Mercedes-Benz Fès Saïss,Vente,Classe C,Occasion,Karim Idrissi,,361237.0,,,,,5.0,2.0,19.0
MB100780,2024-03-13,Tanger,Mercedes-Benz Tanger Free Zone,Vente,Classe C,Neuf,Hicham Kabbaj,,492748.0,,,,,4.0,11.0,41.0
MB102689,2024-09-23,Tanger,Mercedes-Benz Tanger Free Zone,Entretien,GLA,,,Fatima Zahra Kettani,,Carrosserie / peinture,7.2,7825.0,"Pare-chocs, peinture",5.0,,
MB102674,2024-07-19,Rabat,Mercedes-Benz Rabat Aviation,Entretien,Vito,,,Fatima Zahra Kettani,,Vidange & entretien courant,2.1,1551.0,"Huile moteur, filtres",4.0,,
MB100387,2024-02-17,Marrakech,Mercedes-Benz Marrakech Menara,Vente,GLC,Neuf,Nadia Chraibi,,690723.0,,,,,4.0,12.0,41.0
MB102504,2024-07-06,Rabat,Mercedes-Benz Rabat Aviation,Entretien,Vito,,,Yassine Rguibi,,Système électrique,3.6,2587.0,"Batterie, faisceau électrique",4.0,,
MB103092,2024-12-06,Casablanca,Mercedes-Benz Casablanca Anfa,Entretien,Vito,,,Yassine Rguibi,,Système électrique,3.3,2716.0,"Batterie, faisceau électrique",5.0,,
MB100147,2024-04-05,Marrakech,Mercedes-Benz Marrakech Menara,Vente,GLE,Occasion,Sara Bennis,,603921.0,,,,,4.0,8.0,57.0
MB100499,2024-05-23,Marrakech,Mercedes-Benz Marrakech Menara,Vente,GLE,Neuf,Karim Idrissi,,864456.0,,,,,4.0,7.0,18.0
MB100620,2024-01-13,Marrakech,Mercedes-Benz Marrakech Menara,Vente,GLE,Neuf,Leila Ouazzani,,839379.0,,,,,4.0,18.0,35.0
MB100996,2024-02-08,Agadir,Mercedes-Benz Agadir Founty,Vente,GLC,Neuf,Youssef El Amrani,,570372.0,,,,,4.0,8.0,36.0
MB102460,2024-08-14,Agadir,Mercedes-Benz Agadir Founty,Entretien,Classe S,,,Adil Bouazza,,Injection / moteur,3.8,7099.0,"Injecteurs, capteurs moteur",3.0,,
MB101992,2024-02-02,Rabat,Mercedes-Benz Rabat Aviation,Entretien,Classe C,,,Anas Séfrioui,,Injection / moteur,5.3,6200.0,"Injecteurs, capteurs moteur",4.0,,
MB100794,2024-04-12,Rabat,Mercedes-Benz Rabat Aviation,Vente,GLC,Neuf,Sara Bennis,,657286.0,,,,,3.0,5.0,29.0
MB100510,2024-10-28,Rabat,Mercedes-Benz Rabat Aviation,Vente,GLA,Neuf,Leila Ouazzani,,484881.0,,,,,2.0,9.0,16.0
MB101761,2024-04-14,Casablanca,Mercedes-Benz Casablanca Anfa,Entretien,Classe C,,,Anas Séfrioui,,Vidange & entretien courant,1.8,2761.0,"Huile moteur, filtres",4.0,,
MB102884,2024-04-07,Fès,Mercedes-Benz Fès Saïss,Entretien,Classe C,,,Fatima Zahra Kettani,,Climatisation,2.9,4039.0,"Compresseur, gaz réfrigérant",4.0,,
MB100168,2024-01-28,Rabat,Mercedes-Benz Rabat Aviation,Vente,Sprinter,Occasion,Hicham Kabbaj,,361516.0,,,,,5.0,2.0,32.0
MB102288,2024-02-16,Fès,Mercedes-Benz Fès Saïss,Entretien,GLE,,,Yassine Rguibi,,Boîte de vitesses,6.3,10527.0,"Kit embrayage, huile de boîte",4.0,,
MB102293,2024-06-21,Agadir,Mercedes-Benz Agadir Founty,Entretien,GLE,,,Zineb Amrani,,Suspension,4.2,1817.0,"Amortisseurs, biellettes",4.0,,
MB102230,2024-07-11,Marrakech,Mercedes-Benz Marrakech Menara,Entretien,GLA,,,Zineb Amrani,,Diagnostic électronique,0.9,393.0,Module de contrôle (ECU),4.0,,
MB102216,2024-11-07,Agadir,Mercedes-Benz Agadir Founty,Entretien,Classe E,,,Anas Séfrioui,,Freins,1.0,1014.0,"Plaquettes, disques de frein",4.0,,
MB101956,2024-07-26,Tanger,Mercedes-Benz Tanger Free Zone,Entretien,GLA,,,Anas Séfrioui,,Boîte de vitesses,9.1,8788.0,"Kit embrayage, huile de boîte",2.0,,
MB101883,2024-05-05,Rabat,Mercedes-Benz Rabat Aviation,Entretien,Classe C,,,Anas Séfrioui,,Boîte de vitesses,5.2,9361.0,"Kit embrayage, huile de boîte",3.0,,
MB102977,2024-12-07,Agadir,Mercedes-Benz Agadir Founty,Entretien,Classe C,,,Yassine Rguibi,,Climatisation,1.1,1879.0,"Compresseur, gaz réfrigérant",4.0,,
MB102345,2024-06-08,Fès,Mercedes-Benz Fès Saïss,Entretien,Classe E,,,Zineb Amrani,,Injection / moteur,5.0,6656.0,"Injecteurs, capteurs moteur",5.0,,
MB100759,2024-01-05,Casablanca,Mercedes-Benz Casablanca Anfa,Vente,GLE,Neuf,Omar Fassi,,836133.0,,,,,4.0,7.0,30.0
MB102229,2024-07-28,Marrakech,Mercedes-Benz Marrakech Menara,Entretien,Classe E,,,Anas Séfrioui,,Diagnostic électronique,3.4,1759.0,Module de contrôle (ECU),3.0,,
MB102388,2024-12-06,Fès,Mercedes-Benz Fès Saïss,Entretien,Classe C,,,Fatima Zahra Kettani,,Freins,1.5,3540.0,"Plaquettes, disques de frein",3.0,,
MB102129,2024-01-24,Marrakech,Mercedes-Benz Marrakech Menara,Entretien,GLA,,,Mehdi Lahlou,,Pneumatiques,0.5,4057.0,"Pneus, valves",4.0,,
MB103051,2024-01-01,Casablanca,Mercedes-Benz Casablanca Anfa,Entretien,Sprinter,,,Zineb Amrani,,Système électrique,2.4,4229.0,"Batterie, faisceau électrique",5.0,,
MB102580,2024-03-18,Casablanca,Mercedes-Benz Casablanca Anfa,Entretien,Vito,,,Fatima Zahra Kettani,,Suspension,2.0,2850.0,"Amortisseurs, biellettes",5.0,,
MB100662,2024-09-15,Fès,Mercedes-Benz Fès Saïss,Vente,GLA,Neuf,Hicham Kabbaj,,469017.0,,,,,5.0,11.0,19.0
MB102647,2024-02-26,Fès,Mercedes-Benz Fès Saïss,Entretien,Classe A,,,Fatima Zahra Kettani,,Carrosserie / peinture,8.5,6378.0,"Pare-chocs, peinture",4.0,,
MB102692,2024-08-13,Marrakech,Mercedes-Benz Marrakech Menara,Entretien,GLC,,,Yassine Rguibi,,Carrosserie / peinture,9.0,7426.0,"Pare-chocs, peinture",3.0,,
MB102226,2024-10-27,Casablanca,Mercedes-Benz Casablanca Anfa,Entretien,GLC,,,Anas Séfrioui,,Injection / moteur,4.4,6551.0,"Injecteurs, capteurs moteur",4.0,,
MB102775,2024-01-28,Casablanca,Mercedes-Benz Casablanca Anfa,Entretien,Vito,,,Fatima Zahra Kettani,,Freins,1.3,3188.0,"Plaquettes, disques de frein",5.0,,
MB101294,2024-07-31,Rabat,Mercedes-Benz Rabat Aviation,Vente,Sprinter,Occasion,Sara Bennis,,381093.0,,,,,5.0,8.0,18.0
MB100663,2024-04-04,Tanger,Mercedes-Benz Tanger Free Zone,Vente,Classe A,Neuf,Sara Bennis,,385849.0,,,,,4.0,13.0,49.0
MB101777,2024-09-16,Fès,Mercedes-Benz Fès Saïss,Entretien,Classe C,,,Adil Bouazza,,Diagnostic électronique,3.0,530.0,Module de contrôle (ECU),3.0,,
MB100530,2024-11-22,Rabat,Mercedes-Benz Rabat Aviation,Vente,Classe E,Neuf,Salma Tazi,,752093.0,,,,,3.0,7.0,9.0
MB101273,2024-07-04,Agadir,Mercedes-Benz Agadir Founty,Vente,Classe A,Occasion,Karim Idrissi,,274958.0,,,,,4.0,13.0,54.0
MB102347,2024-09-17,Tanger,Mercedes-Benz Tanger Free Zone,Entretien,GLE,,,Anas Séfrioui,,Injection / moteur,5.6,4691.0,"Injecteurs, capteurs moteur",4.0,,
MB100060,2024-07-21,Rabat,Mercedes-Benz Rabat Aviation,Vente,Classe E,Occasion,Sara Bennis,,569853.0,,,,,5.0,6.0,64.0
MB100949,2024-08-24,Tanger,Mercedes-Benz Tanger Free Zone,Vente,GLC,Occasion,Nadia Chraibi,,468082.0,,,,,4.0,6.0,15.0
MB101767,2024-02-01,Agadir,Mercedes-Benz Agadir Founty,Entretien,GLA,,,Yassine Rguibi,,Vidange & entretien courant,1.0,150.0,"Huile moteur, filtres",4.0,,
MB102843,2024-07-01,Marrakech,Mercedes-Benz Marrakech Menara,Entretien,Classe C,,,Fatima Zahra Kettani,,Carrosserie / peinture,6.8,8309.0,"Pare-chocs, peinture",3.0,,
MB100282,2024-07-12,Casablanca,Mercedes-Benz Casablanca Anfa,Vente,GLE,Neuf,Karim Idrissi,,895202.0,,,,,3.0,13.0,69.0
MB101184,2024-03-10,Casablanca,Mercedes-Benz Casablanca Anfa,Vente,GLE,Neuf,Rachid Alaoui,,966789.0,,,,,4.0,1.0,38.0
MB103088,2024-10-02,Tanger,Mercedes-Benz Tanger Free Zone,Entretien,Classe E,,,Yassine Rguibi,,Pneumatiques,2.0,4110.0,"Pneus, valves",4.0,,
MB102693,2024-09-16,Tanger,Mercedes-Benz Tanger Free Zone,Entretien,Classe E,,,Fatima Zahra Kettani,,Diagnostic électronique,2.6,895.0,Module de contrôle (ECU),4.0,,
MB102321,2024-09-09,Casablanca,Mercedes-Benz Casablanca Anfa,Entretien,GLA,,,Zineb Amrani,,Système électrique,4.9,2874.0,"Batterie, faisceau électrique",5.0,,
MB102280,2024-06-07,Casablanca,Mercedes-Benz Casablanca Anfa,Entretien,Classe E,,,Mehdi Lahlou,,Vidange & entretien courant,0.9,150.0,"Huile moteur, filtres",5.0,,
MB101648,2024-02-28,Tanger,Mercedes-Benz Tanger Free Zone,Entretien,Vito,,,Adil Bouazza,,Freins,0.5,2435.0,"Plaquettes, disques de frein",4.0,,
MB102251,2024-06-23,Rabat,Mercedes-Benz Rabat Aviation,Entretien,GLE,,,Yassine Rguibi,,Injection / moteur,4.8,6452.0,"Injecteurs, capteurs moteur",3.0,,
MB102012,2024-02-22,Rabat,Mercedes-Benz Rabat Aviation,Entretien,Classe S,,,Anas Séfrioui,,Pneumatiques,3.0,4941.0,"Pneus, valves",3.0,,
MB102916,2024-07-27,Casablanca,Mercedes-Benz Casablanca Anfa,Entretien,Vito,,,Adil Bouazza,,Freins,2.0,2195.0,"Plaquettes, disques de frein",4.0,,
MB102828,2024-09-04,Agadir,Mercedes-Benz Agadir Founty,Entretien,Classe S,,,Mehdi Lahlou,,Système électrique,2.3,4136.0,"Batterie, faisceau électrique",4.0,,
MB101327,2024-06-09,Marrakech,Mercedes-Benz Marrakech Menara,Vente,GLC,Occasion,Nadia Chraibi,,498809.0,,,,,5.0,10.0,1.0
MB102074,2024-04-26,Fès,Mercedes-Benz Fès Saïss,Entretien,Sprinter,,,Fatima Zahra Kettani,,Système électrique,1.4,2651.0,"Batterie, faisceau électrique",4.0,,
MB102533,2024-08-10,Rabat,Mercedes-Benz Rabat Aviation,Entretien,GLA,,,Fatima Zahra Kettani,,Carrosserie / peinture,9.1,6164.0,"Pare-chocs, peinture",3.0,,
MB100854,2024-07-24,Fès,Mercedes-Benz Fès Saïss,Vente,Classe E,Neuf,Youssef El Amrani,,731890.0,,,,,4.0,13.0,40.0
MB102476,2024-09-26,Rabat,Mercedes-Benz Rabat Aviation,Entretien,Classe C,,,Adil Bouazza,,Climatisation,2.0,3211.0,"Compresseur, gaz réfrigérant",3.0,,
MB101277,2024-03-15,Tanger,Mercedes-Benz Tanger Free Zone,Vente,GLA,Occasion,Youssef El Amrani,,356764.0,,,,,5.0,14.0,29.0
MB101284,2024-03-26,Casablanca,Mercedes-Benz Casablanca Anfa,Vente,Classe C,Neuf,Karim Idrissi,,540762.0,,,,,4.0,14.0,1.0
MB100519,2024-11-15,Agadir,Mercedes-Benz Agadir Founty,Vente,Classe S,Occasion,Nadia Chraibi,,1048640.0,,,,,4.0,12.0,55.0
MB102778,2024-10-22,Fès,Mercedes-Benz Fès Saïss,Entretien,GLC,,,Fatima Zahra Kettani,,Carrosserie / peinture,8.5,8378.0,"Pare-chocs, peinture",4.0,,
MB101638,2024-04-13,Tanger,Mercedes-Benz Tanger Free Zone,Entretien,GLC,,,Yassine Rguibi,,Carrosserie / peinture,9.6,7852.0,"Pare-chocs, peinture",4.0,,
MB100806,2024-08-17,Tanger,Mercedes-Benz Tanger Free Zone,Vente,GLA,Neuf,Sara Bennis,,473416.0,,,,,5.0,8.0,35.0
MB102769,2024-02-11,Fès,Mercedes-Benz Fès Saïss,Entretien,GLC,,,Zineb Amrani,,Climatisation,2.9,1984.0,"Compresseur, gaz réfrigérant",4.0,,
MB101530,2024-03-08,Tanger,Mercedes-Benz Tanger Free Zone,Entretien,GLC,,,Yassine Rguibi,,Freins,0.5,1213.0,"Plaquettes, disques de frein",5.0,,
MB102646,2024-12-16,Casablanca,Mercedes-Benz Casablanca Anfa,Entretien,GLA,,,Anas Séfrioui,,Carrosserie / peinture,7.7,6990.0,"Pare-chocs, peinture",4.0,,
MB100711,2024-07-19,Rabat,Mercedes-Benz Rabat Aviation,Vente,GLE,Neuf,Sara Bennis,,948254.0,,,,,4.0,8.0,1.0
MB102929,2024-03-06,Rabat,Mercedes-Benz Rabat Aviation,Entretien,GLC,,,Anas Séfrioui,,Boîte de vitesses,7.8,11422.0,"Kit embrayage, huile de boîte",5.0,,
MB100050,2024-12-09,Marrakech,Mercedes-Benz Marrakech Menara,Vente,Classe A,Neuf,Leila Ouazzani,,418164.0,,,,,3.0,12.0,49.0
MB101571,2024-07-10,Agadir,Mercedes-Benz Agadir Founty,Entretien,Classe A,,,Yassine Rguibi,,Injection / moteur,6.3,6257.0,"Injecteurs, capteurs moteur",3.0,,
MB100644,2024-07-21,Marrakech,Mercedes-Benz Marrakech Menara,Vente,Classe C,Neuf,Youssef El Amrani,,568562.0,,,,,5.0,6.0,31.0
MB101559,2024-05-28,Tanger,Mercedes-Benz Tanger Free Zone,Entretien,GLE,,,Zineb Amrani,,Vidange & entretien courant,0.5,1187.0,"Huile moteur, filtres",4.0,,
MB101007,2024-08-19,Casablanca,Mercedes-Benz Casablanca Anfa,Vente,Classe C,Occasion,Omar Fassi,,367590.0,,,,,5.0,13.0,9.0
MB100802,2024-11-23,Rabat,Mercedes-Benz Rabat Aviation,Vente,GLC,Occasion,Rachid Alaoui,,468288.0,,,,,4.0,9.0,50.0
MB102207,2024-09-11,Fès,Mercedes-Benz Fès Saïss,Entretien,Classe A,,,Yassine Rguibi,,Vidange & entretien courant,0.6,150.0,"Huile moteur, filtres",4.0,,
MB102127,2024-05-20,Casablanca,Mercedes-Benz Casablanca Anfa,Entretien,Vito,,,Adil Bouazza,,Carrosserie / peinture,9.4,6917.0,"Pare-chocs, peinture",5.0,,
MB101311,2024-07-14,Marrakech,Mercedes-Benz Marrakech Menara,Vente,Vito,Occasion,Rachid Alaoui,,279063.0,,,,,5.0,0.0,11.0
MB101917,2024-09-21,Fès,Mercedes-Benz Fès Saïss,Entretien,Classe E,,,Fatima Zahra Kettani,,Climatisation,2.4,1630.0,"Compresseur, gaz réfrigérant",4.0,,
MB100850,2024-07-24,Fès,Mercedes-Benz Fès Saïss,Vente,Classe C,Occasion,Imane Berrada,,422981.0,,,,,5.0,9.0,45.0
MB100425,2024-03-24,Rabat,Mercedes-Benz Rabat Aviation,Vente,Classe E,Neuf,Rachid Alaoui,,710427.0,,,,,5.0,18.0,19.0
MB100417,2024-06-30,Agadir,Mercedes-Benz Agadir Founty,Vente,Classe S,Neuf,Leila Ouazzani,,1456541.0,,,,,4.0,6.0,41.0
MB100001,2024-01-21,Agadir,Mercedes-Benz Agadir Founty,Vente,GLE,Occasion,Rachid Alaoui,,594030.0,,,,,4.0,9.0,61.0
MB102382,2024-10-19,Marrakech,Mercedes-Benz Marrakech Menara,Entretien,Classe A,,,Anas Séfrioui,,Carrosserie / peinture,7.2,6029.0,"Pare-chocs, peinture",5.0,,
MB101482,2024-07-13,Tanger,Mercedes-Benz Tanger Free Zone,Entretien,Classe E,,,Mehdi Lahlou,,Carrosserie / peinture,7.5,6517.0,"Pare-chocs, peinture",4.0,,
MB101410,2024-10-10,Marrakech,Mercedes-Benz Marrakech Menara,Entretien,Vito,,,Yassine Rguibi,,Freins,0.5,1521.0,"Plaquettes, disques de frein",4.0,,
MB102356,2024-06-26,Agadir,Mercedes-Benz Agadir Founty,Entretien,Sprinter,,,Fatima Zahra Kettani,,Vidange & entretien courant,1.6,1319.0,"Huile moteur, filtres",5.0,,
MB101959,2024-03-22,Marrakech,Mercedes-Benz Marrakech Menara,Entretien,GLA,,,Zineb Amrani,,Diagnostic électronique,3.8,150.0,Module de contrôle (ECU),4.0,,
MB101270,2024-03-20,Rabat,Mercedes-Benz Rabat Aviation,Vente,GLE,Neuf,Imane Berrada,,878501.0,,,,,5.0,12.0,1.0
MB100177,2024-08-05,Tanger,Mercedes-Benz Tanger Free Zone,Vente,Classe A,Occasion,Hicham Kabbaj,,254536.0,,,,,4.0,15.0,1.0
MB102485,2024-09-20,Agadir,Mercedes-Benz Agadir Founty,Entretien,Classe S,,,Zineb Amrani,,Freins,0.9,2898.0,"Plaquettes, disques de frein",5.0,,
MB102214,2024-05-08,Marrakech,Mercedes-Benz Marrakech Menara,Entretien,Classe C,,,Fatima Zahra Kettani,,Freins,1.4,2740.0,"Plaquettes, disques de frein",4.0,,
MB100513,2024-09-20,Tanger,Mercedes-Benz Tanger Free Zone,Vente,GLA,Neuf,Sara Bennis,,485457.0,,,,,5.0,7.0,29.0
MB100537,2024-02-05,Casablanca,Mercedes-Benz Casablanca Anfa,Vente,GLA,Neuf,Hicham Kabbaj,,434094.0,,,,,5.0,12.0,16.0
MB101287,2024-08-02,Casablanca,Mercedes-Benz Casablanca Anfa,Vente,Classe A,Neuf,Rachid Alaoui,,416837.0,,,,,4.0,10.0,36.0
MB100920,2024-08-03,Rabat,Mercedes-Benz Rabat Aviation,Vente,Classe E,Neuf,Salma Tazi,,788198.0,,,,,5.0,3.0,59.0
MB101463,2024-11-20,Marrakech,Mercedes-Benz Marrakech Menara,Entretien,GLE,,,Zineb Amrani,,Carrosserie / peinture,10.4,7173.0,"Pare-chocs, peinture",4.0,,
MB100362,2024-09-09,Tanger,Mercedes-Benz Tanger Free Zone,Vente,GLA,Neuf,Nadia Chraibi,,506927.0,,,,,5.0,6.0,32.0
MB102096,2024-12-21,Casablanca,Mercedes-Benz Casablanca Anfa,Entretien,GLC,,,Mehdi Lahlou,,Vidange & entretien courant,1.3,150.0,"Huile moteur, filtres",3.0,,
MB101140,2024-07-15,Rabat,Mercedes-Benz Rabat Aviation,Vente,Sprinter,Occasion,Karim Idrissi,,426247.0,,,,,4.0,12.0,16.0
MB101774,2024-03-31,Marrakech,Mercedes-Benz Marrakech Menara,Entretien,Classe A,,,Fatima Zahra Kettani,,Pneumatiques,1.1,5404.0,"Pneus, valves",4.0,,
MB101778,2024-10-21,Marrakech,Mercedes-Benz Marrakech Menara,Entretien,Classe C,,,Mehdi Lahlou,,Système électrique,1.8,4302.0,"Batterie, faisceau électrique",4.0,,
MB100337,2024-06-24,Agadir,Mercedes-Benz Agadir Founty,Vente,Sprinter,Occasion,Imane Berrada,,422587.0,,,,,4.0,9.0,35.0
MB100767,2024-01-13,Casablanca,Mercedes-Benz Casablanca Anfa,Vente,GLC,Neuf,Rachid Alaoui,,592847.0,,,,,4.0,6.0,25.0
MB101349,2024-06-03,Fès,Mercedes-Benz Fès Saïss,Vente,GLA,Occasion,Rachid Alaoui,,364049.0,,,,,3.0,6.0,22.0
MB100435,2024-07-16,Rabat,Mercedes-Benz Rabat Aviation,Vente,GLA,Neuf,Imane Berrada,,501199.0,,,,,5.0,10.0,44.0
MB101994,2024-01-29,Marrakech,Mercedes-Benz Marrakech Menara,Entretien,GLA,,,Anas Séfrioui,,Carrosserie / peinture,8.5,8026.0,"Pare-chocs, peinture",4.0,,
MB101055,2024-08-16,Rabat,Mercedes-Benz Rabat Aviation,Vente,Classe C,Neuf,Imane Berrada,,569757.0,,,,,4.0,7.0,31.0
MB101645,2024-09-20,Casablanca,Mercedes-Benz Casablanca Anfa,Entretien,Classe C,,,Fatima Zahra Kettani,,Suspension,2.5,4083.0,"Amortisseurs, biellettes",3.0,,
MB102338,2024-04-28,Fès,Mercedes-Benz Fès Saïss,Entretien,Classe S,,,Zineb Amrani,,Carrosserie / peinture,8.0,8209.0,"Pare-chocs, peinture",3.0,,
MB101658,2024-03-27,Tanger,Mercedes-Benz Tanger Free Zone,Entretien,GLE,,,Zineb Amrani,,Freins,3.0,947.0,"Plaquettes, disques de frein",4.0,,
MB102332,2024-11-10,Tanger,Mercedes-Benz Tanger Free Zone,Entretien,Classe A,,,Yassine Rguibi,,Suspension,2.0,4218.0,"Amortisseurs, biellettes",4.0,,
MB100408,2024-09-17,Rabat,Mercedes-Benz Rabat Aviation,Vente,GLA,Neuf,Rachid Alaoui,,431156.0,,,,,4.0,6.0,32.0
MB101263,2024-05-09,Tanger,Mercedes-Benz Tanger Free Zone,Vente,Classe C,Neuf,Nadia Chraibi,,504993.0,,,,,4.0,3.0,28.0
MB103012,2024-07-09,Fès,Mercedes-Benz Fès Saïss,Entretien,Classe C,,,Adil Bouazza,,Système électrique,3.9,3960.0,"Batterie, faisceau électrique",3.0,,
MB102622,2024-09-18,Tanger,Mercedes-Benz Tanger Free Zone,Entretien,Classe S,,,Anas Séfrioui,,Carrosserie / peinture,6.4,5539.0,"Pare-chocs, peinture",3.0,,
MB102994,2024-08-09,Agadir,Mercedes-Benz Agadir Founty,Entretien,GLA,,,Zineb Amrani,,Freins,0.6,2042.0,"Plaquettes, disques de frein",3.0,,
MB101318,2024-07-22,Fès,Mercedes-Benz Fès Saïss,Vente,Sprinter,Neuf,Omar Fassi,,559527.0,,,,,3.0,9.0,24.0
MB101330,2024-09-23,Tanger,Mercedes-Benz Tanger Free Zone,Vente,GLA,Neuf,Omar Fassi,,458763.0,,,,,5.0,6.0,57.0
MB102965,2024-03-04,Marrakech,Mercedes-Benz Marrakech Menara,Entretien,Classe C,,,Adil Bouazza,,Pneumatiques,1.6,2470.0,"Pneus, valves",5.0,,
MB100381,2024-09-02,Agadir,Mercedes-Benz Agadir Founty,Vente,Classe C,Occasion,Omar Fassi,,377736.0,,,,,5.0,6.0,20.0
MB102009,2024-12-19,Tanger,Mercedes-Benz Tanger Free Zone,Entretien,Classe A,,,Anas Séfrioui,,Carrosserie / peinture,6.6,6711.0,"Pare-chocs, peinture",5.0,,
MB102822,2024-03-25,Casablanca,Mercedes-Benz Casablanca Anfa,Entretien,Classe E,,,Fatima Zahra Kettani,,Boîte de vitesses,5.9,9928.0,"Kit embrayage, huile de boîte",4.0,,
MB102964,2024-10-13,Agadir,Mercedes-Benz Agadir Founty,Entretien,GLE,,,Anas Séfrioui,,Vidange & entretien courant,1.5,1181.0,"Huile moteur, filtres",4.0,,
MB102071,2024-10-10,Agadir,Mercedes-Benz Agadir Founty,Entretien,Vito,,,Adil Bouazza,,Suspension,5.1,2715.0,"Amortisseurs, biellettes",4.0,,
MB102436,2024-10-16,Agadir,Mercedes-Benz Agadir Founty,Entretien,Classe E,,,Anas Séfrioui,,Pneumatiques,0.5,2520.0,"Pneus, valves",4.0,,
MB100579,2024-11-23,Fès,Mercedes-Benz Fès Saïss,Vente,GLC,Neuf,Leila Ouazzani,,578555.0,,,,,4.0,4.0,42.0
MB100479,2024-08-23,Agadir,Mercedes-Benz Agadir Founty,Vente,Classe C,Occasion,Nadia Chraibi,,430467.0,,,,,5.0,4.0,41.0
MB102083,2024-10-21,Fès,Mercedes-Benz Fès Saïss,Entretien,GLC,,,Fatima Zahra Kettani,,Carrosserie / peinture,8.5,6570.0,"Pare-chocs, peinture",4.0,,
MB102359,2024-08-02,Agadir,Mercedes-Benz Agadir Founty,Entretien,Vito,,,Zineb Amrani,,Climatisation,3.7,2631.0,"Compresseur, gaz réfrigérant",3.0,,
MB101909,2024-04-11,Fès,Mercedes-Benz Fès Saïss,Entretien,GLE,,,Zineb Amrani,,Freins,1.8,2064.0,"Plaquettes, disques de frein",4.0,,
MB101736,2024-07-21,Rabat,Mercedes-Benz Rabat Aviation,Entretien,Classe E,,,Yassine Rguibi,,Boîte de vitesses,7.8,9479.0,"Kit embrayage, huile de boîte",4.0,,
MB100420,2024-09-28,Marrakech,Mercedes-Benz Marrakech Menara,Vente,GLE,Neuf,Omar Fassi,,857210.0,,,,,3.0,16.0,29.0
MB100626,2024-06-05,Tanger,Mercedes-Benz Tanger Free Zone,Vente,GLE,Neuf,Sara Bennis,,909893.0,,,,,5.0,7.0,34.0
MB100040,2024-10-10,Rabat,Mercedes-Benz Rabat Aviation,Vente,Vito,Occasion,Youssef El Amrani,,318768.0,,,,,4.0,9.0,29.0
MB101168,2024-03-06,Agadir,Mercedes-Benz Agadir Founty,Vente,Sprinter,Neuf,Rachid Alaoui,,559393.0,,,,,5.0,15.0,33.0
MB101481,2024-08-31,Marrakech,Mercedes-Benz Marrakech Menara,Entretien,Classe C,,,Fatima Zahra Kettani,,Pneumatiques,0.7,3708.0,"Pneus, valves",4.0,,
MB102530,2024-01-20,Agadir,Mercedes-Benz Agadir Founty,Entretien,Classe E,,,Mehdi Lahlou,,Système électrique,4.0,3663.0,"Batterie, faisceau électrique",4.0,,
MB101060,2024-04-11,Rabat,Mercedes-Benz Rabat Aviation,Vente,Classe E,Neuf,Imane Berrada,,833393.0,,,,,5.0,3.0,1.0
MB100081,2024-07-21,Marrakech,Mercedes-Benz Marrakech Menara,Vente,Classe C,Neuf,Sara Bennis,,542652.0,,,,,4.0,10.0,14.0
MB100947,2024-09-08,Rabat,Mercedes-Benz Rabat Aviation,Vente,Classe S,Occasion,Karim Idrissi,,965829.0,,,,,5.0,15.0,57.0
MB100074,2024-04-13,Marrakech,Mercedes-Benz Marrakech Menara,Vente,Classe A,Neuf,Leila Ouazzani,,345635.0,,,,,4.0,7.0,23.0
MB101126,2024-05-19,Agadir,Mercedes-Benz Agadir Founty,Vente,Classe C,Neuf,Omar Fassi,,510705.0,,,,,4.0,12.0,14.0
MB100557,2024-11-29,Casablanca,Mercedes-Benz Casablanca Anfa,Vente,Classe E,Neuf,Salma Tazi,,654134.0,,,,,5.0,12.0,27.0
MB102118,2024-05-06,Fès,Mercedes-Benz Fès Saïss,Entretien,Vito,,,Yassine Rguibi,,Freins,2.4,2067.0,"Plaquettes, disques de frein",5.0,,
MB102889,2024-05-14,Casablanca,Mercedes-Benz Casablanca Anfa,Entretien,Sprinter,,,Mehdi Lahlou,,Vidange & entretien courant,0.5,672.0,"Huile moteur, filtres",5.0,,
MB101253,2024-06-29,Marrakech,Mercedes-Benz Marrakech Menara,Vente,Classe C,Occasion,Leila Ouazzani,,437712.0,,,,,3.0,8.0,4.0
MB101849,2024-09-01,Marrakech,Mercedes-Benz Marrakech Menara,Entretien,GLA,,,Zineb Amrani,,Carrosserie / peinture,7.9,8233.0,"Pare-chocs, peinture",4.0,,
MB101750,2024-08-19,Agadir,Mercedes-Benz Agadir Founty,Entretien,GLC,,,Anas Séfrioui,,Injection / moteur,3.5,5911.0,"Injecteurs, capteurs moteur",4.0,,
MB102697,2024-06-28,Agadir,Mercedes-Benz Agadir Founty,Entretien,GLC,,,Anas Séfrioui,,Carrosserie / peinture,8.8,6269.0,"Pare-chocs, peinture",4.0,,
MB101708,2024-05-29,Marrakech,Mercedes-Benz Marrakech Menara,Entretien,Classe C,,,Mehdi Lahlou,,Climatisation,4.1,3640.0,"Compresseur, gaz réfrigérant",4.0,,
MB102369,2024-10-02,Rabat,Mercedes-Benz Rabat Aviation,Entretien,Classe A,,,Anas Séfrioui,,Suspension,4.6,3452.0,"Amortisseurs, biellettes",4.0,,
MB100542,2024-01-18,Agadir,Mercedes-Benz Agadir Founty,Vente,Classe S,Occasion,Imane Berrada,,1008954.0,,,,,5.0,14.0,36.0
MB101462,2024-07-11,Casablanca,Mercedes-Benz Casablanca Anfa,Entretien,GLE,,,Mehdi Lahlou,,Freins,0.5,2734.0,"Plaquettes, disques de frein",3.0,,
MB100508,2024-09-02,Rabat,Mercedes-Benz Rabat Aviation,Vente,Classe A,Occasion,Sara Bennis,,265437.0,,,,,4.0,9.0,21.0
MB101182,2024-12-12,Marrakech,Mercedes-Benz Marrakech Menara,Vente,Classe C,Occasion,Nadia Chraibi,,387536.0,,,,,4.0,8.0,51.0
MB102544,2024-08-03,Marrakech,Mercedes-Benz Marrakech Menara,Entretien,GLA,,,Zineb Amrani,,Climatisation,1.1,2557.0,"Compresseur, gaz réfrigérant",2.0,,
MB100489,2024-03-10,Rabat,Mercedes-Benz Rabat Aviation,Vente,GLC,Occasion,Omar Fassi,,477947.0,,,,,4.0,3.0,45.0
MB101125,2024-12-26,Casablanca,Mercedes-Benz Casablanca Anfa,Vente,Classe A,Occasion,Leila Ouazzani,,248617.0,,,,,5.0,5.0,32.0
MB102319,2024-02-12,Casablanca,Mercedes-Benz Casablanca Anfa,Entretien,GLE,,,Adil Bouazza,,Système électrique,1.9,2081.0,"Batterie, faisceau électrique",4.0,,
MB101542,2024-07-20,Tanger,Mercedes-Benz Tanger Free Zone,Entretien,GLC,,,Mehdi Lahlou,,Pneumatiques,2.3,1895.0,"Pneus, valves",3.0,,
MB100389,2024-11-25,Marrakech,Mercedes-Benz Marrakech Menara,Vente,Vito,Occasion,Salma Tazi,,323432.0,,,,,4.0,6.0,1.0
MB100218,2024-11-01,Marrakech,Mercedes-Benz Marrakech Menara,Vente,GLC,Neuf,Sara Bennis,,662574.0,,,,,5.0,4.0,30.0
MB101018,2024-12-22,Marrakech,Mercedes-Benz Marrakech Menara,Vente,GLE,Occasion,Omar Fassi,,702748.0,,,,,4.0,7.0,47.0
MB101246,2024-06-03,Fès,Mercedes-Benz Fès Saïss,Vente,GLA,Occasion,Sara Bennis,,364465.0,,,,,,14.0,22.0
MB102020,2024-02-13,Agadir,Mercedes-Benz Agadir Founty,Entretien,Vito,,,Anas Séfrioui,,Diagnostic électronique,2.2,1016.0,Module de contrôle (ECU),4.0,,
MB102940,2024-01-22,Tanger,Mercedes-Benz Tanger Free Zone,Entretien,Classe A,,,Mehdi Lahlou,,Freins,3.7,2114.0,"Plaquettes, disques de frein",4.0,,
MB101291,2024-07-11,Marrakech,Mercedes-Benz Marrakech Menara,Vente,Classe A,Neuf,Youssef El Amrani,,410734.0,,,,,5.0,8.0,38.0
MB100463,2024-10-23,Fès,Mercedes-Benz Fès Saïss,Vente,Classe C,Neuf,Karim Idrissi,,564444.0,,,,,4.0,7.0,41.0
MB102813,2024-01-29,Marrakech,Mercedes-Benz Marrakech Menara,Entretien,GLE,,,Adil Bouazza,,Suspension,3.4,2920.0,"Amortisseurs, biellettes",5.0,,
MB102555,2024-03-26,Rabat,Mercedes-Benz Rabat Aviation,Entretien,Vito,,,Mehdi Lahlou,,Suspension,3.0,3021.0,"Amortisseurs, biellettes",4.0,,
MB100862,2024-03-14,Tanger,Mercedes-Benz Tanger Free Zone,Vente,Vito,Neuf,Salma Tazi,,427997.0,,,,,3.0,6.0,64.0
MB100527,2024-11-10,Casablanca,Mercedes-Benz Casablanca Anfa,Vente,GLA,Neuf,Imane Berrada,,447740.0,,,,,4.0,13.0,26.0
MB102429,2024-12-24,Fès,Mercedes-Benz Fès Saïss,Entretien,Classe A,,,Adil Bouazza,,Carrosserie / peinture,8.6,8970.0,"Pare-chocs, peinture",3.0,,
MB102877,2024-03-22,Tanger,Mercedes-Benz Tanger Free Zone,Entretien,Classe C,,,Fatima Zahra Kettani,,Climatisation,2.4,2345.0,"Compresseur, gaz réfrigérant",2.0,,
MB100284,2024-06-18,Casablanca,Mercedes-Benz Casablanca Anfa,Vente,GLC,Neuf,Leila Ouazzani,,576443.0,,,,,3.0,8.0,32.0
MB100816,2024-11-30,Agadir,Mercedes-Benz Agadir Founty,Vente,Classe E,Neuf,Hicham Kabbaj,,842286.0,,,,,5.0,6.0,60.0
MB101471,2024-09-25,Rabat,Mercedes-Benz Rabat Aviation,Entretien,Vito,,,Mehdi Lahlou,,Boîte de vitesses,7.3,9734.0,"Kit embrayage, huile de boîte",5.0,,
MB101087,2024-07-23,Fès,Mercedes-Benz Fès Saïss,Vente,GLA,Occasion,Imane Berrada,,310889.0,,,,,5.0,6.0,23.0
MB100873,2024-12-22,Rabat,Mercedes-Benz Rabat Aviation,Vente,Classe C,Neuf,Omar Fassi,,493181.0,,,,,5.0,14.0,17.0
MB100591,2024-09-29,Casablanca,Mercedes-Benz Casablanca Anfa,Vente,GLA,Neuf,Leila Ouazzani,,442238.0,,,,,4.0,6.0,33.0
MB102169,2024-01-02,Rabat,Mercedes-Benz Rabat Aviation,Entretien,Vito,,,Zineb Amrani,,Freins,1.5,2444.0,"Plaquettes, disques de frein",4.0,,
MB101577,2024-10-17,Tanger,Mercedes-Benz Tanger Free Zone,Entretien,GLC,,,Fatima Zahra Kettani,,Carrosserie / peinture,9.2,6535.0,"Pare-chocs, peinture",4.0,,
MB100065,2024-12-04,Rabat,Mercedes-Benz Rabat Aviation,Vente,Vito,Neuf,Omar Fassi,,399212.0,,,,,5.0,7.0,39.0
MB101083,2024-05-15,Fès,Mercedes-Benz Fès Saïss,Vente,Classe S,Neuf,Youssef El Amrani,,1256949.0,,,,,4.0,6.0,17.0
MB102637,2024-05-26,Casablanca,Mercedes-Benz Casablanca Anfa,Entretien,GLE,,,Zineb Amrani,,Climatisation,1.7,3075.0,"Compresseur, gaz réfrigérant",4.0,,
MB101280,2024-05-12,Marrakech,Mercedes-Benz Marrakech Menara,Vente,GLC,Neuf,Rachid Alaoui,,611806.0,,,,,4.0,5.0,33.0
MB100605,2024-01-21,Fès,Mercedes-Benz Fès Saïss,Vente,Classe E,Neuf,Rachid Alaoui,,789614.0,,,,,4.0,0.0,54.0
MB102983,2024-10-12,Casablanca,Mercedes-Benz Casablanca Anfa,Entretien,Classe C,,,Zineb Amrani,,Vidange & entretien courant,0.6,621.0,"Huile moteur, filtres",4.0,,
MB100730,2024-11-15,Tanger,Mercedes-Benz Tanger Free Zone,Vente,GLA,Occasion,Rachid Alaoui,,344536.0,,,,,5.0,10.0,13.0
MB102099,2024-12-17,Marrakech,Mercedes-Benz Marrakech Menara,Entretien,GLA,,,Zineb Amrani,,Boîte de vitesses,6.6,10564.0,"Kit embrayage, huile de boîte",5.0,,
MB100353,2024-08-23,Tanger,Mercedes-Benz Tanger Free Zone,Vente,Classe C,Occasion,Youssef El Amrani,,348363.0,,,,,3.0,4.0,70.0
MB100954,2024-01-12,Agadir,Mercedes-Benz Agadir Founty,Vente,Classe A,Neuf,Youssef El Amrani,,352948.0,,,,,4.0,9.0,51.0
MB101401,2024-03-13,Rabat,Mercedes-Benz Rabat Aviation,Entretien,GLE,,,Zineb Amrani,,Vidange & entretien courant,2.0,150.0,"Huile moteur, filtres",3.0,,
MB100324,2024-03-04,Rabat,Mercedes-Benz Rabat Aviation,Vente,Classe S,Neuf,Karim Idrissi,,1551171.0,,,,,4.0,7.0,32.0
MB102653,2024-04-13,Rabat,Mercedes-Benz Rabat Aviation,Entretien,Classe C,,,Mehdi Lahlou,,Suspension,2.9,2260.0,"Amortisseurs, biellettes",5.0,,
MB102257,2024-10-30,Fès,Mercedes-Benz Fès Saïss,Entretien,Vito,,,Adil Bouazza,,Climatisation,3.2,150.0,"Compresseur, gaz réfrigérant",4.0,,
MB101783,2024-12-24,Rabat,Mercedes-Benz Rabat Aviation,Entretien,Sprinter,,,Mehdi Lahlou,,Diagnostic électronique,3.0,885.0,Module de contrôle (ECU),4.0,,
MB102633,2024-02-04,Marrakech,Mercedes-Benz Marrakech Menara,Entretien,Sprinter,,,Anas Séfrioui,,Diagnostic électronique,0.5,150.0,Module de contrôle (ECU),4.0,,
MB101380,2024-06-28,Casablanca,Mercedes-Benz Casablanca Anfa,Vente,Classe C,Neuf,Rachid Alaoui,,481706.0,,,,,3.0,8.0,46.0
MB101656,2024-03-28,Marrakech,Mercedes-Benz Marrakech Menara,Entretien,Sprinter,,,Anas Séfrioui,,Diagnostic électronique,1.1,1027.0,Module de contrôle (ECU),4.0,,
MB102803,2024-09-26,Fès,Mercedes-Benz Fès Saïss,Entretien,Vito,,,Anas Séfrioui,,Suspension,4.3,3087.0,"Amortisseurs, biellettes",4.0,,
MB100035,2024-03-13,Marrakech,Mercedes-Benz Marrakech Menara,Vente,GLA,Neuf,Imane Berrada,,427755.0,,,,,4.0,8.0,35.0
MB102948,2024-07-19,Agadir,Mercedes-Benz Agadir Founty,Entretien,GLA,,,Fatima Zahra Kettani,,Carrosserie / peinture,7.2,7795.0,"Pare-chocs, peinture",,,
MB101406,2024-05-10,Fès,Mercedes-Benz Fès Saïss,Entretien,GLC,,,Fatima Zahra Kettani,,Injection / moteur,4.7,6382.0,"Injecteurs, capteurs moteur",4.0,,
MB102317,2024-10-06,Tanger,Mercedes-Benz Tanger Free Zone,Entretien,Sprinter,,,Yassine Rguibi,,Système électrique,3.5,2515.0,"Batterie, faisceau électrique",4.0,,
MB101700,2024-04-16,Agadir,Mercedes-Benz Agadir Founty,Entretien,Vito,,,Yassine Rguibi,,Système électrique,4.3,1790.0,"Batterie, faisceau électrique",3.0,,
MB101706,2024-07-23,Casablanca,Mercedes-Benz Casablanca Anfa,Entretien,Classe E,,,Zineb Amrani,,Pneumatiques,1.2,3182.0,"Pneus, valves",2.0,,
MB102276,2024-07-21,Casablanca,Mercedes-Benz Casablanca Anfa,Entretien,Classe C,,,Fatima Zahra Kettani,,Injection / moteur,5.2,5814.0,"Injecteurs, capteurs moteur",4.0,,
MB102376,2024-03-30,Tanger,Mercedes-Benz Tanger Free Zone,Entretien,GLE,,,Fatima Zahra Kettani,,Climatisation,2.3,3037.0,"Compresseur, gaz réfrigérant",4.0,,
MB100020,2024-01-26,Agadir,Mercedes-Benz Agadir Founty,Vente,GLE,Neuf,Youssef El Amrani,,964552.0,,,,,5.0,8.0,54.0
MB100623,2024-08-22,Casablanca,Mercedes-Benz Casablanca Anfa,Vente,GLE,Neuf,Leila Ouazzani,,866853.0,,,,,4.0,7.0,24.0
MB103083,2024-08-13,Tanger,Mercedes-Benz Tanger Free Zone,Entretien,Classe E,,,Anas Séfrioui,,Système électrique,5.7,2926.0,"Batterie, faisceau électrique",4.0,,
MB102631,2024-03-07,Rabat,Mercedes-Benz Rabat Aviation,Entretien,GLA,,,Yassine Rguibi,,Injection / moteur,5.8,6189.0,"Injecteurs, capteurs moteur",4.0,,
MB102131,2024-09-28,Agadir,Mercedes-Benz Agadir Founty,Entretien,GLA,,,Anas Séfrioui,,Pneumatiques,1.2,2775.0,"Pneus, valves",3.0,,
MB102392,2024-03-31,Tanger,Mercedes-Benz Tanger Free Zone,Entretien,GLE,,,Yassine Rguibi,,Carrosserie / peinture,8.3,9476.0,"Pare-chocs, peinture",3.0,,
MB101275,2024-05-28,Fès,Mercedes-Benz Fès Saïss,Vente,Classe E,Neuf,Nadia Chraibi,,745118.0,,,,,5.0,7.0,51.0
MB101910,2024-02-14,Fès,Mercedes-Benz Fès Saïss,Entretien,Classe A,,,Mehdi Lahlou,,Vidange & entretien courant,0.5,1412.0,"Huile moteur, filtres",4.0,,
MB101082,2024-03-16,Agadir,Mercedes-Benz Agadir Founty,Vente,Sprinter,Neuf,Leila Ouazzani,,571004.0,,,,,4.0,2.0,39.0
MB100164,2024-04-29,Tanger,Mercedes-Benz Tanger Free Zone,Vente,Vito,Occasion,Hicham Kabbaj,,280821.0,,,,,4.0,12.0,54.0
MB101827,2024-05-25,Rabat,Mercedes-Benz Rabat Aviation,Entretien,GLC,,,Mehdi Lahlou,,Diagnostic électronique,2.2,929.0,Module de contrôle (ECU),5.0,,
MB101177,2024-04-18,Tanger,Mercedes-Benz Tanger Free Zone,Vente,Classe C,Occasion,Youssef El Amrani,,440019.0,,,,,5.0,6.0,53.0
MB102608,2024-02-15,Casablanca,Mercedes-Benz Casablanca Anfa,Entretien,Sprinter,,,Zineb Amrani,,Boîte de vitesses,7.5,10099.0,"Kit embrayage, huile de boîte",4.0,,
MB100199,2024-01-01,Agadir,Mercedes-Benz Agadir Founty,Vente,Classe E,Neuf,Nadia Chraibi,,734289.0,,,,,5.0,9.0,81.0
MB101233,2024-08-20,Rabat,Mercedes-Benz Rabat Aviation,Vente,Classe E,Occasion,Karim Idrissi,,511195.0,,,,,4.0,15.0,26.0
MB103025,2024-10-07,Agadir,Mercedes-Benz Agadir Founty,Entretien,GLE,,,Anas Séfrioui,,Climatisation,1.7,3806.0,"Compresseur, gaz réfrigérant",4.0,,
MB103035,2024-01-25,Tanger,Mercedes-Benz Tanger Free Zone,Entretien,Classe E,,,Fatima Zahra Kettani,,Freins,2.4,2470.0,"Plaquettes, disques de frein",2.0,,
MB101516,2024-01-03,Tanger,Mercedes-Benz Tanger Free Zone,Entretien,GLE,,,Yassine Rguibi,,Carrosserie / peinture,8.6,7971.0,"Pare-chocs, peinture",5.0,,
MB102014,2024-08-04,Fès,Mercedes-Benz Fès Saïss,Entretien,Classe S,,,Anas Séfrioui,,Injection / moteur,6.1,6471.0,"Injecteurs, capteurs moteur",4.0,,
MB100409,2024-03-18,Tanger,Mercedes-Benz Tanger Free Zone,Vente,GLC,Neuf,Leila Ouazzani,,636684.0,,,,,5.0,3.0,3.0
MB100143,2024-03-07,Tanger,Mercedes-Benz Tanger Free Zone,Vente,Classe S,Occasion,Imane Berrada,,1015838.0,,,,,4.0,7.0,55.0
MB100023,2024-10-02,Rabat,Mercedes-Benz Rabat Aviation,Vente,GLA,Neuf,Salma Tazi,,516135.0,,,,,4.0,9.0,19.0
MB100205,2024-12-19,Tanger,Mercedes-Benz Tanger Free Zone,Vente,GLC,Neuf,Omar Fassi,,572911.0,,,,,3.0,13.0,68.0
MB101213,2024-10-27,Casablanca,Mercedes-Benz Casablanca Anfa,Vente,GLE,Occasion,Imane Berrada,,576888.0,,,,,5.0,11.0,8.0
MB101365,2024-11-08,Marrakech,Mercedes-Benz Marrakech Menara,Vente,Classe C,Occasion,Karim Idrissi,,434358.0,,,,,3.0,8.0,52.0
MB101006,2024-02-23,Tanger,Mercedes-Benz Tanger Free Zone,Vente,GLA,Neuf,Omar Fassi,,421704.0,,,,,5.0,8.0,23.0
MB100642,2024-11-01,Casablanca,Mercedes-Benz Casablanca Anfa,Vente,Sprinter,Neuf,Leila Ouazzani,,475861.0,,,,,5.0,4.0,30.0
MB101823,2024-12-08,Fès,Mercedes-Benz Fès Saïss,Entretien,Classe E,,,Yassine Rguibi,,Climatisation,2.5,2572.0,"Compresseur, gaz réfrigérant",5.0,,
MB102777,2024-08-07,Agadir,Mercedes-Benz Agadir Founty,Entretien,Sprinter,,,Anas Séfrioui,,Boîte de vitesses,5.0,9668.0,"Kit embrayage, huile de boîte",5.0,,
MB101344,2024-04-09,Tanger,Mercedes-Benz Tanger Free Zone,Vente,Classe S,Occasion,Karim Idrissi,,1102622.0,,,,,2.0,11.0,48.0
MB100385,2024-08-03,Fès,Mercedes-Benz Fès Saïss,Vente,Classe C,Occasion,Leila Ouazzani,,353156.0,,,,,4.0,8.0,57.0
MB100889,2024-07-06,Rabat,Mercedes-Benz Rabat Aviation,Vente,Sprinter,Occasion,Rachid Alaoui,,428885.0,,,,,3.0,6.0,52.0
MB102299,2024-10-04,Marrakech,Mercedes-Benz Marrakech Menara,Entretien,Sprinter,,,Fatima Zahra Kettani,,Carrosserie / peinture,8.0,6049.0,"Pare-chocs, peinture",3.0,,
MB101086,2024-07-01,Fès,Mercedes-Benz Fès Saïss,Vente,Vito,Neuf,Sara Bennis,,437584.0,,,,,4.0,9.0,65.0
MB100173,2024-09-05,Fès,Mercedes-Benz Fès Saïss,Vente,GLC,Occasion,Rachid Alaoui,,503461.0,,,,,5.0,8.0,32.0
MB100532,2024-12-05,Marrakech,Mercedes-Benz Marrakech Menara,Vente,GLA,Neuf,Sara Bennis,,452987.0,,,,,4.0,12.0,21.0
MB101834,2024-08-10,Fès,Mercedes-Benz Fès Saïss,Entretien,GLC,,,Fatima Zahra Kettani,,Freins,2.0,1269.0,"Plaquettes, disques de frein",5.0,,
MB101340,2024-10-30,Rabat,Mercedes-Benz Rabat Aviation,Vente,Classe E,Neuf,Youssef El Amrani,,724015.0,,,,,4.0,10.0,43.0
MB101106,2024-08-31,Agadir,Mercedes-Benz Agadir Founty,Vente,Vito,Occasion,Salma Tazi,,258979.0,,,,,5.0,8.0,48.0
MB102063,2024-04-09,Tanger,Mercedes-Benz Tanger Free Zone,Entretien,Classe C,,,Zineb Amrani,,Freins,0.5,1880.0,"Plaquettes, disques de frein",4.0,,
MB100400,2024-05-27,Rabat,Mercedes-Benz Rabat Aviation,Vente,Sprinter,Neuf,Hicham Kabbaj,,588271.0,,,,,4.0,1.0,52.0
MB102824,2024-08-19,Agadir,Mercedes-Benz Agadir Founty,Entretien,GLA,,,Yassine Rguibi,,Freins,1.3,3042.0,"Plaquettes, disques de frein",5.0,,
MB100641,2024-03-10,Rabat,Mercedes-Benz Rabat Aviation,Vente,Classe E,Occasion,Hicham Kabbaj,,481286.0,,,,,3.0,4.0,51.0
MB102975,2024-01-29,Fès,Mercedes-Benz Fès Saïss,Entretien,Classe E,,,Zineb Amrani,,Pneumatiques,0.9,3589.0,"Pneus, valves",3.0,,
MB100720,2024-07-22,Fès,Mercedes-Benz Fès Saïss,Vente,Classe C,Neuf,Hicham Kabbaj,,568302.0,,,,,5.0,7.0,55.0
MB101672,2024-09-16,Fès,Mercedes-Benz Fès Saïss,Entretien,Vito,,,Adil Bouazza,,Boîte de vitesses,5.6,11064.0,"Kit embrayage, huile de boîte",5.0,,
MB100391,2024-06-12,Fès,Mercedes-Benz Fès Saïss,Vente,GLC,Neuf,Sara Bennis,,708980.0,,,,,5.0,9.0,25.0
MB100936,2024-12-06,Rabat,Mercedes-Benz Rabat Aviation,Vente,Classe C,Neuf,Karim Idrissi,,589087.0,,,,,4.0,7.0,19.0
MB102441,2024-10-19,Fès,Mercedes-Benz Fès Saïss,Entretien,Classe E,,,Anas Séfrioui,,Suspension,3.3,3169.0,"Amortisseurs, biellettes",5.0,,
MB100139,2024-07-16,Tanger,Mercedes-Benz Tanger Free Zone,Vente,Classe C,Neuf,Youssef El Amrani,,492095.0,,,,,3.0,5.0,66.0
MB101149,2024-10-25,Fès,Mercedes-Benz Fès Saïss,Vente,Classe C,Neuf,Nadia Chraibi,,560978.0,,,,,4.0,7.0,19.0
MB100787,2024-04-02,Marrakech,Mercedes-Benz Marrakech Menara,Vente,Classe A,Neuf,Nadia Chraibi,,419912.0,,,,,5.0,10.0,57.0
MB101586,2024-05-03,Fès,Mercedes-Benz Fès Saïss,Entretien,Classe C,,,Anas Séfrioui,,Diagnostic électronique,2.7,150.0,Module de contrôle (ECU),5.0,,
MB101119,2024-04-11,Casablanca,Mercedes-Benz Casablanca Anfa,Vente,GLC,Occasion,Youssef El Amrani,,514252.0,,,,,5.0,12.0,62.0
MB102969,2024-02-27,Marrakech,Mercedes-Benz Marrakech Menara,Entretien,GLA,,,Adil Bouazza,,Freins,1.8,2643.0,"Plaquettes, disques de frein",4.0,,
MB102539,2024-04-23,Rabat,Mercedes-Benz Rabat Aviation,Entretien,Classe C,,,Fatima Zahra Kettani,,Système électrique,1.9,3294.0,"Batterie, faisceau électrique",5.0,,
MB102939,2024-01-10,Rabat,Mercedes-Benz Rabat Aviation,Entretien,GLC,,,Zineb Amrani,,Système électrique,3.2,4013.0,"Batterie, faisceau électrique",4.0,,
MB101689,2024-06-12,Marrakech,Mercedes-Benz Marrakech Menara,Entretien,Sprinter,,,Fatima Zahra Kettani,,Pneumatiques,0.5,3081.0,"Pneus, valves",4.0,,
MB102453,2024-01-03,Marrakech,Mercedes-Benz Marrakech Menara,Entretien,Vito,,,Yassine Rguibi,,Système électrique,4.9,4229.0,"Batterie, faisceau électrique",4.0,,
MB102516,2024-05-01,Tanger,Mercedes-Benz Tanger Free Zone,Entretien,Classe A,,,Zineb Amrani,,Pneumatiques,2.1,3663.0,"Pneus, valves",5.0,,
MB101374,2024-12-13,Casablanca,Mercedes-Benz Casablanca Anfa,Vente,GLA,Neuf,Leila Ouazzani,,487336.0,,,,,4.0,7.0,24.0
MB102572,2024-11-05,Marrakech,Mercedes-Benz Marrakech Menara,Entretien,GLE,,,Mehdi Lahlou,,Boîte de vitesses,7.1,10754.0,"Kit embrayage, huile de boîte",3.0,,
MB100953,2024-06-27,Casablanca,Mercedes-Benz Casablanca Anfa,Vente,GLA,Neuf,Imane Berrada,,461018.0,,,,,5.0,13.0,33.0
MB102725,2024-05-30,Rabat,Mercedes-Benz Rabat Aviation,Entretien,Classe C,,,Mehdi Lahlou,,Diagnostic électronique,2.7,461.0,Module de contrôle (ECU),3.0,,
MB102991,2024-01-30,Fès,Mercedes-Benz Fès Saïss,Entretien,Classe E,,,Zineb Amrani,,Boîte de vitesses,4.9,9626.0,"Kit embrayage, huile de boîte",4.0,,
MB101196,2024-02-14,Fès,Mercedes-Benz Fès Saïss,Vente,Sprinter,Occasion,Imane Berrada,,324836.0,,,,,5.0,11.0,36.0
MB102636,2024-10-25,Fès,Mercedes-Benz Fès Saïss,Entretien,Classe S,,,Zineb Amrani,,Freins,2.5,791.0,"Plaquettes, disques de frein",5.0,,
MB102518,2024-03-09,Rabat,Mercedes-Benz Rabat Aviation,Entretien,Classe S,,,Anas Séfrioui,,Pneumatiques,1.0,2517.0,"Pneus, valves",4.0,,
MB101575,2024-08-15,Casablanca,Mercedes-Benz Casablanca Anfa,Entretien,Classe C,,,Mehdi Lahlou,,Carrosserie / peinture,7.3,6019.0,"Pare-chocs, peinture",5.0,,
MB102757,2024-11-17,Agadir,Mercedes-Benz Agadir Founty,Entretien,GLC,,,Zineb Amrani,,Freins,2.7,1579.0,"Plaquettes, disques de frein",5.0,,
MB101934,2024-11-22,Tanger,Mercedes-Benz Tanger Free Zone,Entretien,GLE,,,Fatima Zahra Kettani,,Pneumatiques,1.7,5091.0,"Pneus, valves",3.0,,
MB101290,2024-06-23,Fès,Mercedes-Benz Fès Saïss,Vente,Classe E,Neuf,Imane Berrada,,715056.0,,,,,5.0,4.0,17.0
MB100129,2024-12-30,Fès,Mercedes-Benz Fès Saïss,Vente,GLA,Neuf,Youssef El Amrani,,470369.0,,,,,4.0,13.0,39.0
MB102840,2024-01-25,Fès,Mercedes-Benz Fès Saïss,Entretien,Sprinter,,,Zineb Amrani,,Boîte de vitesses,6.1,9670.0,"Kit embrayage, huile de boîte",3.0,,
MB102301,2024-04-23,Tanger,Mercedes-Benz Tanger Free Zone,Entretien,Classe E,,,Adil Bouazza,,Système électrique,3.2,4466.0,"Batterie, faisceau électrique",4.0,,
MB101332,2024-05-08,Casablanca,Mercedes-Benz Casablanca Anfa,Vente,GLE,Occasion,Youssef El Amrani,,698480.0,,,,,3.0,16.0,39.0
MB100161,2024-11-20,Agadir,Mercedes-Benz Agadir Founty,Vente,Classe C,Neuf,Leila Ouazzani,,534265.0,,,,,4.0,5.0,24.0
MB100932,2024-05-21,Tanger,Mercedes-Benz Tanger Free Zone,Vente,GLA,Neuf,Leila Ouazzani,,497380.0,,,,,5.0,8.0,14.0
MB101389,2024-12-18,Casablanca,Mercedes-Benz Casablanca Anfa,Vente,GLC,Occasion,Rachid Alaoui,,431378.0,,,,,5.0,8.0,2.0
MB102218,2024-06-02,Agadir,Mercedes-Benz Agadir Founty,Entretien,GLA,,,Anas Séfrioui,,Carrosserie / peinture,8.1,7451.0,"Pare-chocs, peinture",4.0,,
MB102159,2024-05-09,Fès,Mercedes-Benz Fès Saïss,Entretien,Vito,,,Mehdi Lahlou,,Pneumatiques,0.5,3699.0,"Pneus, valves",5.0,,
MB102607,2024-03-05,Marrakech,Mercedes-Benz Marrakech Menara,Entretien,GLA,,,Zineb Amrani,,Carrosserie / peinture,8.7,7359.0,"Pare-chocs, peinture",4.0,,
MB101966,2024-08-27,Fès,Mercedes-Benz Fès Saïss,Entretien,Classe S,,,Yassine Rguibi,,Freins,1.6,2104.0,"Plaquettes, disques de frein",4.0,,
MB101379,2024-10-09,Fès,Mercedes-Benz Fès Saïss,Vente,GLE,Neuf,Sara Bennis,,820944.0,,,,,3.0,10.0,61.0
MB100421,2024-08-12,Casablanca,Mercedes-Benz Casablanca Anfa,Vente,Classe C,Occasion,Karim Idrissi,,373344.0,,,,,4.0,4.0,53.0
MB102486,2024-01-13,Casablanca,Mercedes-Benz Casablanca Anfa,Entretien,Classe A,,,Zineb Amrani,,Diagnostic électronique,1.6,934.0,Module de contrôle (ECU),4.0,,
MB103066,2024-05-09,Tanger,Mercedes-Benz Tanger Free Zone,Entretien,Classe C,,,Adil Bouazza,,Système électrique,2.9,3556.0,"Batterie, faisceau électrique",4.0,,
MB100287,2024-07-15,Tanger,Mercedes-Benz Tanger Free Zone,Vente,Classe C,Occasion,Imane Berrada,,384484.0,,,,,4.0,10.0,49.0
MB102514,2024-10-14,Agadir,Mercedes-Benz Agadir Founty,Entretien,Sprinter,,,Anas Séfrioui,,Système électrique,2.4,3517.0,"Batterie, faisceau électrique",3.0,,
MB101996,2024-12-27,Tanger,Mercedes-Benz Tanger Free Zone,Entretien,Classe S,,,Fatima Zahra Kettani,,Vidange & entretien courant,0.5,901.0,"Huile moteur, filtres",3.0,,
MB101041,2024-09-24,Tanger,Mercedes-Benz Tanger Free Zone,Vente,GLA,Neuf,Imane Berrada,,461375.0,,,,,4.0,13.0,20.0
MB100133,2024-03-02,Marrakech,Mercedes-Benz Marrakech Menara,Vente,GLE,Occasion,Leila Ouazzani,,587225.0,,,,,4.0,2.0,34.0
MB102880,2024-08-16,Fès,Mercedes-Benz Fès Saïss,Entretien,Sprinter,,,Yassine Rguibi,,Carrosserie / peinture,7.8,7714.0,"Pare-chocs, peinture",4.0,,
MB103044,2024-07-21,Fès,Mercedes-Benz Fès Saïss,Entretien,Classe A,,,Mehdi Lahlou,,Pneumatiques,0.5,2609.0,"Pneus, valves",4.0,,
MB102651,2024-12-03,Agadir,Mercedes-Benz Agadir Founty,Entretien,Classe A,,,Mehdi Lahlou,,Climatisation,2.1,5029.0,"Compresseur, gaz réfrigérant",4.0,,
MB101080,2024-01-09,Rabat,Mercedes-Benz Rabat Aviation,Vente,Classe A,Occasion,Nadia Chraibi,,274889.0,,,,,5.0,14.0,39.0
MB103094,2024-02-18,Agadir,Mercedes-Benz Agadir Founty,Entretien,Classe E,,,Adil Bouazza,,Freins,3.9,2567.0,"Plaquettes, disques de frein",3.0,,
MB101512,2024-01-11,Agadir,Mercedes-Benz Agadir Founty,Entretien,Classe A,,,Yassine Rguibi,,Pneumatiques,1.5,3646.0,"Pneus, valves",2.0,,
MB102624,2024-02-29,Fès,Mercedes-Benz Fès Saïss,Entretien,Classe C,,,Zineb Amrani,,Diagnostic électronique,2.4,1420.0,Module de contrôle (ECU),5.0,,
MB100136,2024-08-30,Rabat,Mercedes-Benz Rabat Aviation,Vente,Classe E,Neuf,Leila Ouazzani,,691123.0,,,,,5.0,7.0,75.0
MB101214,2024-11-03,Fès,Mercedes-Benz Fès Saïss,Vente,Classe C,Neuf,Karim Idrissi,,498992.0,,,,,5.0,0.0,61.0
MB101926,2024-04-24,Agadir,Mercedes-Benz Agadir Founty,Entretien,Classe C,,,Fatima Zahra Kettani,,Système électrique,1.8,3974.0,"Batterie, faisceau électrique",4.0,,
MB102810,2024-11-23,Agadir,Mercedes-Benz Agadir Founty,Entretien,GLC,,,Mehdi Lahlou,,Injection / moteur,4.1,7044.0,"Injecteurs, capteurs moteur",4.0,,
MB100212,2024-01-03,Casablanca,Mercedes-Benz Casablanca Anfa,Vente,Classe C,Neuf,Youssef El Amrani,,581358.0,,,,,5.0,10.0,16.0
MB102374,2024-12-24,Marrakech,Mercedes-Benz Marrakech Menara,Entretien,GLA,,,Fatima Zahra Kettani,,Climatisation,3.8,2807.0,"Compresseur, gaz réfrigérant",3.0,,
MB102165,2024-05-10,Tanger,Mercedes-Benz Tanger Free Zone,Entretien,GLA,,,Mehdi Lahlou,,Suspension,2.1,1631.0,"Amortisseurs, biellettes",3.0,,
MB100275,2024-03-23,Tanger,Mercedes-Benz Tanger Free Zone,Vente,Classe A,Neuf,Rachid Alaoui,,398972.0,,,,,5.0,2.0,53.0
MB102175,2024-05-10,Rabat,Mercedes-Benz Rabat Aviation,Entretien,Classe C,,,Yassine Rguibi,,Carrosserie / peinture,8.6,6622.0,"Pare-chocs, peinture",4.0,,
MB100089,2024-08-14,Fès,Mercedes-Benz Fès Saïss,Vente,Classe C,Occasion,Omar Fassi,,438591.0,,,,,4.0,9.0,27.0
MB100751,2024-06-18,Rabat,Mercedes-Benz Rabat Aviation,Vente,GLA,Neuf,Sara Bennis,,475280.0,,,,,3.0,10.0,51.0
MB102371,2024-04-06,Agadir,Mercedes-Benz Agadir Founty,Entretien,Classe C,,,Mehdi Lahlou,,Pneumatiques,3.3,5733.0,"Pneus, valves",4.0,,
MB100299,2024-07-30,Casablanca,Mercedes-Benz Casablanca Anfa,Vente,GLA,Occasion,Karim Idrissi,,355289.0,,,,,5.0,19.0,15.0
MB103048,2024-07-04,Agadir,Mercedes-Benz Agadir Founty,Entretien,GLC,,,Adil Bouazza,,Boîte de vitesses,6.9,9168.0,"Kit embrayage, huile de boîte",2.0,,
MB100568,2024-02-14,Rabat,Mercedes-Benz Rabat Aviation,Vente,Vito,Neuf,Sara Bennis,,379992.0,,,,,5.0,16.0,48.0
MB101627,2024-09-11,Fès,Mercedes-Benz Fès Saïss,Entretien,Classe E,,,Yassine Rguibi,,Injection / moteur,5.6,6277.0,"Injecteurs, capteurs moteur",4.0,,
MB100262,2024-01-24,Marrakech,Mercedes-Benz Marrakech Menara,Vente,Classe C,Neuf,Imane Berrada,,533287.0,,,,,5.0,4.0,28.0
MB101729,2024-04-25,Agadir,Mercedes-Benz Agadir Founty,Entretien,Classe E,,,Adil Bouazza,,Diagnostic électronique,0.5,508.0,Module de contrôle (ECU),5.0,,
MB102719,2024-09-14,Rabat,Mercedes-Benz Rabat Aviation,Entretien,Sprinter,,,Zineb Amrani,,Diagnostic électronique,1.4,285.0,Module de contrôle (ECU),5.0,,
MB100316,2024-05-17,Marrakech,Mercedes-Benz Marrakech Menara,Vente,GLC,Neuf,Sara Bennis,,673095.0,,,,,5.0,7.0,36.0
MB102452,2024-05-29,Rabat,Mercedes-Benz Rabat Aviation,Entretien,Classe A,,,Anas Séfrioui,,Freins,0.9,1991.0,"Plaquettes, disques de frein",4.0,,
MB100104,2024-09-17,Fès,Mercedes-Benz Fès Saïss,Vente,GLA,Occasion,Omar Fassi,,312905.0,,,,,4.0,9.0,66.0
MB101615,2024-12-17,Fès,Mercedes-Benz Fès Saïss,Entretien,GLC,,,Zineb Amrani,,Système électrique,4.1,3742.0,"Batterie, faisceau électrique",3.0,,
MB102109,2024-01-20,Agadir,Mercedes-Benz Agadir Founty,Entretien,GLC,,,Mehdi Lahlou,,Injection / moteur,6.2,7329.0,"Injecteurs, capteurs moteur",4.0,,
MB101070,2024-01-03,Agadir,Mercedes-Benz Agadir Founty,Vente,GLC,Neuf,Rachid Alaoui,,615720.0,,,,,4.0,5.0,74.0
MB102671,2024-01-02,Fès,Mercedes-Benz Fès Saïss,Entretien,Vito,,,Zineb Amrani,,Système électrique,4.2,3245.0,"Batterie, faisceau électrique",3.0,,
MB100927,2024-09-12,Marrakech,Mercedes-Benz Marrakech Menara,Vente,Classe A,Occasion,Karim Idrissi,,278919.0,,,,,3.0,13.0,18.0
MB103080,2024-07-06,Marrakech,Mercedes-Benz Marrakech Menara,Entretien,GLE,,,Fatima Zahra Kettani,,Vidange & entretien courant,2.2,150.0,"Huile moteur, filtres",5.0,,
MB102536,2024-08-25,Tanger,Mercedes-Benz Tanger Free Zone,Entretien,Vito,,,Mehdi Lahlou,,Pneumatiques,1.8,2980.0,"Pneus, valves",5.0,,
MB100366,2024-12-06,Marrakech,Mercedes-Benz Marrakech Menara,Vente,Classe A,Neuf,Nadia Chraibi,,330336.0,,,,,5.0,7.0,48.0
MB102951,2024-11-26,Marrakech,Mercedes-Benz Marrakech Menara,Entretien,Vito,,,Mehdi Lahlou,,Injection / moteur,5.0,6604.0,"Injecteurs, capteurs moteur",4.0,,
MB100529,2024-08-02,Marrakech,Mercedes-Benz Marrakech Menara,Vente,GLA,Occasion,Nadia Chraibi,,329108.0,,,,,4.0,2.0,42.0
MB100045,2024-11-04,Agadir,Mercedes-Benz Agadir Founty,Vente,Classe C,Occasion,Imane Berrada,,367493.0,,,,,4.0,4.0,41.0
MB100309,2024-04-24,Tanger,Mercedes-Benz Tanger Free Zone,Vente,GLC,Occasion,Rachid Alaoui,,433523.0,,,,,4.0,10.0,29.0
MB101506,2024-06-08,Casablanca,Mercedes-Benz Casablanca Anfa,Entretien,Classe E,,,Anas Séfrioui,,Climatisation,3.2,2458.0,"Compresseur, gaz réfrigérant",4.0,,
MB101551,2024-07-19,Tanger,Mercedes-Benz Tanger Free Zone,Entretien,GLE,,,Fatima Zahra Kettani,,Injection / moteur,4.7,5454.0,"Injecteurs, capteurs moteur",4.0,,
MB100449,2024-08-06,Fès,Mercedes-Benz Fès Saïss,Vente,Classe E,Occasion,Salma Tazi,,521175.0,,,,,4.0,7.0,45.0
MB101375,2024-08-04,Casablanca,Mercedes-Benz Casablanca Anfa,Vente,Classe C,Neuf,Imane Berrada,,531189.0,,,,,3.0,15.0,52.0
MB100572,2024-05-02,Rabat,Mercedes-Benz Rabat Aviation,Vente,GLA,Occasion,Leila Ouazzani,,353275.0,,,,,3.0,5.0,55.0
MB101135,2024-09-19,Agadir,Mercedes-Benz Agadir Founty,Vente,Classe C,Occasion,Youssef El Amrani,,377371.0,,,,,5.0,5.0,57.0
MB101204,2024-02-20,Rabat,Mercedes-Benz Rabat Aviation,Vente,GLA,Neuf,Rachid Alaoui,,465608.0,,,,,5.0,7.0,49.0
MB102461,2024-02-01,Rabat,Mercedes-Benz Rabat Aviation,Entretien,Vito,,,Fatima Zahra Kettani,,Freins,1.8,3292.0,"Plaquettes, disques de frein",4.0,,
MB101173,2024-09-27,Agadir,Mercedes-Benz Agadir Founty,Vente,GLC,Occasion,Salma Tazi,,414777.0,,,,,5.0,11.0,17.0
MB101319,2024-08-05,Agadir,Mercedes-Benz Agadir Founty,Vente,GLE,Occasion,Hicham Kabbaj,,619428.0,,,,,4.0,4.0,58.0
MB100600,2024-01-30,Casablanca,Mercedes-Benz Casablanca Anfa,Vente,Classe A,Neuf,Karim Idrissi,,388141.0,,,,,3.0,10.0,32.0
MB102513,2024-01-30,Tanger,Mercedes-Benz Tanger Free Zone,Entretien,GLC,,,Adil Bouazza,,Injection / moteur,5.6,7665.0,"Injecteurs, capteurs moteur",5.0,,
MB102019,2024-05-12,Agadir,Mercedes-Benz Agadir Founty,Entretien,Vito,,,Fatima Zahra Kettani,,Diagnostic électronique,0.5,1049.0,Module de contrôle (ECU),5.0,,
MB100834,2024-10-09,Rabat,Mercedes-Benz Rabat Aviation,Vente,Sprinter,Neuf,Youssef El Amrani,,534828.0,,,,,4.0,9.0,9.0
MB100942,2024-12-11,Tanger,Mercedes-Benz Tanger Free Zone,Vente,Vito,Neuf,Salma Tazi,,413771.0,,,,,4.0,15.0,9.0
MB100063,2024-09-14,Casablanca,Mercedes-Benz Casablanca Anfa,Vente,Classe E,Occasion,Imane Berrada,,472952.0,,,,,5.0,2.0,13.0
MB101683,2024-12-26,Rabat,Mercedes-Benz Rabat Aviation,Entretien,GLA,,,Mehdi Lahlou,,Freins,0.9,3180.0,"Plaquettes, disques de frein",2.0,,
MB100987,2024-05-07,Fès,Mercedes-Benz Fès Saïss,Vente,Classe E,Occasion,Sara Bennis,,608416.0,,,,,5.0,6.0,36.0
MB101927,2024-06-11,Rabat,Mercedes-Benz Rabat Aviation,Entretien,Sprinter,,,Zineb Amrani,,Climatisation,2.7,2078.0,"Compresseur, gaz réfrigérant",4.0,,
MB100333,2024-03-15,Rabat,Mercedes-Benz Rabat Aviation,Vente,GLA,Occasion,Hicham Kabbaj,,346601.0,,,,,4.0,2.0,48.0
MB102720,2024-05-30,Marrakech,Mercedes-Benz Marrakech Menara,Entretien,Vito,,,Adil Bouazza,,Injection / moteur,5.9,3583.0,"Injecteurs, capteurs moteur",4.0,,
MB102341,2024-06-08,Agadir,Mercedes-Benz Agadir Founty,Entretien,GLE,,,Adil Bouazza,,Boîte de vitesses,5.3,10128.0,"Kit embrayage, huile de boîte",4.0,,
MB102028,2024-08-29,Casablanca,Mercedes-Benz Casablanca Anfa,Entretien,GLC,,,Zineb Amrani,,Freins,3.9,1049.0,"Plaquettes, disques de frein",3.0,,
MB102313,2024-02-09,Casablanca,Mercedes-Benz Casablanca Anfa,Entretien,GLA,,,Anas Séfrioui,,Climatisation,4.1,3094.0,"Compresseur, gaz réfrigérant",3.0,,
MB101167,2024-04-24,Fès,Mercedes-Benz Fès Saïss,Vente,Sprinter,Occasion,Sara Bennis,,401075.0,,,,,4.0,7.0,10.0
MB100630,2024-12-10,Casablanca,Mercedes-Benz Casablanca Anfa,Vente,GLC,Neuf,Leila Ouazzani,,591826.0,,,,,4.0,14.0,51.0
MB102017,2024-01-27,Casablanca,Mercedes-Benz Casablanca Anfa,Entretien,GLA,,,Adil Bouazza,,Suspension,4.9,2904.0,"Amortisseurs, biellettes",4.0,,
MB102471,2024-05-31,Fès,Mercedes-Benz Fès Saïss,Entretien,GLA,,,Fatima Zahra Kettani,,Système électrique,2.2,4860.0,"Batterie, faisceau électrique",3.0,,
MB102210,2024-08-06,Agadir,Mercedes-Benz Agadir Founty,Entretien,Classe C,,,Zineb Amrani,,Injection / moteur,4.0,6996.0,"Injecteurs, capteurs moteur",4.0,,
MB102797,2024-06-17,Agadir,Mercedes-Benz Agadir Founty,Entretien,Classe A,,,Yassine Rguibi,,Pneumatiques,0.5,2805.0,"Pneus, valves",3.0,,
MB102349,2024-10-22,Agadir,Mercedes-Benz Agadir Founty,Entretien,GLC,,,Yassine Rguibi,,Freins,3.0,2099.0,"Plaquettes, disques de frein",5.0,,
MB102496,2024-09-27,Fès,Mercedes-Benz Fès Saïss,Entretien,Classe S,,,Adil Bouazza,,Pneumatiques,0.5,1509.0,"Pneus, valves",4.0,,
MB100824,2024-09-11,Fès,Mercedes-Benz Fès Saïss,Vente,GLA,Occasion,Rachid Alaoui,,349477.0,,,,,5.0,5.0,72.0
MB101862,2024-06-04,Casablanca,Mercedes-Benz Casablanca Anfa,Entretien,Vito,,,Anas Séfrioui,,Pneumatiques,1.0,2672.0,"Pneus, valves",5.0,,
MB101223,2024-12-18,Marrakech,Mercedes-Benz Marrakech Menara,Vente,GLE,Occasion,Nadia Chraibi,,605578.0,,,,,4.0,10.0,15.0
MB102919,2024-06-17,Agadir,Mercedes-Benz Agadir Founty,Entretien,Vito,,,Zineb Amrani,,Pneumatiques,0.5,4666.0,"Pneus, valves",5.0,,
MB102256,2024-01-26,Tanger,Mercedes-Benz Tanger Free Zone,Entretien,Vito,,,Fatima Zahra Kettani,,Injection / moteur,4.9,6021.0,"Injecteurs, capteurs moteur",1.0,,
MB100461,2024-01-14,Casablanca,Mercedes-Benz Casablanca Anfa,Vente,Classe A,Occasion,Youssef El Amrani,,273669.0,,,,,5.0,1.0,14.0
MB102650,2024-07-14,Marrakech,Mercedes-Benz Marrakech Menara,Entretien,GLE,,,Mehdi Lahlou,,Carrosserie / peinture,8.2,6658.0,"Pare-chocs, peinture",4.0,,
MB100160,2024-09-16,Rabat,Mercedes-Benz Rabat Aviation,Vente,Classe A,Neuf,Sara Bennis,,337548.0,,,,,4.0,9.0,27.0
MB100740,2024-03-28,Marrakech,Mercedes-Benz Marrakech Menara,Vente,GLA,Occasion,Omar Fassi,,321496.0,,,,,4.0,6.0,46.0
MB100008,2024-10-24,Agadir,Mercedes-Benz Agadir Founty,Vente,Classe E,Neuf,Nadia Chraibi,,680040.0,,,,,4.0,11.0,63.0
MB102237,2024-05-07,Agadir,Mercedes-Benz Agadir Founty,Entretien,Classe S,,,Adil Bouazza,,Suspension,1.2,4416.0,"Amortisseurs, biellettes",4.0,,
MB100372,2024-01-09,Marrakech,Mercedes-Benz Marrakech Menara,Vente,GLA,Occasion,Karim Idrissi,,309531.0,,,,,4.0,6.0,66.0
MB102785,2024-01-23,Casablanca,Mercedes-Benz Casablanca Anfa,Entretien,GLA,,,Fatima Zahra Kettani,,Boîte de vitesses,7.1,9108.0,"Kit embrayage, huile de boîte",3.0,,
MB102235,2024-11-07,Marrakech,Mercedes-Benz Marrakech Menara,Entretien,Classe S,,,Fatima Zahra Kettani,,Injection / moteur,4.6,6542.0,"Injecteurs, capteurs moteur",4.0,,
MB100084,2024-07-19,Rabat,Mercedes-Benz Rabat Aviation,Vente,Classe A,Neuf,Salma Tazi,,333170.0,,,,,5.0,13.0,41.0
MB102232,2024-11-20,Agadir,Mercedes-Benz Agadir Founty,Entretien,Classe C,,,Zineb Amrani,,Carrosserie / peinture,8.1,7714.0,"Pare-chocs, peinture",5.0,,
MB102498,2024-08-23,Agadir,Mercedes-Benz Agadir Founty,Entretien,Classe E,,,Anas Séfrioui,,Vidange & entretien courant,1.7,150.0,"Huile moteur, filtres",5.0,,
MB103003,2024-08-17,Tanger,Mercedes-Benz Tanger Free Zone,Entretien,GLA,,,Yassine Rguibi,,Climatisation,3.7,2556.0,"Compresseur, gaz réfrigérant",4.0,,
MB101507,2024-11-06,Rabat,Mercedes-Benz Rabat Aviation,Entretien,Classe E,,,Yassine Rguibi,,Boîte de vitesses,6.8,10592.0,"Kit embrayage, huile de boîte",4.0,,
MB102911,2024-05-06,Casablanca,Mercedes-Benz Casablanca Anfa,Entretien,Classe A,,,Fatima Zahra Kettani,,Boîte de vitesses,8.3,10132.0,"Kit embrayage, huile de boîte",4.0,,
MB100428,2024-10-07,Fès,Mercedes-Benz Fès Saïss,Vente,Vito,Occasion,Youssef El Amrani,,265065.0,,,,,3.0,4.0,50.0
MB100290,2024-08-17,Marrakech,Mercedes-Benz Marrakech Menara,Vente,Classe E,Neuf,Sara Bennis,,667580.0,,,,,4.0,10.0,47.0
MB102784,2024-08-18,Marrakech,Mercedes-Benz Marrakech Menara,Entretien,Classe C,,,Fatima Zahra Kettani,,Climatisation,2.8,1637.0,"Compresseur, gaz réfrigérant",2.0,,
MB101554,2024-02-15,Marrakech,Mercedes-Benz Marrakech Menara,Entretien,Classe E,,,Anas Séfrioui,,Vidange & entretien courant,3.4,1249.0,"Huile moteur, filtres",4.0,,
MB100240,2024-09-10,Fès,Mercedes-Benz Fès Saïss,Vente,Classe A,Neuf,Karim Idrissi,,379995.0,,,,,5.0,9.0,12.0
MB101430,2024-03-01,Tanger,Mercedes-Benz Tanger Free Zone,Entretien,Classe C,,,Yassine Rguibi,,Carrosserie / peinture,8.7,6783.0,"Pare-chocs, peinture",4.0,,
MB101198,2024-10-06,Rabat,Mercedes-Benz Rabat Aviation,Vente,Classe A,Occasion,Karim Idrissi,,258433.0,,,,,5.0,9.0,4.0
MB100770,2024-09-08,Marrakech,Mercedes-Benz Marrakech Menara,Vente,GLC,Occasion,Leila Ouazzani,,479553.0,,,,,4.0,6.0,5.0
MB101624,2024-08-12,Agadir,Mercedes-Benz Agadir Founty,Entretien,Classe C,,,Mehdi Lahlou,,Vidange & entretien courant,0.5,1332.0,"Huile moteur, filtres",4.0,,
MB100402,2024-11-16,Marrakech,Mercedes-Benz Marrakech Menara,Vente,GLC,Neuf,Youssef El Amrani,,608686.0,,,,,5.0,11.0,46.0
MB101664,2024-11-10,Agadir,Mercedes-Benz Agadir Founty,Entretien,GLC,,,Adil Bouazza,,Boîte de vitesses,7.7,10218.0,"Kit embrayage, huile de boîte",4.0,,
MB102390,2024-06-02,Fès,Mercedes-Benz Fès Saïss,Entretien,Classe A,,,Fatima Zahra Kettani,,Vidange & entretien courant,1.4,150.0,"Huile moteur, filtres",4.0,,
MB100155,2024-07-11,Fès,Mercedes-Benz Fès Saïss,Vente,GLC,Neuf,Omar Fassi,,714164.0,,,,,4.0,13.0,84.0
MB100619,2024-10-05,Marrakech,Mercedes-Benz Marrakech Menara,Vente,Classe A,Neuf,Omar Fassi,,390733.0,,,,,,15.0,29.0
MB102657,2024-08-27,Marrakech,Mercedes-Benz Marrakech Menara,Entretien,Vito,,,Adil Bouazza,,Boîte de vitesses,5.8,9530.0,"Kit embrayage, huile de boîte",3.0,,
MB101091,2024-12-27,Rabat,Mercedes-Benz Rabat Aviation,Vente,Vito,Neuf,Rachid Alaoui,,390323.0,,,,,4.0,7.0,27.0
MB100296,2024-01-24,Fès,Mercedes-Benz Fès Saïss,Vente,Sprinter,Occasion,Nadia Chraibi,,366286.0,,,,,4.0,5.0,38.0
MB100431,2024-07-17,Fès,Mercedes-Benz Fès Saïss,Vente,GLC,Occasion,Rachid Alaoui,,478888.0,,,,,5.0,11.0,45.0
MB100280,2024-02-16,Marrakech,Mercedes-Benz Marrakech Menara,Vente,Classe A,Occasion,Sara Bennis,,282413.0,,,,,4.0,6.0,11.0
MB102107,2024-04-11,Fès,Mercedes-Benz Fès Saïss,Entretien,GLE,,,Adil Bouazza,,Pneumatiques,1.2,4864.0,"Pneus, valves",3.0,,
MB100582,2024-10-27,Marrakech,Mercedes-Benz Marrakech Menara,Vente,GLA,Neuf,Omar Fassi,,484652.0,,,,,4.0,11.0,25.0
MB102909,2024-04-08,Fès,Mercedes-Benz Fès Saïss,Entretien,Vito,,,Fatima Zahra Kettani,,Boîte de vitesses,5.3,9870.0,"Kit embrayage, huile de boîte",4.0,,
MB103031,2024-03-01,Tanger,Mercedes-Benz Tanger Free Zone,Entretien,Sprinter,,,Yassine Rguibi,,Pneumatiques,0.5,4973.0,"Pneus, valves",3.0,,
MB100028,2024-12-16,Fès,Mercedes-Benz Fès Saïss,Vente,GLA,Neuf,Omar Fassi,,500166.0,,,,,5.0,4.0,1.0
MB102490,2024-10-03,Tanger,Mercedes-Benz Tanger Free Zone,Entretien,Sprinter,,,Adil Bouazza,,Pneumatiques,0.7,3228.0,"Pneus, valves",5.0,,
MB102140,2024-07-26,Rabat,Mercedes-Benz Rabat Aviation,Entretien,GLE,,,Zineb Amrani,,Climatisation,2.5,2900.0,"Compresseur, gaz réfrigérant",5.0,,
MB100719,2024-09-05,Agadir,Mercedes-Benz Agadir Founty,Vente,Vito,Occasion,Nadia Chraibi,,289025.0,,,,,4.0,16.0,13.0
MB101848,2024-11-27,Casablanca,Mercedes-Benz Casablanca Anfa,Entretien,GLC,,,Adil Bouazza,,Système électrique,2.0,3495.0,"Batterie, faisceau électrique",4.0,,
MB101657,2024-08-15,Fès,Mercedes-Benz Fès Saïss,Entretien,Classe E,,,Fatima Zahra Kettani,,Freins,1.9,1792.0,"Plaquettes, disques de frein",3.0,,
MB100723,2024-08-31,Rabat,Mercedes-Benz Rabat Aviation,Vente,Classe E,Neuf,Rachid Alaoui,,761313.0,,,,,4.0,11.0,1.0
MB103017,2024-09-17,Rabat,Mercedes-Benz Rabat Aviation,Entretien,Classe C,,,Anas Séfrioui,,Injection / moteur,3.2,5499.0,"Injecteurs, capteurs moteur",5.0,,
MB100596,2024-11-04,Tanger,Mercedes-Benz Tanger Free Zone,Vente,Classe C,Neuf,Nadia Chraibi,,484674.0,,,,,5.0,3.0,32.0
MB100970,2024-04-14,Rabat,Mercedes-Benz Rabat Aviation,Vente,Classe C,Occasion,Hicham Kabbaj,,376415.0,,,,,5.0,5.0,11.0
MB101600,2024-12-09,Fès,Mercedes-Benz Fès Saïss,Entretien,Sprinter,,,Adil Bouazza,,Suspension,3.1,2485.0,"Amortisseurs, biellettes",3.0,,
MB102180,2024-06-20,Tanger,Mercedes-Benz Tanger Free Zone,Entretien,Classe S,,,Fatima Zahra Kettani,,Boîte de vitesses,7.2,10876.0,"Kit embrayage, huile de boîte",2.0,,
MB100699,2024-08-19,Tanger,Mercedes-Benz Tanger Free Zone,Vente,Classe A,Neuf,Youssef El Amrani,,408983.0,,,,,4.0,12.0,52.0
MB100977,2024-11-12,Tanger,Mercedes-Benz Tanger Free Zone,Vente,Classe E,Occasion,Omar Fassi,,480954.0,,,,,4.0,7.0,26.0
MB101957,2024-07-10,Rabat,Mercedes-Benz Rabat Aviation,Entretien,Classe C,,,Adil Bouazza,,Diagnostic électronique,1.0,537.0,Module de contrôle (ECU),4.0,,
MB101104,2024-10-10,Tanger,Mercedes-Benz Tanger Free Zone,Vente,Classe C,Occasion,Youssef El Amrani,,383513.0,,,,,4.0,12.0,12.0
MB102806,2024-12-05,Marrakech,Mercedes-Benz Marrakech Menara,Entretien,GLC,,,Zineb Amrani,,Boîte de vitesses,4.5,8937.0,"Kit embrayage, huile de boîte",3.0,,
MB101339,2024-09-20,Marrakech,Mercedes-Benz Marrakech Menara,Vente,Classe E,Occasion,Youssef El Amrani,,475413.0,,,,,,6.0,30.0
MB101817,2024-01-21,Tanger,Mercedes-Benz Tanger Free Zone,Entretien,Classe E,,,Yassine Rguibi,,Système électrique,4.5,3169.0,"Batterie, faisceau électrique",3.0,,
MB100951,2024-02-25,Marrakech,Mercedes-Benz Marrakech Menara,Vente,Vito,Neuf,Nadia Chraibi,,388356.0,,,,,4.0,8.0,47.0
MB101212,2024-04-28,Casablanca,Mercedes-Benz Casablanca Anfa,Vente,GLC,Occasion,Nadia Chraibi,,449271.0,,,,,5.0,16.0,34.0
MB101429,2024-05-23,Casablanca,Mercedes-Benz Casablanca Anfa,Entretien,Classe C,,,Zineb Amrani,,Vidange & entretien courant,0.9,1474.0,"Huile moteur, filtres",4.0,,
MB101670,2024-12-01,Tanger,Mercedes-Benz Tanger Free Zone,Entretien,Classe E,,,Fatima Zahra Kettani,,Carrosserie / peinture,7.8,8683.0,"Pare-chocs, peinture",4.0,,
MB100427,2024-04-21,Marrakech,Mercedes-Benz Marrakech Menara,Vente,GLE,Occasion,Hicham Kabbaj,,624392.0,,,,,4.0,7.0,46.0
MB103004,2024-01-28,Fès,Mercedes-Benz Fès Saïss,Entretien,GLE,,,Adil Bouazza,,Diagnostic électronique,1.1,2058.0,Module de contrôle (ECU),3.0,,
MB100176,2024-02-02,Tanger,Mercedes-Benz Tanger Free Zone,Vente,Classe E,Occasion,Karim Idrissi,,520442.0,,,,,5.0,15.0,55.0
MB101924,2024-02-16,Marrakech,Mercedes-Benz Marrakech Menara,Entretien,Vito,,,Mehdi Lahlou,,Boîte de vitesses,3.9,10652.0,"Kit embrayage, huile de boîte",3.0,,
MB100080,2024-11-06,Tanger,Mercedes-Benz Tanger Free Zone,Vente,GLC,Occasion,Imane Berrada,,451705.0,,,,,4.0,12.0,19.0
MB100594,2024-01-19,Rabat,Mercedes-Benz Rabat Aviation,Vente,Classe A,Neuf,Youssef El Amrani,,415745.0,,,,,4.0,8.0,40.0
MB101348,2024-01-18,Agadir,Mercedes-Benz Agadir Founty,Vente,GLE,Neuf,Sara Bennis,,909780.0,,,,,5.0,8.0,40.0
MB101515,2024-08-19,Agadir,Mercedes-Benz Agadir Founty,Entretien,Vito,,,Zineb Amrani,,Système électrique,2.9,4579.0,"Batterie, faisceau électrique",4.0,,
MB101546,2024-10-26,Marrakech,Mercedes-Benz Marrakech Menara,Entretien,Classe E,,,Fatima Zahra Kettani,,Diagnostic électronique,1.6,1280.0,Module de contrôle (ECU),3.0,,
MB102941,2024-09-04,Fès,Mercedes-Benz Fès Saïss,Entretien,GLC,,,Mehdi Lahlou,,Boîte de vitesses,5.5,10602.0,"Kit embrayage, huile de boîte",5.0,,
MB102714,2024-09-17,Rabat,Mercedes-Benz Rabat Aviation,Entretien,GLA,,,Zineb Amrani,,Diagnostic électronique,4.9,150.0,Module de contrôle (ECU),5.0,,
MB100492,2024-10-31,Agadir,Mercedes-Benz Agadir Founty,Vente,Classe E,Neuf,Sara Bennis,,736418.0,,,,,4.0,5.0,73.0
MB100989,2024-08-30,Tanger,Mercedes-Benz Tanger Free Zone,Vente,Vito,Neuf,Youssef El Amrani,,369791.0,,,,,4.0,10.0,35.0
MB101447,2024-01-08,Marrakech,Mercedes-Benz Marrakech Menara,Entretien,Sprinter,,,Adil Bouazza,,Vidange & entretien courant,0.5,2327.0,"Huile moteur, filtres",3.0,,
MB102085,2024-10-29,Casablanca,Mercedes-Benz Casablanca Anfa,Entretien,Classe S,,,Mehdi Lahlou,,Pneumatiques,1.4,4040.0,"Pneus, valves",3.0,,
MB100755,2024-11-22,Casablanca,Mercedes-Benz Casablanca Anfa,Vente,GLE,Neuf,Leila Ouazzani,,869997.0,,,,,5.0,0.0,55.0
MB100825,2024-07-10,Marrakech,Mercedes-Benz Marrakech Menara,Vente,Classe E,Occasion,Youssef El Amrani,,497442.0,,,,,5.0,8.0,55.0
MB100495,2024-05-20,Rabat,Mercedes-Benz Rabat Aviation,Vente,Classe C,Neuf,Nadia Chraibi,,575582.0,,,,,2.0,12.0,29.0
MB100800,2024-08-22,Rabat,Mercedes-Benz Rabat Aviation,Vente,Classe S,Neuf,Rachid Alaoui,,1288433.0,,,,,4.0,9.0,1.0
MB101002,2024-01-04,Tanger,Mercedes-Benz Tanger Free Zone,Vente,Classe E,Neuf,Rachid Alaoui,,753919.0,,,,,4.0,6.0,44.0
MB101626,2024-06-28,Marrakech,Mercedes-Benz Marrakech Menara,Entretien,Classe E,,,Fatima Zahra Kettani,,Suspension,3.4,3245.0,"Amortisseurs, biellettes",3.0,,
MB100848,2024-10-23,Tanger,Mercedes-Benz Tanger Free Zone,Vente,GLA,Occasion,Nadia Chraibi,,349961.0,,,,,5.0,7.0,28.0
MB102132,2024-05-09,Agadir,Mercedes-Benz Agadir Founty,Entretien,GLE,,,Zineb Amrani,,Climatisation,3.3,4004.0,"Compresseur, gaz réfrigérant",3.0,,
MB102147,2024-12-22,Marrakech,Mercedes-Benz Marrakech Menara,Entretien,GLC,,,Anas Séfrioui,,Système électrique,3.8,1792.0,"Batterie, faisceau électrique",2.0,,
MB101468,2024-03-11,Tanger,Mercedes-Benz Tanger Free Zone,Entretien,Vito,,,Yassine Rguibi,,Injection / moteur,4.3,6650.0,"Injecteurs, capteurs moteur",4.0,,
MB102480,2024-09-24,Casablanca,Mercedes-Benz Casablanca Anfa,Entretien,GLE,,,Fatima Zahra Kettani,,Pneumatiques,2.0,3670.0,"Pneus, valves",4.0,,
MB100888,2024-05-14,Marrakech,Mercedes-Benz Marrakech Menara,Vente,Sprinter,Occasion,Nadia Chraibi,,407857.0,,,,,4.0,6.0,17.0
MB102922,2024-04-03,Agadir,Mercedes-Benz Agadir Founty,Entretien,Classe A,,,Adil Bouazza,,Vidange & entretien courant,0.9,1559.0,"Huile moteur, filtres",3.0,,
MB101712,2024-07-05,Fès,Mercedes-Benz Fès Saïss,Entretien,GLE,,,Fatima Zahra Kettani,,Diagnostic électronique,0.9,150.0,Module de contrôle (ECU),5.0,,
MB102617,2024-10-02,Rabat,Mercedes-Benz Rabat Aviation,Entretien,Sprinter,,,Zineb Amrani,,Climatisation,2.0,2441.0,"Compresseur, gaz réfrigérant",4.0,,
MB101789,2024-04-19,Marrakech,Mercedes-Benz Marrakech Menara,Entretien,Sprinter,,,Anas Séfrioui,,Freins,3.0,150.0,"Plaquettes, disques de frein",5.0,,
MB102399,2024-04-11,Agadir,Mercedes-Benz Agadir Founty,Entretien,Classe E,,,Anas Séfrioui,,Système électrique,3.3,4687.0,"Batterie, faisceau électrique",5.0,,
MB101079,2024-03-18,Tanger,Mercedes-Benz Tanger Free Zone,Vente,GLC,Neuf,Rachid Alaoui,,709596.0,,,,,3.0,11.0,38.0
MB103022,2024-10-17,Agadir,Mercedes-Benz Agadir Founty,Entretien,Vito,,,Anas Séfrioui,,Boîte de vitesses,6.8,7878.0,"Kit embrayage, huile de boîte",4.0,,
MB102018,2024-10-16,Marrakech,Mercedes-Benz Marrakech Menara,Entretien,Classe E,,,Fatima Zahra Kettani,,Carrosserie / peinture,8.5,5866.0,"Pare-chocs, peinture",4.0,,
MB101371,2024-02-20,Casablanca,Mercedes-Benz Casablanca Anfa,Vente,Classe A,Neuf,Sara Bennis,,409708.0,,,,,5.0,6.0,25.0
MB100140,2024-02-20,Marrakech,Mercedes-Benz Marrakech Menara,Vente,GLC,Occasion,Omar Fassi,,467954.0,,,,,4.0,8.0,46.0
MB102357,2024-08-25,Tanger,Mercedes-Benz Tanger Free Zone,Entretien,Classe S,,,Anas Séfrioui,,Climatisation,3.8,1687.0,"Compresseur, gaz réfrigérant",4.0,,
MB102410,2024-08-20,Agadir,Mercedes-Benz Agadir Founty,Entretien,Classe E,,,Yassine Rguibi,,Boîte de vitesses,6.3,10842.0,"Kit embrayage, huile de boîte",4.0,,
MB102363,2024-05-16,Fès,Mercedes-Benz Fès Saïss,Entretien,Classe A,,,Anas Séfrioui,,Boîte de vitesses,6.1,10592.0,"Kit embrayage, huile de boîte",4.0,,
MB101665,2024-07-04,Marrakech,Mercedes-Benz Marrakech Menara,Entretien,GLE,,,Yassine Rguibi,,Boîte de vitesses,7.6,8820.0,"Kit embrayage, huile de boîte",4.0,,
MB100410,2024-11-25,Tanger,Mercedes-Benz Tanger Free Zone,Vente,Classe C,Neuf,Karim Idrissi,,541278.0,,,,,4.0,7.0,62.0
MB100013,2024-06-23,Fès,Mercedes-Benz Fès Saïss,Vente,GLE,Neuf,Youssef El Amrani,,889527.0,,,,,4.0,11.0,9.0
MB102274,2024-04-07,Tanger,Mercedes-Benz Tanger Free Zone,Entretien,GLE,,,Zineb Amrani,,Carrosserie / peinture,9.4,7527.0,"Pare-chocs, peinture",4.0,,
MB100405,2024-10-31,Fès,Mercedes-Benz Fès Saïss,Vente,Classe C,Occasion,Imane Berrada,,418014.0,,,,,4.0,8.0,40.0
MB102308,2024-11-26,Agadir,Mercedes-Benz Agadir Founty,Entretien,Classe E,,,Yassine Rguibi,,Vidange & entretien courant,1.7,1009.0,"Huile moteur, filtres",4.0,,
MB101098,2024-01-19,Agadir,Mercedes-Benz Agadir Founty,Vente,Sprinter,Neuf,Omar Fassi,,584442.0,,,,,5.0,11.0,66.0
MB101220,2024-04-19,Tanger,Mercedes-Benz Tanger Free Zone,Vente,Classe C,Occasion,Youssef El Amrani,,418660.0,,,,,5.0,14.0,37.0
MB102648,2024-12-01,Rabat,Mercedes-Benz Rabat Aviation,Entretien,Classe S,,,Mehdi Lahlou,,Pneumatiques,2.1,3704.0,"Pneus, valves",3.0,,
MB100793,2024-11-07,Agadir,Mercedes-Benz Agadir Founty,Vente,GLA,Neuf,Imane Berrada,,498654.0,,,,,3.0,12.0,18.0
MB102370,2024-03-02,Casablanca,Mercedes-Benz Casablanca Anfa,Entretien,Classe S,,,Yassine Rguibi,,Suspension,3.7,3550.0,"Amortisseurs, biellettes",5.0,,
MB101842,2024-01-18,Casablanca,Mercedes-Benz Casablanca Anfa,Entretien,GLC,,,Fatima Zahra Kettani,,Climatisation,3.4,3175.0,"Compresseur, gaz réfrigérant",4.0,,
MB100952,2024-11-11,Agadir,Mercedes-Benz Agadir Founty,Vente,GLA,Neuf,Hicham Kabbaj,,426345.0,,,,,4.0,14.0,1.0
MB102464,2024-11-06,Fès,Mercedes-Benz Fès Saïss,Entretien,Classe S,,,Yassine Rguibi,,Freins,2.7,1527.0,"Plaquettes, disques de frein",5.0,,
MB101210,2024-03-02,Tanger,Mercedes-Benz Tanger Free Zone,Vente,Classe E,Occasion,Omar Fassi,,595502.0,,,,,4.0,4.0,6.0
MB102705,2024-05-11,Fès,Mercedes-Benz Fès Saïss,Entretien,Classe C,,,Fatima Zahra Kettani,,Diagnostic électronique,0.5,2153.0,Module de contrôle (ECU),5.0,,
MB100975,2024-08-26,Marrakech,Mercedes-Benz Marrakech Menara,Vente,Classe A,Neuf,Rachid Alaoui,,405941.0,,,,,4.0,5.0,47.0
MB100475,2024-04-13,Casablanca,Mercedes-Benz Casablanca Anfa,Vente,GLA,Neuf,Hicham Kabbaj,,517638.0,,,,,4.0,11.0,41.0
MB101264,2024-05-29,Casablanca,Mercedes-Benz Casablanca Anfa,Vente,Classe C,Occasion,Leila Ouazzani,,429591.0,,,,,5.0,6.0,28.0
MB100216,2024-10-23,Rabat,Mercedes-Benz Rabat Aviation,Vente,GLC,Occasion,Hicham Kabbaj,,501012.0,,,,,4.0,12.0,43.0
MB102918,2024-09-18,Rabat,Mercedes-Benz Rabat Aviation,Entretien,GLC,,,Mehdi Lahlou,,Diagnostic électronique,3.6,799.0,Module de contrôle (ECU),4.0,,
MB100501,2024-06-28,Marrakech,Mercedes-Benz Marrakech Menara,Vente,Sprinter,Neuf,Imane Berrada,,485638.0,,,,,5.0,4.0,33.0
MB102846,2024-08-16,Tanger,Mercedes-Benz Tanger Free Zone,Entretien,Classe S,,,Yassine Rguibi,,Injection / moteur,2.7,5639.0,"Injecteurs, capteurs moteur",5.0,,
MB102136,2024-04-21,Tanger,Mercedes-Benz Tanger Free Zone,Entretien,GLC,,,Fatima Zahra Kettani,,Climatisation,2.6,2863.0,"Compresseur, gaz réfrigérant",4.0,,
MB100472,2024-04-27,Fès,Mercedes-Benz Fès Saïss,Vente,Classe C,Occasion,Sara Bennis,,354066.0,,,,,5.0,8.0,5.0
MB101584,2024-05-11,Marrakech,Mercedes-Benz Marrakech Menara,Entretien,GLC,,,Adil Bouazza,,Suspension,2.2,3594.0,"Amortisseurs, biellettes",4.0,,
MB102247,2024-01-24,Tanger,Mercedes-Benz Tanger Free Zone,Entretien,Classe A,,,Fatima Zahra Kettani,,Injection / moteur,6.2,6483.0,"Injecteurs, capteurs moteur",3.0,,
MB101635,2024-02-05,Tanger,Mercedes-Benz Tanger Free Zone,Entretien,Classe E,,,Fatima Zahra Kettani,,Vidange & entretien courant,1.7,667.0,"Huile moteur, filtres",5.0,,
MB100539,2024-05-01,Marrakech,Mercedes-Benz Marrakech Menara,Vente,Classe C,Neuf,Youssef El Amrani,,549972.0,,,,,5.0,13.0,33.0
MB102088,2024-03-01,Fès,Mercedes-Benz Fès Saïss,Entretien,GLE,,,Zineb Amrani,,Suspension,2.6,2673.0,"Amortisseurs, biellettes",3.0,,
MB101131,2024-05-06,Tanger,Mercedes-Benz Tanger Free Zone,Vente,Classe E,Neuf,Omar Fassi,,815875.0,,,,,4.0,9.0,39.0
MB102574,2024-02-10,Casablanca,Mercedes-Benz Casablanca Anfa,Entretien,Classe C,,,Adil Bouazza,,Boîte de vitesses,6.7,7215.0,"Kit embrayage, huile de boîte",4.0,,
MB100991,2024-05-15,Fès,Mercedes-Benz Fès Saïss,Vente,Classe E,Occasion,Rachid Alaoui,,582345.0,,,,,3.0,0.0,59.0
MB101305,2024-11-11,Marrakech,Mercedes-Benz Marrakech Menara,Vente,GLA,Neuf,Imane Berrada,,450291.0,,,,,4.0,16.0,30.0
MB103041,2024-03-25,Tanger,Mercedes-Benz Tanger Free Zone,Entretien,Classe A,,,Zineb Amrani,,Système électrique,4.4,3314.0,"Batterie, faisceau électrique",3.0,,
MB101009,2024-07-05,Tanger,Mercedes-Benz Tanger Free Zone,Vente,GLA,Neuf,Karim Idrissi,,484417.0,,,,,5.0,4.0,45.0
MB102990,2024-09-08,Agadir,Mercedes-Benz Agadir Founty,Entretien,GLE,,,Adil Bouazza,,Climatisation,0.5,864.0,"Compresseur, gaz réfrigérant",4.0,,
MB100875,2024-12-24,Rabat,Mercedes-Benz Rabat Aviation,Vente,GLA,Occasion,Imane Berrada,,342459.0,,,,,4.0,11.0,18.0
MB100497,2024-02-10,Casablanca,Mercedes-Benz Casablanca Anfa,Vente,Classe E,Neuf,Youssef El Amrani,,740614.0,,,,,4.0,12.0,68.0
MB100312,2024-09-18,Tanger,Mercedes-Benz Tanger Free Zone,Vente,GLA,Neuf,Rachid Alaoui,,421359.0,,,,,5.0,12.0,23.0
MB100132,2024-08-15,Casablanca,Mercedes-Benz Casablanca Anfa,Vente,Classe E,Neuf,Omar Fassi,,701676.0,,,,,3.0,11.0,14.0
MB100252,2024-07-22,Tanger,Mercedes-Benz Tanger Free Zone,Vente,Classe E,Neuf,Leila Ouazzani,,734536.0,,,,,5.0,9.0,39.0
MB102946,2024-02-10,Rabat,Mercedes-Benz Rabat Aviation,Entretien,Classe S,,,Fatima Zahra Kettani,,Freins,2.5,3186.0,"Plaquettes, disques de frein",5.0,,
MB101315,2024-09-19,Casablanca,Mercedes-Benz Casablanca Anfa,Vente,Classe A,Occasion,Karim Idrissi,,282874.0,,,,,5.0,5.0,9.0
MB102243,2024-01-27,Tanger,Mercedes-Benz Tanger Free Zone,Entretien,Classe C,,,Anas Séfrioui,,Système électrique,3.6,3557.0,"Batterie, faisceau électrique",5.0,,
MB100648,2024-04-05,Casablanca,Mercedes-Benz Casablanca Anfa,Vente,Classe C,Neuf,Karim Idrissi,,509394.0,,,,,4.0,9.0,54.0
MB100595,2024-03-17,Agadir,Mercedes-Benz Agadir Founty,Vente,GLA,Neuf,Sara Bennis,,438807.0,,,,,5.0,6.0,21.0
MB102645,2024-08-01,Casablanca,Mercedes-Benz Casablanca Anfa,Entretien,Classe E,,,Fatima Zahra Kettani,,Freins,2.3,2169.0,"Plaquettes, disques de frein",4.0,,
MB100811,2024-05-06,Rabat,Mercedes-Benz Rabat Aviation,Vente,GLA,Neuf,Youssef El Amrani,,472691.0,,,,,4.0,11.0,27.0
MB102871,2024-10-26,Marrakech,Mercedes-Benz Marrakech Menara,Entretien,Classe C,,,Adil Bouazza,,Système électrique,3.0,3927.0,"Batterie, faisceau électrique",5.0,,
MB102164,2024-08-10,Fès,Mercedes-Benz Fès Saïss,Entretien,Classe S,,,Fatima Zahra Kettani,,Diagnostic électronique,2.4,1473.0,Module de contrôle (ECU),4.0,,
MB100279,2024-08-14,Marrakech,Mercedes-Benz Marrakech Menara,Vente,GLA,Occasion,Karim Idrissi,,310107.0,,,,,4.0,3.0,28.0
MB100030,2024-07-28,Rabat,Mercedes-Benz Rabat Aviation,Vente,GLC,Occasion,Salma Tazi,,425927.0,,,,,4.0,5.0,2.0
MB102419,2024-01-06,Rabat,Mercedes-Benz Rabat Aviation,Entretien,GLE,,,Anas Séfrioui,,Carrosserie / peinture,7.2,6358.0,"Pare-chocs, peinture",3.0,,
MB101732,2024-10-13,Marrakech,Mercedes-Benz Marrakech Menara,Entretien,Sprinter,,,Zineb Amrani,,Pneumatiques,0.8,4318.0,"Pneus, valves",3.0,,
MB102470,2024-01-15,Fès,Mercedes-Benz Fès Saïss,Entretien,Classe C,,,Zineb Amrani,,Suspension,2.4,2550.0,"Amortisseurs, biellettes",5.0,,
MB101878,2024-09-16,Fès,Mercedes-Benz Fès Saïss,Entretien,Classe S,,,Yassine Rguibi,,Freins,1.9,2244.0,"Plaquettes, disques de frein",4.0,,
MB100148,2024-02-23,Fès,Mercedes-Benz Fès Saïss,Vente,Classe A,Occasion,Karim Idrissi,,266707.0,,,,,4.0,5.0,22.0
MB100660,2024-12-28,Marrakech,Mercedes-Benz Marrakech Menara,Vente,Classe S,Neuf,Hicham Kabbaj,,1482231.0,,,,,4.0,13.0,60.0
MB102281,2024-05-30,Casablanca,Mercedes-Benz Casablanca Anfa,Entretien,Classe C,,,Mehdi Lahlou,,Injection / moteur,6.1,7686.0,"Injecteurs, capteurs moteur",4.0,,
MB101975,2024-01-31,Agadir,Mercedes-Benz Agadir Founty,Entretien,Classe S,,,Adil Bouazza,,Carrosserie / peinture,8.2,5717.0,"Pare-chocs, peinture",4.0,,
MB100571,2024-01-24,Casablanca,Mercedes-Benz Casablanca Anfa,Vente,GLE,Neuf,Salma Tazi,,873522.0,,,,,4.0,2.0,54.0
MB102105,2024-10-22,Marrakech,Mercedes-Benz Marrakech Menara,Entretien,Vito,,,Zineb Amrani,,Système électrique,5.0,3312.0,"Batterie, faisceau électrique",4.0,,
MB100047,2024-07-06,Rabat,Mercedes-Benz Rabat Aviation,Vente,Classe C,Neuf,Leila Ouazzani,,511805.0,,,,,4.0,9.0,64.0
MB100650,2024-10-20,Agadir,Mercedes-Benz Agadir Founty,Vente,GLE,Occasion,Rachid Alaoui,,661605.0,,,,,5.0,0.0,30.0
MB101887,2024-06-11,Casablanca,Mercedes-Benz Casablanca Anfa,Entretien,Classe E,,,Fatima Zahra Kettani,,Carrosserie / peinture,6.6,7031.0,"Pare-chocs, peinture",5.0,,
MB100869,2024-12-08,Tanger,Mercedes-Benz Tanger Free Zone,Vente,Sprinter,Neuf,Leila Ouazzani,,588492.0,,,,,4.0,5.0,22.0
MB100891,2024-12-21,Casablanca,Mercedes-Benz Casablanca Anfa,Vente,Classe A,Neuf,Rachid Alaoui,,374778.0,,,,,3.0,14.0,65.0
MB101321,2024-01-13,Casablanca,Mercedes-Benz Casablanca Anfa,Vente,Classe E,Occasion,Sara Bennis,,505135.0,,,,,4.0,10.0,22.0
MB102086,2024-03-03,Tanger,Mercedes-Benz Tanger Free Zone,Entretien,Classe A,,,Mehdi Lahlou,,Système électrique,5.2,1624.0,"Batterie, faisceau électrique",4.0,,
MB102924,2024-01-06,Rabat,Mercedes-Benz Rabat Aviation,Entretien,Vito,,,Zineb Amrani,,Boîte de vitesses,5.6,9277.0,"Kit embrayage, huile de boîte",5.0,,
MB100828,2024-06-27,Marrakech,Mercedes-Benz Marrakech Menara,Vente,GLA,Neuf,Nadia Chraibi,,511381.0,,,,,4.0,6.0,49.0
MB102241,2024-01-07,Casablanca,Mercedes-Benz Casablanca Anfa,Entretien,GLE,,,Mehdi Lahlou,,Climatisation,2.2,3394.0,"Compresseur, gaz réfrigérant",4.0,,
MB102381,2024-12-16,Marrakech,Mercedes-Benz Marrakech Menara,Entretien,Classe A,,,Adil Bouazza,,Suspension,3.2,3833.0,"Amortisseurs, biellettes",5.0,,
MB101663,2024-11-26,Rabat,Mercedes-Benz Rabat Aviation,Entretien,Classe E,,,Anas Séfrioui,,Boîte de vitesses,4.9,9077.0,"Kit embrayage, huile de boîte",4.0,,
MB102024,2024-04-15,Rabat,Mercedes-Benz Rabat Aviation,Entretien,Vito,,,Adil Bouazza,,Pneumatiques,1.3,3387.0,"Pneus, valves",5.0,,
MB100034,2024-03-19,Marrakech,Mercedes-Benz Marrakech Menara,Vente,Classe E,Neuf,Karim Idrissi,,757904.0,,,,,2.0,6.0,61.0
MB101844,2024-11-08,Agadir,Mercedes-Benz Agadir Founty,Entretien,Sprinter,,,Zineb Amrani,,Système électrique,3.9,3695.0,"Batterie, faisceau électrique",5.0,,
MB101417,2024-08-06,Agadir,Mercedes-Benz Agadir Founty,Entretien,Classe S,,,Fatima Zahra Kettani,,Suspension,4.2,3687.0,"Amortisseurs, biellettes",3.0,,
MB102405,2024-09-12,Marrakech,Mercedes-Benz Marrakech Menara,Entretien,GLA,,,Mehdi Lahlou,,Climatisation,5.1,2860.0,"Compresseur, gaz réfrigérant",3.0,,
MB101058,2024-03-27,Agadir,Mercedes-Benz Agadir Founty,Vente,Classe C,Occasion,Nadia Chraibi,,444454.0,,,,,4.0,6.0,29.0
MB100598,2024-06-01,Casablanca,Mercedes-Benz Casablanca Anfa,Vente,GLA,Neuf,Omar Fassi,,482625.0,,,,,4.0,1.0,27.0
MB100861,2024-06-16,Rabat,Mercedes-Benz Rabat Aviation,Vente,GLC,Neuf,Omar Fassi,,613263.0,,,,,3.0,6.0,58.0
MB100010,2024-04-19,Marrakech,Mercedes-Benz Marrakech Menara,Vente,Vito,Neuf,Youssef El Amrani,,423894.0,,,,,3.0,7.0,33.0
MB101985,2024-11-24,Casablanca,Mercedes-Benz Casablanca Anfa,Entretien,GLE,,,Fatima Zahra Kettani,,Vidange & entretien courant,1.2,1079.0,"Huile moteur, filtres",4.0,,
MB100790,2024-08-12,Rabat,Mercedes-Benz Rabat Aviation,Vente,Classe A,Occasion,Omar Fassi,,299603.0,,,,,4.0,7.0,23.0
MB102740,2024-06-09,Fès,Mercedes-Benz Fès Saïss,Entretien,Classe E,,,Zineb Amrani,,Boîte de vitesses,5.6,10864.0,"Kit embrayage, huile de boîte",5.0,,
MB101244,2024-05-06,Agadir,Mercedes-Benz Agadir Founty,Vente,Classe E,Neuf,Salma Tazi,,831905.0,,,,,5.0,9.0,29.0
MB102831,2024-04-18,Casablanca,Mercedes-Benz Casablanca Anfa,Entretien,Classe C,,,Adil Bouazza,,Freins,2.0,1617.0,"Plaquettes, disques de frein",4.0,,
MB100079,2024-11-22,Fès,Mercedes-Benz Fès Saïss,Vente,GLA,Neuf,Rachid Alaoui,,515242.0,,,,,5.0,8.0,30.0
MB102612,2024-02-10,Agadir,Mercedes-Benz Agadir Founty,Entretien,GLA,,,Adil Bouazza,,Carrosserie / peinture,5.6,8110.0,"Pare-chocs, peinture",4.0,,
MB102213,2024-06-21,Agadir,Mercedes-Benz Agadir Founty,Entretien,Classe S,,,Zineb Amrani,,Système électrique,2.5,2475.0,"Batterie, faisceau électrique",3.0,,
MB102084,2024-08-02,Rabat,Mercedes-Benz Rabat Aviation,Entretien,Classe A,,,Anas Séfrioui,,Climatisation,4.8,2692.0,"Compresseur, gaz réfrigérant",5.0,,
MB102194,2024-05-03,Casablanca,Mercedes-Benz Casablanca Anfa,Entretien,Classe C,,,Anas Séfrioui,,Carrosserie / peinture,7.8,6137.0,"Pare-chocs, peinture",2.0,,
MB100235,2024-03-12,Rabat,Mercedes-Benz Rabat Aviation,Vente,Classe A,Neuf,Karim Idrissi,,336844.0,,,,,5.0,1.0,48.0
MB100003,2024-05-04,Tanger,Mercedes-Benz Tanger Free Zone,Vente,Vito,Occasion,Salma Tazi,,301277.0,,,,,3.0,8.0,9.0
MB103058,2024-09-13,Casablanca,Mercedes-Benz Casablanca Anfa,Entretien,Classe A,,,Mehdi Lahlou,,Boîte de vitesses,5.9,8650.0,"Kit embrayage, huile de boîte",5.0,,
MB101756,2024-01-28,Casablanca,Mercedes-Benz Casablanca Anfa,Entretien,Classe A,,,Zineb Amrani,,Carrosserie / peinture,6.8,6835.0,"Pare-chocs, peinture",3.0,,
MB101477,2024-07-03,Tanger,Mercedes-Benz Tanger Free Zone,Entretien,Classe S,,,Zineb Amrani,,Climatisation,3.3,2707.0,"Compresseur, gaz réfrigérant",3.0,,
MB101049,2024-09-04,Casablanca,Mercedes-Benz Casablanca Anfa,Vente,Classe E,Neuf,Imane Berrada,,702946.0,,,,,4.0,8.0,27.0
MB101241,2024-06-27,Agadir,Mercedes-Benz Agadir Founty,Vente,Classe E,Neuf,Imane Berrada,,836297.0,,,,,4.0,9.0,49.0
MB101419,2024-09-04,Tanger,Mercedes-Benz Tanger Free Zone,Entretien,Sprinter,,,Zineb Amrani,,Boîte de vitesses,6.0,10357.0,"Kit embrayage, huile de boîte",5.0,,
MB100939,2024-05-06,Marrakech,Mercedes-Benz Marrakech Menara,Vente,Classe C,Neuf,Salma Tazi,,537550.0,,,,,4.0,8.0,38.0
MB100396,2024-11-19,Agadir,Mercedes-Benz Agadir Founty,Vente,Classe A,Neuf,Salma Tazi,,338027.0,,,,,4.0,6.0,36.0
MB100863,2024-08-24,Marrakech,Mercedes-Benz Marrakech Menara,Vente,Classe E,Neuf,Salma Tazi,,786427.0,,,,,4.0,10.0,22.0
MB102854,2024-07-18,Casablanca,Mercedes-Benz Casablanca Anfa,Entretien,Classe A,,,Fatima Zahra Kettani,,Vidange & entretien courant,3.0,1702.0,"Huile moteur, filtres",3.0,,
MB103090,2024-05-01,Marrakech,Mercedes-Benz Marrakech Menara,Entretien,GLA,,,Anas Séfrioui,,Boîte de vitesses,5.7,11672.0,"Kit embrayage, huile de boîte",5.0,,
MB100311,2024-06-09,Tanger,Mercedes-Benz Tanger Free Zone,Vente,Sprinter,Occasion,Leila Ouazzani,,413278.0,,,,,4.0,9.0,25.0
MB101619,2024-10-24,Agadir,Mercedes-Benz Agadir Founty,Entretien,Classe E,,,Anas Séfrioui,,Système électrique,4.5,3324.0,"Batterie, faisceau électrique",4.0,,
MB102318,2024-10-07,Marrakech,Mercedes-Benz Marrakech Menara,Entretien,GLE,,,Yassine Rguibi,,Climatisation,1.7,3850.0,"Compresseur, gaz réfrigérant",4.0,,
MB101941,2024-07-18,Agadir,Mercedes-Benz Agadir Founty,Entretien,Classe A,,,Zineb Amrani,,Climatisation,2.1,3298.0,"Compresseur, gaz réfrigérant",3.0,,
MB102227,2024-02-07,Tanger,Mercedes-Benz Tanger Free Zone,Entretien,Classe C,,,Fatima Zahra Kettani,,Boîte de vitesses,6.3,8036.0,"Kit embrayage, huile de boîte",5.0,,
MB101780,2024-04-19,Agadir,Mercedes-Benz Agadir Founty,Entretien,Vito,,,Yassine Rguibi,,Diagnostic électronique,0.5,150.0,Module de contrôle (ECU),3.0,,
MB102428,2024-08-17,Fès,Mercedes-Benz Fès Saïss,Entretien,GLA,,,Fatima Zahra Kettani,,Boîte de vitesses,7.3,10037.0,"Kit embrayage, huile de boîte",4.0,,
MB101230,2024-07-03,Tanger,Mercedes-Benz Tanger Free Zone,Vente,Sprinter,Neuf,Salma Tazi,,592231.0,,,,,5.0,7.0,41.0
MB100760,2024-02-01,Agadir,Mercedes-Benz Agadir Founty,Vente,GLA,Occasion,Nadia Chraibi,,349916.0,,,,,4.0,9.0,1.0
MB101812,2024-02-15,Fès,Mercedes-Benz Fès Saïss,Entretien,GLA,,,Zineb Amrani,,Climatisation,2.4,3614.0,"Compresseur, gaz réfrigérant",3.0,,
MB102763,2024-05-25,Marrakech,Mercedes-Benz Marrakech Menara,Entretien,Vito,,,Zineb Amrani,,Freins,1.7,745.0,"Plaquettes, disques de frein",3.0,,
MB101368,2024-06-21,Agadir,Mercedes-Benz Agadir Founty,Vente,Classe E,Occasion,Hicham Kabbaj,,597210.0,,,,,4.0,4.0,42.0
MB101734,2024-03-17,Fès,Mercedes-Benz Fès Saïss,Entretien,GLE,,,Zineb Amrani,,Carrosserie / peinture,8.1,7103.0,"Pare-chocs, peinture",3.0,,
MB100664,2024-11-27,Marrakech,Mercedes-Benz Marrakech Menara,Vente,Classe E,Neuf,Youssef El Amrani,,759293.0,,,,,5.0,7.0,43.0
MB102694,2024-12-18,Tanger,Mercedes-Benz Tanger Free Zone,Entretien,Classe S,,,Mehdi Lahlou,,Climatisation,1.9,2354.0,"Compresseur, gaz réfrigérant",2.0,,
MB103077,2024-02-23,Agadir,Mercedes-Benz Agadir Founty,Entretien,GLE,,,Mehdi Lahlou,,Injection / moteur,5.4,6417.0,"Injecteurs, capteurs moteur",4.0,,
MB100743,2024-10-01,Fès,Mercedes-Benz Fès Saïss,Vente,Classe A,Occasion,Sara Bennis,,277988.0,,,,,4.0,12.0,51.0
MB102302,2024-12-17,Agadir,Mercedes-Benz Agadir Founty,Entretien,Classe S,,,Fatima Zahra Kettani,,Injection / moteur,4.3,6358.0,"Injecteurs, capteurs moteur",4.0,,
MB102902,2024-01-11,Casablanca,Mercedes-Benz Casablanca Anfa,Entretien,Classe C,,,Anas Séfrioui,,Boîte de vitesses,5.4,9991.0,"Kit embrayage, huile de boîte",4.0,,
MB102583,2024-03-20,Marrakech,Mercedes-Benz Marrakech Menara,Entretien,Classe S,,,Adil Bouazza,,Suspension,1.5,3480.0,"Amortisseurs, biellettes",5.0,,
MB101513,2024-03-28,Casablanca,Mercedes-Benz Casablanca Anfa,Entretien,Classe C,,,Mehdi Lahlou,,Injection / moteur,7.8,7738.0,"Injecteurs, capteurs moteur",3.0,,
MB100027,2024-08-22,Casablanca,Mercedes-Benz Casablanca Anfa,Vente,Classe C,Occasion,Youssef El Amrani,,399870.0,,,,,4.0,15.0,10.0
MB102673,2024-07-03,Tanger,Mercedes-Benz Tanger Free Zone,Entretien,Classe C,,,Yassine Rguibi,,Climatisation,1.8,1168.0,"Compresseur, gaz réfrigérant",4.0,,
MB101015,2024-09-12,Agadir,Mercedes-Benz Agadir Founty,Vente,GLC,Occasion,Hicham Kabbaj,,408500.0,,,,,3.0,16.0,1.0
MB100967,2024-09-08,Rabat,Mercedes-Benz Rabat Aviation,Vente,Classe C,Neuf,Salma Tazi,,602714.0,,,,,5.0,8.0,54.0
MB101601,2024-05-21,Casablanca,Mercedes-Benz Casablanca Anfa,Entretien,GLA,,,Mehdi Lahlou,,Carrosserie / peinture,8.6,7275.0,"Pare-chocs, peinture",2.0,,
MB101973,2024-10-26,Rabat,Mercedes-Benz Rabat Aviation,Entretien,Classe S,,,Yassine Rguibi,,Diagnostic électronique,2.1,409.0,Module de contrôle (ECU),3.0,,
MB100683,2024-04-28,Casablanca,Mercedes-Benz Casablanca Anfa,Vente,GLC,Neuf,Nadia Chraibi,,678184.0,,,,,4.0,15.0,49.0
MB102666,2024-04-16,Agadir,Mercedes-Benz Agadir Founty,Entretien,Classe C,,,Yassine Rguibi,,Pneumatiques,1.0,2743.0,"Pneus, valves",4.0,,
MB100864,2024-03-21,Rabat,Mercedes-Benz Rabat Aviation,Vente,GLC,Occasion,Youssef El Amrani,,501416.0,,,,,3.0,9.0,17.0
MB102090,2024-02-28,Marrakech,Mercedes-Benz Marrakech Menara,Entretien,GLC,,,Fatima Zahra Kettani,,Boîte de vitesses,6.2,10102.0,"Kit embrayage, huile de boîte",4.0,,
MB100992,2024-05-27,Fès,Mercedes-Benz Fès Saïss,Vente,GLE,Neuf,Omar Fassi,,857307.0,,,,,4.0,11.0,47.0
MB100915,2024-12-30,Casablanca,Mercedes-Benz Casablanca Anfa,Vente,Classe S,Occasion,Sara Bennis,,1182137.0,,,,,4.0,3.0,37.0
MB102158,2024-03-31,Casablanca,Mercedes-Benz Casablanca Anfa,Entretien,Classe A,,,Fatima Zahra Kettani,,Pneumatiques,1.7,3258.0,"Pneus, valves",5.0,,
MB102603,2024-03-10,Agadir,Mercedes-Benz Agadir Founty,Entretien,Classe A,,,Mehdi Lahlou,,Diagnostic électronique,3.6,290.0,Module de contrôle (ECU),5.0,,
MB102148,2024-09-30,Marrakech,Mercedes-Benz Marrakech Menara,Entretien,GLA,,,Adil Bouazza,,Diagnostic électronique,1.9,150.0,Module de contrôle (ECU),4.0,,
MB100186,2024-09-28,Fès,Mercedes-Benz Fès Saïss,Vente,Classe E,Neuf,Rachid Alaoui,,730580.0,,,,,4.0,11.0,46.0
MB101765,2024-07-19,Marrakech,Mercedes-Benz Marrakech Menara,Entretien,Vito,,,Mehdi Lahlou,,Système électrique,2.7,3630.0,"Batterie, faisceau électrique",5.0,,
MB100923,2024-05-09,Marrakech,Mercedes-Benz Marrakech Menara,Vente,GLC,Occasion,Leila Ouazzani,,425715.0,,,,,4.0,3.0,13.0
MB100075,2024-02-29,Marrakech,Mercedes-Benz Marrakech Menara,Vente,Classe E,Neuf,Sara Bennis,,741635.0,,,,,4.0,7.0,46.0
MB102300,2024-09-08,Tanger,Mercedes-Benz Tanger Free Zone,Entretien,Classe S,,,Fatima Zahra Kettani,,Vidange & entretien courant,0.9,2232.0,"Huile moteur, filtres",5.0,,
MB102904,2024-05-11,Casablanca,Mercedes-Benz Casablanca Anfa,Entretien,Vito,,,Adil Bouazza,,Freins,1.2,2202.0,"Plaquettes, disques de frein",5.0,,
MB102842,2024-11-15,Casablanca,Mercedes-Benz Casablanca Anfa,Entretien,Classe S,,,Anas Séfrioui,,Diagnostic électronique,2.4,332.0,Module de contrôle (ECU),3.0,,
MB100741,2024-08-13,Casablanca,Mercedes-Benz Casablanca Anfa,Vente,GLA,Neuf,Youssef El Amrani,,441238.0,,,,,4.0,10.0,4.0
MB102412,2024-10-27,Tanger,Mercedes-Benz Tanger Free Zone,Entretien,Classe A,,,Anas Séfrioui,,Boîte de vitesses,4.9,10207.0,"Kit embrayage, huile de boîte",3.0,,
MB102669,2024-03-17,Marrakech,Mercedes-Benz Marrakech Menara,Entretien,GLC,,,Adil Bouazza,,Vidange & entretien courant,2.8,1671.0,"Huile moteur, filtres",5.0,,
MB101744,2024-04-27,Agadir,Mercedes-Benz Agadir Founty,Entretien,GLE,,,Zineb Amrani,,Boîte de vitesses,5.7,10314.0,"Kit embrayage, huile de boîte",5.0,,
MB100820,2024-12-25,Casablanca,Mercedes-Benz Casablanca Anfa,Vente,Classe A,Occasion,Sara Bennis,,298537.0,,,,,4.0,13.0,42.0
MB102372,2024-01-02,Rabat,Mercedes-Benz Rabat Aviation,Entretien,Classe C,,,Yassine Rguibi,,Pneumatiques,3.7,2408.0,"Pneus, valves",3.0,,
MB101117,2024-07-01,Casablanca,Mercedes-Benz Casablanca Anfa,Vente,Classe A,Occasion,Leila Ouazzani,,285164.0,,,,,5.0,12.0,42.0
MB101710,2024-04-21,Tanger,Mercedes-Benz Tanger Free Zone,Entretien,GLE,,,Yassine Rguibi,,Suspension,3.2,4664.0,"Amortisseurs, biellettes",4.0,,
MB100157,2024-06-20,Rabat,Mercedes-Benz Rabat Aviation,Vente,Classe A,Occasion,Nadia Chraibi,,268694.0,,,,,3.0,5.0,32.0
MB100832,2024-05-06,Rabat,Mercedes-Benz Rabat Aviation,Vente,GLC,Neuf,Rachid Alaoui,,669868.0,,,,,5.0,0.0,26.0
MB101359,2024-02-13,Agadir,Mercedes-Benz Agadir Founty,Vente,GLA,Occasion,Leila Ouazzani,,357089.0,,,,,5.0,9.0,1.0
MB102610,2024-06-28,Rabat,Mercedes-Benz Rabat Aviation,Entretien,GLC,,,Adil Bouazza,,Carrosserie / peinture,8.8,7837.0,"Pare-chocs, peinture",4.0,,
MB100503,2024-06-29,Marrakech,Mercedes-Benz Marrakech Menara,Vente,Sprinter,Neuf,Sara Bennis,,552321.0,,,,,4.0,12.0,69.0
MB102698,2024-05-18,Casablanca,Mercedes-Benz Casablanca Anfa,Entretien,Classe A,,,Anas Séfrioui,,Suspension,1.9,2954.0,"Amortisseurs, biellettes",4.0,,
MB102601,2024-08-03,Marrakech,Mercedes-Benz Marrakech Menara,Entretien,GLC,,,Anas Séfrioui,,Vidange & entretien courant,0.5,1886.0,"Huile moteur, filtres",3.0,,
MB102463,2024-11-10,Fès,Mercedes-Benz Fès Saïss,Entretien,GLC,,,Zineb Amrani,,Système électrique,4.4,3319.0,"Batterie, faisceau électrique",5.0,,
MB102045,2024-04-30,Casablanca,Mercedes-Benz Casablanca Anfa,Entretien,Sprinter,,,Zineb Amrani,,Système électrique,3.2,4028.0,"Batterie, faisceau électrique",3.0,,
MB101981,2024-06-29,Rabat,Mercedes-Benz Rabat Aviation,Entretien,Classe E,,,Anas Séfrioui,,Pneumatiques,0.5,3085.0,"Pneus, valves",4.0,,
MB102458,2024-11-12,Agadir,Mercedes-Benz Agadir Founty,Entretien,GLC,,,Anas Séfrioui,,Freins,3.4,1920.0,"Plaquettes, disques de frein",5.0,,
MB101057,2024-10-29,Casablanca,Mercedes-Benz Casablanca Anfa,Vente,Classe A,Neuf,Hicham Kabbaj,,333299.0,,,,,5.0,11.0,26.0
MB101347,2024-03-31,Casablanca,Mercedes-Benz Casablanca Anfa,Vente,Classe E,Occasion,Omar Fassi,,470606.0,,,,,4.0,0.0,14.0
MB102587,2024-09-30,Agadir,Mercedes-Benz Agadir Founty,Entretien,Classe A,,,Zineb Amrani,,Diagnostic électronique,2.4,150.0,Module de contrôle (ECU),4.0,,
MB100356,2024-02-19,Tanger,Mercedes-Benz Tanger Free Zone,Vente,Classe A,Occasion,Omar Fassi,,267357.0,,,,,4.0,4.0,39.0
MB102438,2024-09-02,Fès,Mercedes-Benz Fès Saïss,Entretien,GLC,,,Yassine Rguibi,,Boîte de vitesses,5.8,10192.0,"Kit embrayage, huile de boîte",3.0,,
MB102515,2024-05-03,Casablanca,Mercedes-Benz Casablanca Anfa,Entretien,Vito,,,Mehdi Lahlou,,Injection / moteur,4.1,5051.0,"Injecteurs, capteurs moteur",5.0,,
MB100724,2024-02-21,Rabat,Mercedes-Benz Rabat Aviation,Vente,GLE,Neuf,Omar Fassi,,954489.0,,,,,3.0,10.0,49.0
MB101977,2024-03-21,Tanger,Mercedes-Benz Tanger Free Zone,Entretien,GLC,,,Yassine Rguibi,,Vidange & entretien courant,2.3,1230.0,"Huile moteur, filtres",3.0,,
MB100245,2024-08-07,Fès,Mercedes-Benz Fès Saïss,Vente,Classe C,Neuf,Leila Ouazzani,,596538.0,,,,,5.0,7.0,55.0
MB101299,2024-04-01,Marrakech,Mercedes-Benz Marrakech Menara,Vente,Classe A,Occasion,Youssef El Amrani,,294855.0,,,,,5.0,4.0,17.0
MB102811,2024-10-10,Rabat,Mercedes-Benz Rabat Aviation,Entretien,Classe S,,,Mehdi Lahlou,,Injection / moteur,3.7,7339.0,"Injecteurs, capteurs moteur",3.0,,
MB100393,2024-11-12,Agadir,Mercedes-Benz Agadir Founty,Vente,GLA,Neuf,Leila Ouazzani,,493861.0,,,,,5.0,2.0,86.0
MB101747,2024-11-06,Tanger,Mercedes-Benz Tanger Free Zone,Entretien,Classe C,,,Adil Bouazza,,Suspension,1.4,3684.0,"Amortisseurs, biellettes",4.0,,
MB102711,2024-04-09,Fès,Mercedes-Benz Fès Saïss,Entretien,GLC,,,Anas Séfrioui,,Carrosserie / peinture,8.1,8522.0,"Pare-chocs, peinture",3.0,,
MB100086,2024-09-21,Marrakech,Mercedes-Benz Marrakech Menara,Vente,GLA,Occasion,Omar Fassi,,329635.0,,,,,4.0,8.0,31.0
MB100747,2024-11-05,Casablanca,Mercedes-Benz Casablanca Anfa,Vente,Classe C,Neuf,Hicham Kabbaj,,554945.0,,,,,4.0,21.0,30.0
MB101181,2024-03-04,Agadir,Mercedes-Benz Agadir Founty,Vente,GLE,Neuf,Karim Idrissi,,917591.0,,,,,5.0,13.0,44.0
MB102275,2024-08-04,Marrakech,Mercedes-Benz Marrakech Menara,Entretien,GLC,,,Zineb Amrani,,Climatisation,3.1,1768.0,"Compresseur, gaz réfrigérant",3.0,,
MB101316,2024-07-15,Rabat,Mercedes-Benz Rabat Aviation,Vente,Sprinter,Neuf,Nadia Chraibi,,478889.0,,,,,5.0,12.0,2.0
MB102091,2024-08-13,Marrakech,Mercedes-Benz Marrakech Menara,Entretien,GLA,,,Adil Bouazza,,Injection / moteur,6.2,6240.0,"Injecteurs, capteurs moteur",3.0,,
MB101102,2024-05-16,Rabat,Mercedes-Benz Rabat Aviation,Vente,Classe E,Neuf,Salma Tazi,,728139.0,,,,,4.0,6.0,19.0
MB100913,2024-05-16,Marrakech,Mercedes-Benz Marrakech Menara,Vente,Classe C,Neuf,Sara Bennis,,535717.0,,,,,4.0,9.0,46.0
MB100963,2024-03-04,Marrakech,Mercedes-Benz Marrakech Menara,Vente,Classe C,Neuf,Sara Bennis,,615147.0,,,,,3.0,7.0,43.0
MB100555,2024-02-05,Fès,Mercedes-Benz Fès Saïss,Vente,Classe C,Neuf,Sara Bennis,,574160.0,,,,,3.0,11.0,42.0
MB102425,2024-12-01,Marrakech,Mercedes-Benz Marrakech Menara,Entretien,Classe C,,,Fatima Zahra Kettani,,Climatisation,1.9,2298.0,"Compresseur, gaz réfrigérant",5.0,,
MB102957,2024-11-27,Rabat,Mercedes-Benz Rabat Aviation,Entretien,Sprinter,,,Zineb Amrani,,Injection / moteur,4.1,7236.0,"Injecteurs, capteurs moteur",5.0,,
MB102928,2024-03-19,Marrakech,Mercedes-Benz Marrakech Menara,Entretien,GLE,,,Yassine Rguibi,,Suspension,3.3,4217.0,"Amortisseurs, biellettes",4.0,,
MB100107,2024-05-15,Agadir,Mercedes-Benz Agadir Founty,Vente,Vito,Neuf,Rachid Alaoui,,439414.0,,,,,5.0,10.0,66.0
MB102008,2024-03-18,Agadir,Mercedes-Benz Agadir Founty,Entretien,Classe C,,,Adil Bouazza,,Carrosserie / peinture,8.0,6761.0,"Pare-chocs, peinture",4.0,,
MB100438,2024-03-31,Rabat,Mercedes-Benz Rabat Aviation,Vente,GLC,Occasion,Nadia Chraibi,,447813.0,,,,,5.0,9.0,15.0
MB101801,2024-11-10,Tanger,Mercedes-Benz Tanger Free Zone,Entretien,GLC,,,Zineb Amrani,,Carrosserie / peinture,8.1,7764.0,"Pare-chocs, peinture",4.0,,
MB100171,2024-06-08,Agadir,Mercedes-Benz Agadir Founty,Vente,Classe E,Neuf,Sara Bennis,,817388.0,,,,,4.0,4.0,39.0
MB102743,2024-06-08,Agadir,Mercedes-Benz Agadir Founty,Entretien,Classe A,,,Adil Bouazza,,Système électrique,3.4,2686.0,"Batterie, faisceau électrique",3.0,,
MB101986,2024-11-19,Marrakech,Mercedes-Benz Marrakech Menara,Entretien,Classe S,,,Adil Bouazza,,Système électrique,4.5,2865.0,"Batterie, faisceau électrique",3.0,,
MB101372,2024-12-09,Rabat,Mercedes-Benz Rabat Aviation,Vente,Classe C,Occasion,Salma Tazi,,431927.0,,,,,5.0,3.0,19.0
MB102123,2024-02-04,Rabat,Mercedes-Benz Rabat Aviation,Entretien,GLA,,,Anas Séfrioui,,Vidange & entretien courant,1.3,1405.0,"Huile moteur, filtres",5.0,,
MB101677,2024-02-26,Marrakech,Mercedes-Benz Marrakech Menara,Entretien,Sprinter,,,Yassine Rguibi,,Boîte de vitesses,7.6,9964.0,"Kit embrayage, huile de boîte",3.0,,
MB101159,2024-04-18,Agadir,Mercedes-Benz Agadir Founty,Vente,Classe A,Neuf,Sara Bennis,,381511.0,,,,,3.0,8.0,6.0
MB101128,2024-07-26,Tanger,Mercedes-Benz Tanger Free Zone,Vente,GLA,Occasion,Karim Idrissi,,358022.0,,,,,4.0,2.0,28.0
MB102058,2024-08-16,Marrakech,Mercedes-Benz Marrakech Menara,Entretien,Sprinter,,,Mehdi Lahlou,,Système électrique,4.3,2513.0,"Batterie, faisceau électrique",4.0,,
MB102449,2024-06-04,Casablanca,Mercedes-Benz Casablanca Anfa,Entretien,Vito,,,Fatima Zahra Kettani,,Carrosserie / peinture,7.7,7411.0,"Pare-chocs, peinture",4.0,,
MB102059,2024-03-08,Marrakech,Mercedes-Benz Marrakech Menara,Entretien,Vito,,,Zineb Amrani,,Injection / moteur,5.4,5837.0,"Injecteurs, capteurs moteur",3.0,,
MB100827,2024-01-09,Tanger,Mercedes-Benz Tanger Free Zone,Vente,GLA,Neuf,Sara Bennis,,426396.0,,,,,5.0,9.0,41.0
MB102497,2024-06-13,Casablanca,Mercedes-Benz Casablanca Anfa,Entretien,GLE,,,Zineb Amrani,,Freins,2.1,2699.0,"Plaquettes, disques de frein",4.0,,
MB100285,2024-03-02,Fès,Mercedes-Benz Fès Saïss,Vente,Classe A,Occasion,Nadia Chraibi,,269027.0,,,,,4.0,13.0,45.0
MB102569,2024-05-11,Marrakech,Mercedes-Benz Marrakech Menara,Entretien,Sprinter,,,Mehdi Lahlou,,Suspension,1.4,2263.0,"Amortisseurs, biellettes",5.0,,
MB102815,2024-10-01,Fès,Mercedes-Benz Fès Saïss,Entretien,Classe E,,,Adil Bouazza,,Carrosserie / peinture,8.7,7860.0,"Pare-chocs, peinture",3.0,,
MB102995,2024-05-18,Tanger,Mercedes-Benz Tanger Free Zone,Entretien,GLC,,,Adil Bouazza,,Climatisation,0.5,3403.0,"Compresseur, gaz réfrigérant",3.0,,
MB102678,2024-11-30,Tanger,Mercedes-Benz Tanger Free Zone,Entretien,GLC,,,Mehdi Lahlou,,Système électrique,3.8,4243.0,"Batterie, faisceau électrique",3.0,,
MB101441,2024-06-04,Tanger,Mercedes-Benz Tanger Free Zone,Entretien,GLC,,,Fatima Zahra Kettani,,Boîte de vitesses,6.7,10017.0,"Kit embrayage, huile de boîte",4.0,,
MB102287,2024-11-30,Rabat,Mercedes-Benz Rabat Aviation,Entretien,Sprinter,,,Mehdi Lahlou,,Carrosserie / peinture,7.2,7815.0,"Pare-chocs, peinture",3.0,,
MB102188,2024-01-12,Casablanca,Mercedes-Benz Casablanca Anfa,Entretien,GLA,,,Fatima Zahra Kettani,,Vidange & entretien courant,0.7,1039.0,"Huile moteur, filtres",5.0,,
MB102768,2024-12-29,Marrakech,Mercedes-Benz Marrakech Menara,Entretien,GLA,,,Anas Séfrioui,,Carrosserie / peinture,10.3,6826.0,"Pare-chocs, peinture",4.0,,
MB102656,2024-04-15,Agadir,Mercedes-Benz Agadir Founty,Entretien,Classe C,,,Adil Bouazza,,Climatisation,1.6,2914.0,"Compresseur, gaz réfrigérant",5.0,,
MB102004,2024-04-06,Marrakech,Mercedes-Benz Marrakech Menara,Entretien,Classe C,,,Mehdi Lahlou,,Climatisation,2.3,3489.0,"Compresseur, gaz réfrigérant",4.0,,
MB101251,2024-01-21,Agadir,Mercedes-Benz Agadir Founty,Vente,GLC,Neuf,Omar Fassi,,569958.0,,,,,5.0,0.0,4.0
MB101955,2024-08-19,Agadir,Mercedes-Benz Agadir Founty,Entretien,GLE,,,Adil Bouazza,,Boîte de vitesses,8.1,10625.0,"Kit embrayage, huile de boîte",4.0,,
MB102154,2024-01-16,Fès,Mercedes-Benz Fès Saïss,Entretien,Classe S,,,Adil Bouazza,,Système électrique,3.5,3595.0,"Batterie, faisceau électrique",2.0,,
MB101257,2024-04-24,Tanger,Mercedes-Benz Tanger Free Zone,Vente,GLA,Neuf,Rachid Alaoui,,480025.0,,,,,5.0,6.0,42.0
MB100056,2024-09-01,Tanger,Mercedes-Benz Tanger Free Zone,Vente,GLC,Occasion,Omar Fassi,,441801.0,,,,,5.0,7.0,29.0
MB100483,2024-02-27,Fès,Mercedes-Benz Fès Saïss,Vente,GLC,Occasion,Salma Tazi,,490390.0,,,,,4.0,9.0,14.0
MB100044,2024-02-12,Casablanca,Mercedes-Benz Casablanca Anfa,Vente,Classe A,Neuf,Sara Bennis,,418908.0,,,,,5.0,6.0,38.0
MB101822,2024-12-07,Casablanca,Mercedes-Benz Casablanca Anfa,Entretien,GLE,,,Fatima Zahra Kettani,,Pneumatiques,2.6,4065.0,"Pneus, valves",4.0,,
MB101544,2024-07-07,Agadir,Mercedes-Benz Agadir Founty,Entretien,Classe E,,,Fatima Zahra Kettani,,Carrosserie / peinture,5.0,7359.0,"Pare-chocs, peinture",5.0,,
MB100321,2024-02-21,Agadir,Mercedes-Benz Agadir Founty,Vente,Sprinter,Occasion,Salma Tazi,,421087.0,,,,,4.0,12.0,47.0
MB101342,2024-01-25,Casablanca,Mercedes-Benz Casablanca Anfa,Vente,Classe C,Occasion,Leila Ouazzani,,432287.0,,,,,5.0,13.0,38.0
MB102135,2024-05-26,Agadir,Mercedes-Benz Agadir Founty,Entretien,GLC,,,Adil Bouazza,,Système électrique,4.4,3574.0,"Batterie, faisceau électrique",4.0,,
MB103070,2024-10-04,Agadir,Mercedes-Benz Agadir Founty,Entretien,GLA,,,Mehdi Lahlou,,Vidange & entretien courant,2.9,150.0,"Huile moteur, filtres",3.0,,
MB101438,2024-10-27,Agadir,Mercedes-Benz Agadir Founty,Entretien,Classe S,,,Zineb Amrani,,Boîte de vitesses,8.1,8323.0,"Kit embrayage, huile de boîte",4.0,,
MB100238,2024-01-16,Tanger,Mercedes-Benz Tanger Free Zone,Vente,Sprinter,Neuf,Rachid Alaoui,,479439.0,,,,,3.0,3.0,54.0
MB101798,2024-11-24,Tanger,Mercedes-Benz Tanger Free Zone,Entretien,Classe C,,,Anas Séfrioui,,Freins,1.1,824.0,"Plaquettes, disques de frein",4.0,,
MB101810,2024-07-15,Rabat,Mercedes-Benz Rabat Aviation,Entretien,Classe A,,,Fatima Zahra Kettani,,Suspension,4.4,2987.0,"Amortisseurs, biellettes",4.0,,
MB101004,2024-12-03,Rabat,Mercedes-Benz Rabat Aviation,Vente,Classe C,Occasion,Youssef El Amrani,,396511.0,,,,,4.0,11.0,44.0
MB102897,2024-03-25,Casablanca,Mercedes-Benz Casablanca Anfa,Entretien,Classe E,,,Adil Bouazza,,Boîte de vitesses,5.8,9339.0,"Kit embrayage, huile de boîte",3.0,,
MB102596,2024-07-02,Agadir,Mercedes-Benz Agadir Founty,Entretien,GLC,,,Yassine Rguibi,,Carrosserie / peinture,8.0,7390.0,"Pare-chocs, peinture",2.0,,
MB102368,2024-04-07,Marrakech,Mercedes-Benz Marrakech Menara,Entretien,GLC,,,Anas Séfrioui,,Système électrique,5.7,3153.0,"Batterie, faisceau électrique",4.0,,
MB101200,2024-02-18,Tanger,Mercedes-Benz Tanger Free Zone,Vente,Classe A,Occasion,Omar Fassi,,269988.0,,,,,5.0,5.0,34.0
MB100301,2024-05-17,Marrakech,Mercedes-Benz Marrakech Menara,Vente,GLA,Neuf,Sara Bennis,,438979.0,,,,,5.0,9.0,43.0
MB100943,2024-10-24,Agadir,Mercedes-Benz Agadir Founty,Vente,Classe E,Neuf,Imane Berrada,,727832.0,,,,,3.0,5.0,31.0
MB102342,2024-01-05,Marrakech,Mercedes-Benz Marrakech Menara,Entretien,Classe E,,,Zineb Amrani,,Injection / moteur,6.1,6910.0,"Injecteurs, capteurs moteur",4.0,,
MB101260,2024-02-11,Fès,Mercedes-Benz Fès Saïss,Vente,GLA,Neuf,Hicham Kabbaj,,511618.0,,,,,4.0,10.0,49.0
MB102344,2024-01-05,Rabat,Mercedes-Benz Rabat Aviation,Entretien,Classe C,,,Adil Bouazza,,Boîte de vitesses,5.2,8233.0,"Kit embrayage, huile de boîte",5.0,,
MB100464,2024-03-13,Fès,Mercedes-Benz Fès Saïss,Vente,Classe A,Neuf,Omar Fassi,,354469.0,,,,,4.0,14.0,12.0
MB100006,2024-11-17,Fès,Mercedes-Benz Fès Saïss,Vente,GLE,Neuf,Leila Ouazzani,,833520.0,,,,,4.0,4.0,36.0
MB100842,2024-02-07,Fès,Mercedes-Benz Fès Saïss,Vente,Classe C,Occasion,Sara Bennis,,421565.0,,,,,4.0,11.0,13.0
MB101869,2024-06-23,Casablanca,Mercedes-Benz Casablanca Anfa,Entretien,Classe E,,,Adil Bouazza,,Freins,0.8,150.0,"Plaquettes, disques de frein",3.0,,
MB100327,2024-08-05,Agadir,Mercedes-Benz Agadir Founty,Vente,GLA,Occasion,Hicham Kabbaj,,363712.0,,,,,4.0,8.0,46.0
MB102360,2024-05-21,Marrakech,Mercedes-Benz Marrakech Menara,Entretien,GLA,,,Mehdi Lahlou,,Suspension,3.2,3033.0,"Amortisseurs, biellettes",5.0,,
MB102662,2024-08-18,Fès,Mercedes-Benz Fès Saïss,Entretien,GLE,,,Anas Séfrioui,,Boîte de vitesses,7.4,9028.0,"Kit embrayage, huile de boîte",3.0,,
MB101465,2024-10-01,Agadir,Mercedes-Benz Agadir Founty,Entretien,GLE,,,Adil Bouazza,,Carrosserie / peinture,9.3,7302.0,"Pare-chocs, peinture",4.0,,
MB100893,2024-01-02,Tanger,Mercedes-Benz Tanger Free Zone,Vente,Sprinter,Occasion,Youssef El Amrani,,405392.0,,,,,5.0,3.0,34.0
MB102062,2024-07-27,Casablanca,Mercedes-Benz Casablanca Anfa,Entretien,Classe A,,,Zineb Amrani,,Boîte de vitesses,7.3,9186.0,"Kit embrayage, huile de boîte",2.0,,
MB100695,2024-10-13,Tanger,Mercedes-Benz Tanger Free Zone,Vente,Classe S,Occasion,Imane Berrada,,1068928.0,,,,,5.0,4.0,1.0
MB100388,2024-02-01,Fès,Mercedes-Benz Fès Saïss,Vente,Classe A,Neuf,Hicham Kabbaj,,334623.0,,,,,4.0,15.0,40.0
MB100604,2024-09-09,Tanger,Mercedes-Benz Tanger Free Zone,Vente,Classe C,Neuf,Imane Berrada,,494368.0,,,,,4.0,13.0,28.0
MB100843,2024-10-24,Rabat,Mercedes-Benz Rabat Aviation,Vente,Classe E,Occasion,Karim Idrissi,,486799.0,,,,,4.0,5.0,17.0
MB100323,2024-08-15,Tanger,Mercedes-Benz Tanger Free Zone,Vente,Classe E,Neuf,Hicham Kabbaj,,763296.0,,,,,4.0,8.0,36.0
MB101868,2024-07-05,Rabat,Mercedes-Benz Rabat Aviation,Entretien,Classe A,,,Zineb Amrani,,Vidange & entretien courant,0.8,1254.0,"Huile moteur, filtres",5.0,,
MB102974,2024-08-24,Agadir,Mercedes-Benz Agadir Founty,Entretien,GLE,,,Zineb Amrani,,Freins,0.9,1860.0,"Plaquettes, disques de frein",4.0,,
MB102353,2024-10-08,Fès,Mercedes-Benz Fès Saïss,Entretien,Classe E,,,Adil Bouazza,,Carrosserie / peinture,7.3,6936.0,"Pare-chocs, peinture",5.0,,
MB102613,2024-05-21,Marrakech,Mercedes-Benz Marrakech Menara,Entretien,Classe A,,,Fatima Zahra Kettani,,Diagnostic électronique,0.5,150.0,Module de contrôle (ECU),4.0,,
MB102623,2024-09-03,Agadir,Mercedes-Benz Agadir Founty,Entretien,GLE,,,Mehdi Lahlou,,Climatisation,1.4,2661.0,"Compresseur, gaz réfrigérant",3.0,,
MB102758,2024-09-12,Tanger,Mercedes-Benz Tanger Free Zone,Entretien,GLE,,,Anas Séfrioui,,Freins,2.0,3515.0,"Plaquettes, disques de frein",2.0,,
MB101281,2024-02-19,Marrakech,Mercedes-Benz Marrakech Menara,Vente,Classe C,Occasion,Salma Tazi,,442885.0,,,,,4.0,1.0,28.0
MB100831,2024-02-01,Tanger,Mercedes-Benz Tanger Free Zone,Vente,GLC,Neuf,Sara Bennis,,624007.0,,,,,4.0,10.0,52.0
MB101905,2024-08-17,Rabat,Mercedes-Benz Rabat Aviation,Entretien,Classe A,,,Anas Séfrioui,,Diagnostic électronique,0.9,683.0,Module de contrôle (ECU),4.0,,
MB100456,2024-11-29,Casablanca,Mercedes-Benz Casablanca Anfa,Vente,GLC,Neuf,Leila Ouazzani,,599706.0,,,,,5.0,13.0,55.0
MB100308,2024-04-29,Tanger,Mercedes-Benz Tanger Free Zone,Vente,GLC,Neuf,Imane Berrada,,639733.0,,,,,5.0,6.0,33.0
MB102121,2024-08-03,Agadir,Mercedes-Benz Agadir Founty,Entretien,GLC,,,Zineb Amrani,,Freins,2.6,1789.0,"Plaquettes, disques de frein",3.0,,
MB102263,2024-12-15,Casablanca,Mercedes-Benz Casablanca Anfa,Entretien,GLA,,,Adil Bouazza,,Injection / moteur,5.6,7177.0,"Injecteurs, capteurs moteur",4.0,,
MB102051,2024-09-01,Fès,Mercedes-Benz Fès Saïss,Entretien,GLC,,,Fatima Zahra Kettani,,Pneumatiques,1.9,3076.0,"Pneus, valves",5.0,,
MB101303,2024-04-03,Rabat,Mercedes-Benz Rabat Aviation,Vente,Classe A,Occasion,Nadia Chraibi,,274101.0,,,,,5.0,17.0,44.0
MB100329,2024-03-11,Fès,Mercedes-Benz Fès Saïss,Vente,Classe E,Neuf,Leila Ouazzani,,656037.0,,,,,3.0,9.0,20.0
MB103076,2024-12-04,Casablanca,Mercedes-Benz Casablanca Anfa,Entretien,GLA,,,Mehdi Lahlou,,Injection / moteur,5.5,6956.0,"Injecteurs, capteurs moteur",3.0,,
MB101705,2024-07-27,Rabat,Mercedes-Benz Rabat Aviation,Entretien,GLC,,,Zineb Amrani,,Freins,3.5,1968.0,"Plaquettes, disques de frein",3.0,,
MB101719,2024-04-19,Marrakech,Mercedes-Benz Marrakech Menara,Entretien,GLE,,,Anas Séfrioui,,Carrosserie / peinture,8.7,5747.0,"Pare-chocs, peinture",5.0,,
MB100480,2024-04-29,Agadir,Mercedes-Benz Agadir Founty,Vente,Vito,Occasion,Hicham Kabbaj,,301370.0,,,,,3.0,13.0,47.0
MB103016,2024-10-18,Tanger,Mercedes-Benz Tanger Free Zone,Entretien,Classe C,,,Yassine Rguibi,,Vidange & entretien courant,1.4,150.0,"Huile moteur, filtres",4.0,,
MB102592,2024-07-22,Tanger,Mercedes-Benz Tanger Free Zone,Entretien,GLC,,,Fatima Zahra Kettani,,Vidange & entretien courant,1.0,243.0,"Huile moteur, filtres",5.0,,
MB100118,2024-03-21,Rabat,Mercedes-Benz Rabat Aviation,Vente,Classe A,Neuf,Hicham Kabbaj,,332514.0,,,,,4.0,9.0,37.0
MB101972,2024-03-14,Casablanca,Mercedes-Benz Casablanca Anfa,Entretien,Classe S,,,Fatima Zahra Kettani,,Injection / moteur,7.0,6318.0,"Injecteurs, capteurs moteur",2.0,,
MB101558,2024-03-09,Rabat,Mercedes-Benz Rabat Aviation,Entretien,Vito,,,Zineb Amrani,,Suspension,3.5,2873.0,"Amortisseurs, biellettes",5.0,,
MB102823,2024-07-19,Tanger,Mercedes-Benz Tanger Free Zone,Entretien,Classe E,,,Adil Bouazza,,Pneumatiques,0.5,4476.0,"Pneus, valves",2.0,,
MB101030,2024-05-26,Casablanca,Mercedes-Benz Casablanca Anfa,Vente,Classe C,Neuf,Omar Fassi,,492724.0,,,,,4.0,9.0,35.0
MB100467,2024-04-17,Rabat,Mercedes-Benz Rabat Aviation,Vente,Classe C,Neuf,Rachid Alaoui,,499215.0,,,,,4.0,7.0,25.0
MB102727,2024-03-19,Tanger,Mercedes-Benz Tanger Free Zone,Entretien,Classe S,,,Yassine Rguibi,,Diagnostic électronique,2.1,999.0,Module de contrôle (ECU),5.0,,
MB102522,2024-03-17,Fès,Mercedes-Benz Fès Saïss,Entretien,Vito,,,Yassine Rguibi,,Suspension,4.4,3545.0,"Amortisseurs, biellettes",4.0,,
MB102326,2024-06-16,Marrakech,Mercedes-Benz Marrakech Menara,Entretien,GLC,,,Zineb Amrani,,Boîte de vitesses,6.2,10119.0,"Kit embrayage, huile de boîte",4.0,,
MB102681,2024-08-26,Marrakech,Mercedes-Benz Marrakech Menara,Entretien,Sprinter,,,Zineb Amrani,,Diagnostic électronique,1.7,637.0,Module de contrôle (ECU),4.0,,
MB101970,2024-10-29,Marrakech,Mercedes-Benz Marrakech Menara,Entretien,Sprinter,,,Mehdi Lahlou,,Boîte de vitesses,5.9,9756.0,"Kit embrayage, huile de boîte",3.0,,
MB101199,2024-02-20,Fès,Mercedes-Benz Fès Saïss,Vente,Classe A,Occasion,Imane Berrada,,274935.0,,,,,4.0,11.0,10.0
MB101357,2024-02-29,Rabat,Mercedes-Benz Rabat Aviation,Vente,Classe A,Neuf,Sara Bennis,,419939.0,,,,,4.0,10.0,9.0
MB101902,2024-02-24,Fès,Mercedes-Benz Fès Saïss,Entretien,Vito,,,Adil Bouazza,,Pneumatiques,2.0,2789.0,"Pneus, valves",3.0,,
MB101976,2024-05-11,Agadir,Mercedes-Benz Agadir Founty,Entretien,Sprinter,,,Mehdi Lahlou,,Suspension,5.1,3825.0,"Amortisseurs, biellettes",5.0,,
MB100777,2024-03-17,Tanger,Mercedes-Benz Tanger Free Zone,Vente,Classe S,Neuf,Karim Idrissi,,1256056.0,,,,,5.0,5.0,57.0
MB100569,2024-02-25,Tanger,Mercedes-Benz Tanger Free Zone,Vente,Classe C,Occasion,Hicham Kabbaj,,376675.0,,,,,4.0,9.0,65.0
MB101787,2024-05-10,Fès,Mercedes-Benz Fès Saïss,Entretien,Classe S,,,Adil Bouazza,,Freins,3.0,3179.0,"Plaquettes, disques de frein",4.0,,
MB102801,2024-10-12,Marrakech,Mercedes-Benz Marrakech Menara,Entretien,GLC,,,Mehdi Lahlou,,Suspension,1.8,3156.0,"Amortisseurs, biellettes",4.0,,
MB102355,2024-10-22,Tanger,Mercedes-Benz Tanger Free Zone,Entretien,Classe E,,,Yassine Rguibi,,Système électrique,3.4,3621.0,"Batterie, faisceau électrique",4.0,,
MB103039,2024-05-02,Marrakech,Mercedes-Benz Marrakech Menara,Entretien,GLE,,,Yassine Rguibi,,Injection / moteur,5.7,9274.0,"Injecteurs, capteurs moteur",4.0,,
MB101093,2024-11-19,Agadir,Mercedes-Benz Agadir Founty,Vente,GLC,Neuf,Hicham Kabbaj,,572414.0,,,,,4.0,8.0,49.0
MB101258,2024-02-25,Fès,Mercedes-Benz Fès Saïss,Vente,GLC,Neuf,Rachid Alaoui,,682471.0,,,,,4.0,7.0,52.0
MB101999,2024-01-13,Tanger,Mercedes-Benz Tanger Free Zone,Entretien,Classe S,,,Fatima Zahra Kettani,,Boîte de vitesses,3.4,10401.0,"Kit embrayage, huile de boîte",5.0,,
MB100085,2024-05-14,Fès,Mercedes-Benz Fès Saïss,Vente,GLA,Neuf,Imane Berrada,,482890.0,,,,,5.0,8.0,34.0
MB101666,2024-06-29,Marrakech,Mercedes-Benz Marrakech Menara,Entretien,Classe C,,,Fatima Zahra Kettani,,Diagnostic électronique,3.6,334.0,Module de contrôle (ECU),5.0,,
MB102774,2024-06-20,Rabat,Mercedes-Benz Rabat Aviation,Entretien,GLA,,,Yassine Rguibi,,Suspension,4.2,2201.0,"Amortisseurs, biellettes",5.0,,
MB100756,2024-04-16,Marrakech,Mercedes-Benz Marrakech Menara,Vente,GLE,Neuf,Rachid Alaoui,,950596.0,,,,,4.0,5.0,26.0
MB102144,2024-06-10,Casablanca,Mercedes-Benz Casablanca Anfa,Entretien,Classe S,,,Anas Séfrioui,,Freins,3.3,3736.0,"Plaquettes, disques de frein",5.0,,
MB102200,2024-01-13,Marrakech,Mercedes-Benz Marrakech Menara,Entretien,Classe E,,,Mehdi Lahlou,,Suspension,4.4,2845.0,"Amortisseurs, biellettes",5.0,,
MB100512,2024-01-17,Marrakech,Mercedes-Benz Marrakech Menara,Vente,Classe A,Neuf,Leila Ouazzani,,414878.0,,,,,4.0,10.0,24.0
MB102998,2024-12-17,Tanger,Mercedes-Benz Tanger Free Zone,Entretien,GLC,,,Fatima Zahra Kettani,,Freins,3.3,2866.0,"Plaquettes, disques de frein",4.0,,
MB100732,2024-04-28,Fès,Mercedes-Benz Fès Saïss,Vente,GLC,Neuf,Youssef El Amrani,,564917.0,,,,,5.0,11.0,1.0
MB102221,2024-01-27,Tanger,Mercedes-Benz Tanger Free Zone,Entretien,Classe S,,,Anas Séfrioui,,Injection / moteur,4.1,6174.0,"Injecteurs, capteurs moteur",4.0,,
MB102398,2024-12-15,Fès,Mercedes-Benz Fès Saïss,Entretien,Classe A,,,Fatima Zahra Kettani,,Carrosserie / peinture,8.1,6918.0,"Pare-chocs, peinture",4.0,,
MB100531,2024-11-16,Agadir,Mercedes-Benz Agadir Founty,Vente,Classe A,Neuf,Rachid Alaoui,,348005.0,,,,,5.0,5.0,1.0
MB102423,2024-03-10,Casablanca,Mercedes-Benz Casablanca Anfa,Entretien,Classe A,,,Adil Bouazza,,Pneumatiques,0.5,4335.0,"Pneus, valves",5.0,,
MB100766,2024-08-28,Casablanca,Mercedes-Benz Casablanca Anfa,Vente,Classe C,Occasion,Imane Berrada,,405992.0,,,,,3.0,5.0,35.0
MB101480,2024-01-31,Marrakech,Mercedes-Benz Marrakech Menara,Entretien,GLE,,,Anas Séfrioui,,Freins,0.5,1484.0,"Plaquettes, disques de frein",3.0,,
MB102003,2024-01-14,Tanger,Mercedes-Benz Tanger Free Zone,Entretien,Vito,,,Zineb Amrani,,Suspension,2.4,3315.0,"Amortisseurs, biellettes",5.0,,
MB101362,2024-05-11,Casablanca,Mercedes-Benz Casablanca Anfa,Vente,GLA,Neuf,Sara Bennis,,503992.0,,,,,4.0,5.0,1.0
MB102573,2024-02-07,Tanger,Mercedes-Benz Tanger Free Zone,Entretien,GLE,,,Fatima Zahra Kettani,,Suspension,4.4,2745.0,"Amortisseurs, biellettes",2.0,,
MB100375,2024-06-20,Casablanca,Mercedes-Benz Casablanca Anfa,Vente,GLA,Neuf,Sara Bennis,,491294.0,,,,,3.0,4.0,32.0
MB101634,2024-05-18,Casablanca,Mercedes-Benz Casablanca Anfa,Entretien,Vito,,,Fatima Zahra Kettani,,Carrosserie / peinture,8.7,7078.0,"Pare-chocs, peinture",4.0,,
MB102362,2024-01-30,Agadir,Mercedes-Benz Agadir Founty,Entretien,Classe S,,,Fatima Zahra Kettani,,Climatisation,0.5,2469.0,"Compresseur, gaz réfrigérant",5.0,,
MB101185,2024-12-01,Agadir,Mercedes-Benz Agadir Founty,Vente,GLC,Neuf,Omar Fassi,,599048.0,,,,,5.0,11.0,33.0
MB101715,2024-07-01,Marrakech,Mercedes-Benz Marrakech Menara,Entretien,GLC,,,Anas Séfrioui,,Climatisation,5.0,2215.0,"Compresseur, gaz réfrigérant",4.0,,
MB102619,2024-08-19,Fès,Mercedes-Benz Fès Saïss,Entretien,GLC,,,Zineb Amrani,,Suspension,1.9,3048.0,"Amortisseurs, biellettes",3.0,,
MB102081,2024-06-13,Marrakech,Mercedes-Benz Marrakech Menara,Entretien,Sprinter,,,Mehdi Lahlou,,Climatisation,3.7,1298.0,"Compresseur, gaz réfrigérant",5.0,,
MB101794,2024-09-25,Marrakech,Mercedes-Benz Marrakech Menara,Entretien,Sprinter,,,Zineb Amrani,,Injection / moteur,4.8,7824.0,"Injecteurs, capteurs moteur",4.0,,
MB100239,2024-04-26,Fès,Mercedes-Benz Fès Saïss,Vente,Vito,Neuf,Omar Fassi,,382457.0,,,,,5.0,10.0,10.0
MB100128,2024-06-05,Casablanca,Mercedes-Benz Casablanca Anfa,Vente,Vito,Neuf,Nadia Chraibi,,356264.0,,,,,4.0,10.0,34.0
MB100355,2024-06-08,Agadir,Mercedes-Benz Agadir Founty,Vente,Classe A,Neuf,Nadia Chraibi,,406041.0,,,,,5.0,6.0,43.0
MB100165,2024-09-12,Rabat,Mercedes-Benz Rabat Aviation,Vente,GLE,Neuf,Youssef El Amrani,,914370.0,,,,,4.0,11.0,70.0
MB101511,2024-06-14,Casablanca,Mercedes-Benz Casablanca Anfa,Entretien,GLC,,,Yassine Rguibi,,Système électrique,3.9,2581.0,"Batterie, faisceau électrique",3.0,,
MB102320,2024-04-28,Casablanca,Mercedes-Benz Casablanca Anfa,Entretien,Vito,,,Zineb Amrani,,Vidange & entretien courant,0.5,1107.0,"Huile moteur, filtres",3.0,,
MB102970,2024-01-12,Fès,Mercedes-Benz Fès Saïss,Entretien,Classe A,,,Adil Bouazza,,Suspension,3.2,3450.0,"Amortisseurs, biellettes",5.0,,
MB101320,2024-01-18,Tanger,Mercedes-Benz Tanger Free Zone,Vente,GLA,Occasion,Hicham Kabbaj,,309683.0,,,,,5.0,11.0,7.0
MB102559,2024-11-15,Marrakech,Mercedes-Benz Marrakech Menara,Entretien,Classe E,,,Mehdi Lahlou,,Boîte de vitesses,5.3,9356.0,"Kit embrayage, huile de boîte",4.0,,
MB100473,2024-07-24,Rabat,Mercedes-Benz Rabat Aviation,Vente,Classe E,Neuf,Nadia Chraibi,,816035.0,,,,,5.0,6.0,42.0
MB101998,2024-01-11,Tanger,Mercedes-Benz Tanger Free Zone,Entretien,Classe A,,,Anas Séfrioui,,Vidange & entretien courant,2.5,808.0,"Huile moteur, filtres",4.0,,
MB102722,2024-05-21,Marrakech,Mercedes-Benz Marrakech Menara,Entretien,Classe S,,,Zineb Amrani,,Climatisation,1.7,2148.0,"Compresseur, gaz réfrigérant",5.0,,
MB102043,2024-02-09,Tanger,Mercedes-Benz Tanger Free Zone,Entretien,Classe E,,,Mehdi Lahlou,,Pneumatiques,0.5,2643.0,"Pneus, valves",3.0,,
MB102816,2024-08-28,Agadir,Mercedes-Benz Agadir Founty,Entretien,GLC,,,Adil Bouazza,,Carrosserie / peinture,9.7,9230.0,"Pare-chocs, peinture",3.0,,
MB102138,2024-04-25,Tanger,Mercedes-Benz Tanger Free Zone,Entretien,Classe E,,,Zineb Amrani,,Pneumatiques,2.1,4029.0,"Pneus, valves",4.0,,
MB102492,2024-03-26,Marrakech,Mercedes-Benz Marrakech Menara,Entretien,Classe S,,,Fatima Zahra Kettani,,Freins,1.3,2898.0,"Plaquettes, disques de frein",5.0,,
MB100098,2024-06-26,Casablanca,Mercedes-Benz Casablanca Anfa,Vente,Sprinter,Neuf,Sara Bennis,,475692.0,,,,,4.0,0.0,59.0
MB101840,2024-01-20,Casablanca,Mercedes-Benz Casablanca Anfa,Entretien,GLE,,,Anas Séfrioui,,Climatisation,2.9,2273.0,"Compresseur, gaz réfrigérant",5.0,,
MB101024,2024-05-11,Rabat,Mercedes-Benz Rabat Aviation,Vente,GLC,Neuf,Salma Tazi,,687113.0,,,,,4.0,8.0,23.0
MB102015,2024-11-23,Casablanca,Mercedes-Benz Casablanca Anfa,Entretien,Classe C,,,Zineb Amrani,,Boîte de vitesses,6.2,10601.0,"Kit embrayage, huile de boîte",5.0,,
MB103046,2024-07-10,Marrakech,Mercedes-Benz Marrakech Menara,Entretien,GLE,,,Zineb Amrani,,Freins,2.1,1164.0,"Plaquettes, disques de frein",5.0,,
MB100450,2024-05-17,Agadir,Mercedes-Benz Agadir Founty,Vente,Vito,Occasion,Karim Idrissi,,291711.0,,,,,4.0,8.0,28.0
MB100551,2024-11-14,Rabat,Mercedes-Benz Rabat Aviation,Vente,GLA,Neuf,Rachid Alaoui,,466390.0,,,,,4.0,9.0,53.0
MB102783,2024-07-22,Rabat,Mercedes-Benz Rabat Aviation,Entretien,Sprinter,,,Adil Bouazza,,Diagnostic électronique,1.8,150.0,Module de contrôle (ECU),5.0,,
MB100277,2024-03-30,Fès,Mercedes-Benz Fès Saïss,Vente,GLC,Neuf,Rachid Alaoui,,622377.0,,,,,4.0,4.0,19.0
MB102267,2024-06-26,Rabat,Mercedes-Benz Rabat Aviation,Entretien,GLE,,,Fatima Zahra Kettani,,Boîte de vitesses,6.5,10794.0,"Kit embrayage, huile de boîte",4.0,,
MB100179,2024-01-23,Tanger,Mercedes-Benz Tanger Free Zone,Vente,Classe E,Neuf,Rachid Alaoui,,653508.0,,,,,4.0,9.0,66.0
MB100434,2024-03-06,Marrakech,Mercedes-Benz Marrakech Menara,Vente,Classe E,Neuf,Karim Idrissi,,828551.0,,,,,3.0,13.0,36.0
MB101341,2024-12-05,Agadir,Mercedes-Benz Agadir Founty,Vente,Classe A,Neuf,Salma Tazi,,411826.0,,,,,4.0,5.0,9.0
MB102444,2024-01-29,Agadir,Mercedes-Benz Agadir Founty,Entretien,GLE,,,Fatima Zahra Kettani,,Système électrique,3.4,2830.0,"Batterie, faisceau électrique",3.0,,
MB101592,2024-03-10,Tanger,Mercedes-Benz Tanger Free Zone,Entretien,Classe A,,,Zineb Amrani,,Climatisation,2.8,3255.0,"Compresseur, gaz réfrigérant",4.0,,
MB101644,2024-02-06,Agadir,Mercedes-Benz Agadir Founty,Entretien,Classe A,,,Zineb Amrani,,Injection / moteur,4.7,6723.0,"Injecteurs, capteurs moteur",4.0,,
MB101517,2024-09-09,Tanger,Mercedes-Benz Tanger Free Zone,Entretien,GLE,,,Fatima Zahra Kettani,,Pneumatiques,3.2,4845.0,"Pneus, valves",5.0,,
MB100742,2024-01-31,Agadir,Mercedes-Benz Agadir Founty,Vente,Vito,Neuf,Leila Ouazzani,,367166.0,,,,,4.0,9.0,32.0
MB100868,2024-11-06,Agadir,Mercedes-Benz Agadir Founty,Vente,GLA,Neuf,Sara Bennis,,474248.0,,,,,4.0,3.0,44.0
MB101770,2024-01-12,Tanger,Mercedes-Benz Tanger Free Zone,Entretien,Vito,,,Adil Bouazza,,Vidange & entretien courant,2.8,2236.0,"Huile moteur, filtres",5.0,,
MB100484,2024-08-20,Marrakech,Mercedes-Benz Marrakech Menara,Vente,Vito,Neuf,Karim Idrissi,,362504.0,,,,,5.0,8.0,28.0
MB102022,2024-10-17,Tanger,Mercedes-Benz Tanger Free Zone,Entretien,Classe A,,,Zineb Amrani,,Freins,2.8,2463.0,"Plaquettes, disques de frein",4.0,,
MB103036,2024-04-19,Agadir,Mercedes-Benz Agadir Founty,Entretien,Vito,,,Yassine Rguibi,,Diagnostic électronique,0.5,150.0,Module de contrôle (ECU),3.0,,
MB102402,2024-06-26,Rabat,Mercedes-Benz Rabat Aviation,Entretien,Vito,,,Yassine Rguibi,,Carrosserie / peinture,8.9,6557.0,"Pare-chocs, peinture",4.0,,
MB102437,2024-09-19,Marrakech,Mercedes-Benz Marrakech Menara,Entretien,GLE,,,Zineb Amrani,,Injection / moteur,5.5,7407.0,"Injecteurs, capteurs moteur",5.0,,
MB100781,2024-11-22,Tanger,Mercedes-Benz Tanger Free Zone,Vente,GLC,Neuf,Imane Berrada,,665065.0,,,,,5.0,8.0,37.0
MB100549,2024-06-02,Tanger,Mercedes-Benz Tanger Free Zone,Vente,GLA,Neuf,Youssef El Amrani,,460461.0,,,,,4.0,7.0,80.0
MB101964,2024-11-25,Marrakech,Mercedes-Benz Marrakech Menara,Entretien,Classe E,,,Anas Séfrioui,,Boîte de vitesses,5.8,9664.0,"Kit embrayage, huile de boîte",3.0,,
MB102927,2024-05-17,Casablanca,Mercedes-Benz Casablanca Anfa,Entretien,Classe C,,,Anas Séfrioui,,Boîte de vitesses,3.9,9546.0,"Kit embrayage, huile de boîte",4.0,,
MB100783,2024-03-06,Rabat,Mercedes-Benz Rabat Aviation,Vente,Classe A,Neuf,Rachid Alaoui,,347561.0,,,,,,16.0,53.0
MB101890,2024-11-29,Tanger,Mercedes-Benz Tanger Free Zone,Entretien,Vito,,,Yassine Rguibi,,Climatisation,2.2,1082.0,"Compresseur, gaz réfrigérant",4.0,,
MB101008,2024-08-29,Casablanca,Mercedes-Benz Casablanca Anfa,Vente,Sprinter,Neuf,Youssef El Amrani,,468295.0,,,,,4.0,11.0,22.0
MB102475,2024-02-16,Casablanca,Mercedes-Benz Casablanca Anfa,Entretien,Classe E,,,Fatima Zahra Kettani,,Suspension,3.5,1774.0,"Amortisseurs, biellettes",5.0,,
MB100674,2024-06-26,Tanger,Mercedes-Benz Tanger Free Zone,Vente,Classe A,Occasion,Rachid Alaoui,,271620.0,,,,,5.0,7.0,30.0
MB102204,2024-06-13,Marrakech,Mercedes-Benz Marrakech Menara,Entretien,GLE,,,Anas Séfrioui,,Injection / moteur,6.2,5608.0,"Injecteurs, capteurs moteur",3.0,,
MB100687,2024-09-15,Fès,Mercedes-Benz Fès Saïss,Vente,Classe A,Neuf,Rachid Alaoui,,413781.0,,,,,5.0,10.0,46.0
MB100876,2024-12-01,Fès,Mercedes-Benz Fès Saïss,Vente,Classe C,Occasion,Karim Idrissi,,414687.0,,,,,4.0,9.0,15.0
MB100459,2024-12-27,Agadir,Mercedes-Benz Agadir Founty,Vente,Classe A,Neuf,Rachid Alaoui,,393359.0,,,,,4.0,11.0,37.0
MB101990,2024-05-02,Rabat,Mercedes-Benz Rabat Aviation,Entretien,Vito,,,Zineb Amrani,,Injection / moteur,6.3,6201.0,"Injecteurs, capteurs moteur",4.0,,
MB101911,2024-11-11,Agadir,Mercedes-Benz Agadir Founty,Entretien,GLE,,,Yassine Rguibi,,Pneumatiques,1.5,3219.0,"Pneus, valves",5.0,,
MB101268,2024-06-07,Fès,Mercedes-Benz Fès Saïss,Vente,Classe A,Neuf,Karim Idrissi,,351668.0,,,,,4.0,1.0,28.0
MB100753,2024-08-29,Tanger,Mercedes-Benz Tanger Free Zone,Vente,Classe C,Occasion,Youssef El Amrani,,394883.0,,,,,5.0,10.0,43.0
MB100122,2024-01-13,Casablanca,Mercedes-Benz Casablanca Anfa,Vente,GLC,Neuf,Rachid Alaoui,,588329.0,,,,,4.0,13.0,81.0
MB100700,2024-11-03,Agadir,Mercedes-Benz Agadir Founty,Vente,Sprinter,Occasion,Nadia Chraibi,,390517.0,,,,,4.0,8.0,58.0
MB102905,2024-01-06,Tanger,Mercedes-Benz Tanger Free Zone,Entretien,Classe S,,,Anas Séfrioui,,Vidange & entretien courant,0.6,1803.0,"Huile moteur, filtres",3.0,,
MB101445,2024-07-13,Rabat,Mercedes-Benz Rabat Aviation,Entretien,GLA,,,Yassine Rguibi,,Pneumatiques,2.4,3181.0,"Pneus, valves",4.0,,
MB101949,2024-12-22,Agadir,Mercedes-Benz Agadir Founty,Entretien,Classe C,,,Fatima Zahra Kettani,,Vidange & entretien courant,1.7,150.0,"Huile moteur, filtres",4.0,,
MB102233,2024-05-29,Rabat,Mercedes-Benz Rabat Aviation,Entretien,GLA,,,Yassine Rguibi,,Pneumatiques,0.5,3735.0,"Pneus, valves",5.0,,
MB102087,2024-09-21,Rabat,Mercedes-Benz Rabat Aviation,Entretien,GLE,,,Anas Séfrioui,,Vidange & entretien courant,0.8,2495.0,"Huile moteur, filtres",4.0,,
MB100032,2024-03-19,Rabat,Mercedes-Benz Rabat Aviation,Vente,Classe C,Neuf,Rachid Alaoui,,571113.0,,,,,3.0,12.0,33.0
MB102155,2024-06-20,Tanger,Mercedes-Benz Tanger Free Zone,Entretien,Classe C,,,Anas Séfrioui,,Carrosserie / peinture,6.6,6539.0,"Pare-chocs, peinture",4.0,,
MB101751,2024-06-24,Marrakech,Mercedes-Benz Marrakech Menara,Entretien,Vito,,,Adil Bouazza,,Boîte de vitesses,9.0,9080.0,"Kit embrayage, huile de boîte",3.0,,
MB102072,2024-05-22,Casablanca,Mercedes-Benz Casablanca Anfa,Entretien,Vito,,,Zineb Amrani,,Diagnostic électronique,2.5,150.0,Module de contrôle (ECU),4.0,,
MB100070,2024-08-18,Rabat,Mercedes-Benz Rabat Aviation,Vente,Classe C,Neuf,Hicham Kabbaj,,553454.0,,,,,5.0,16.0,32.0
MB102932,2024-05-10,Marrakech,Mercedes-Benz Marrakech Menara,Entretien,GLC,,,Fatima Zahra Kettani,,Vidange & entretien courant,1.9,1261.0,"Huile moteur, filtres",4.0,,
MB102734,2024-01-05,Marrakech,Mercedes-Benz Marrakech Menara,Entretien,GLC,,,Anas Séfrioui,,Boîte de vitesses,4.0,10698.0,"Kit embrayage, huile de boîte",3.0,,
MB101120,2024-11-03,Tanger,Mercedes-Benz Tanger Free Zone,Vente,GLC,Occasion,Youssef El Amrani,,483203.0,,,,,5.0,3.0,8.0
MB102907,2024-02-17,Casablanca,Mercedes-Benz Casablanca Anfa,Entretien,Sprinter,,,Fatima Zahra Kettani,,Système électrique,4.3,2866.0,"Batterie, faisceau électrique",4.0,,
MB101191,2024-07-15,Rabat,Mercedes-Benz Rabat Aviation,Vente,GLC,Neuf,Hicham Kabbaj,,626114.0,,,,,,0.0,24.0
MB101532,2024-03-11,Agadir,Mercedes-Benz Agadir Founty,Entretien,GLC,,,Mehdi Lahlou,,Injection / moteur,6.3,6719.0,"Injecteurs, capteurs moteur",4.0,,
MB103010,2024-08-25,Agadir,Mercedes-Benz Agadir Founty,Entretien,Classe A,,,Zineb Amrani,,Climatisation,4.0,2851.0,"Compresseur, gaz réfrigérant",4.0,,
MB101243,2024-08-17,Rabat,Mercedes-Benz Rabat Aviation,Vente,Classe S,Neuf,Rachid Alaoui,,1443398.0,,,,,5.0,12.0,29.0
MB100266,2024-11-07,Casablanca,Mercedes-Benz Casablanca Anfa,Vente,GLC,Neuf,Omar Fassi,,595228.0,,,,,4.0,5.0,65.0
MB103096,2024-08-03,Rabat,Mercedes-Benz Rabat Aviation,Entretien,Classe S,,,Zineb Amrani,,Climatisation,1.3,3362.0,"Compresseur, gaz réfrigérant",3.0,,
MB101459,2024-06-19,Agadir,Mercedes-Benz Agadir Founty,Entretien,Vito,,,Yassine Rguibi,,Climatisation,1.5,4952.0,"Compresseur, gaz réfrigérant",3.0,,
MB101913,2024-09-13,Agadir,Mercedes-Benz Agadir Founty,Entretien,Vito,,,Zineb Amrani,,Suspension,2.2,3022.0,"Amortisseurs, biellettes",3.0,,
MB100505,2024-09-24,Casablanca,Mercedes-Benz Casablanca Anfa,Vente,Classe E,Occasion,Salma Tazi,,535243.0,,,,,4.0,4.0,54.0
MB102325,2024-08-31,Fès,Mercedes-Benz Fès Saïss,Entretien,Classe A,,,Yassine Rguibi,,Pneumatiques,0.5,3144.0,"Pneus, valves",3.0,,
MB100340,2024-11-18,Casablanca,Mercedes-Benz Casablanca Anfa,Vente,GLE,Occasion,Rachid Alaoui,,701099.0,,,,,3.0,8.0,17.0
MB102906,2024-06-30,Fès,Mercedes-Benz Fès Saïss,Entretien,GLC,,,Fatima Zahra Kettani,,Climatisation,4.2,1837.0,"Compresseur, gaz réfrigérant",4.0,,
MB102707,2024-04-08,Casablanca,Mercedes-Benz Casablanca Anfa,Entretien,GLC,,,Mehdi Lahlou,,Carrosserie / peinture,6.6,5155.0,"Pare-chocs, peinture",3.0,,
MB102234,2024-04-07,Casablanca,Mercedes-Benz Casablanca Anfa,Entretien,Classe S,,,Mehdi Lahlou,,Pneumatiques,0.5,5045.0,"Pneus, valves",4.0,,
MB100799,2024-01-11,Rabat,Mercedes-Benz Rabat Aviation,Vente,Classe C,Neuf,Leila Ouazzani,,542056.0,,,,,4.0,8.0,6.0
MB100931,2024-07-27,Fès,Mercedes-Benz Fès Saïss,Vente,Classe C,Neuf,Salma Tazi,,483414.0,,,,,4.0,5.0,39.0
MB102625,2024-12-17,Agadir,Mercedes-Benz Agadir Founty,Entretien,GLE,,,Yassine Rguibi,,Diagnostic électronique,1.3,150.0,Module de contrôle (ECU),3.0,,
MB100745,2024-10-20,Rabat,Mercedes-Benz Rabat Aviation,Vente,Sprinter,Neuf,Imane Berrada,,485974.0,,,,,5.0,11.0,67.0
MB100979,2024-06-13,Fès,Mercedes-Benz Fès Saïss,Vente,Classe E,Neuf,Hicham Kabbaj,,691550.0,,,,,5.0,5.0,41.0
MB102506,2024-12-11,Fès,Mercedes-Benz Fès Saïss,Entretien,GLA,,,Adil Bouazza,,Système électrique,5.6,3478.0,"Batterie, faisceau électrique",5.0,,
MB100062,2024-05-03,Tanger,Mercedes-Benz Tanger Free Zone,Vente,Classe E,Occasion,Youssef El Amrani,,540526.0,,,,,4.0,8.0,1.0
MB101776,2024-07-01,Fès,Mercedes-Benz Fès Saïss,Entretien,Classe S,,,Zineb Amrani,,Carrosserie / peinture,10.5,7392.0,"Pare-chocs, peinture",5.0,,
MB101603,2024-02-16,Tanger,Mercedes-Benz Tanger Free Zone,Entretien,GLE,,,Adil Bouazza,,Carrosserie / peinture,8.0,6378.0,"Pare-chocs, peinture",5.0,,
MB103024,2024-05-14,Agadir,Mercedes-Benz Agadir Founty,Entretien,Classe E,,,Anas Séfrioui,,Injection / moteur,3.8,5319.0,"Injecteurs, capteurs moteur",4.0,,
MB103054,2024-04-17,Tanger,Mercedes-Benz Tanger Free Zone,Entretien,GLA,,,Mehdi Lahlou,,Système électrique,3.3,3527.0,"Batterie, faisceau électrique",5.0,,
MB100142,2024-05-31,Tanger,Mercedes-Benz Tanger Free Zone,Vente,Vito,Occasion,Hicham Kabbaj,,285561.0,,,,,4.0,5.0,29.0
MB102879,2024-02-06,Rabat,Mercedes-Benz Rabat Aviation,Entretien,Classe C,,,Yassine Rguibi,,Système électrique,2.4,3359.0,"Batterie, faisceau électrique",5.0,,
MB102440,2024-06-08,Agadir,Mercedes-Benz Agadir Founty,Entretien,Classe S,,,Mehdi Lahlou,,Climatisation,1.8,3065.0,"Compresseur, gaz réfrigérant",5.0,,
MB101568,2024-08-20,Tanger,Mercedes-Benz Tanger Free Zone,Entretien,Vito,,,Zineb Amrani,,Injection / moteur,3.4,6682.0,"Injecteurs, capteurs moteur",4.0,,
MB100194,2024-07-14,Marrakech,Mercedes-Benz Marrakech Menara,Vente,Classe E,Neuf,Salma Tazi,,834742.0,,,,,5.0,11.0,28.0
MB100647,2024-04-24,Marrakech,Mercedes-Benz Marrakech Menara,Vente,GLC,Neuf,Omar Fassi,,712042.0,,,,,4.0,18.0,1.0
MB102082,2024-03-07,Tanger,Mercedes-Benz Tanger Free Zone,Entretien,Classe S,,,Mehdi Lahlou,,Injection / moteur,3.5,5441.0,"Injecteurs, capteurs moteur",4.0,,
MB100361,2024-04-29,Marrakech,Mercedes-Benz Marrakech Menara,Vente,Classe C,Neuf,Salma Tazi,,596785.0,,,,,5.0,10.0,55.0
MB102885,2024-12-14,Casablanca,Mercedes-Benz Casablanca Anfa,Entretien,Classe E,,,Yassine Rguibi,,Climatisation,1.6,3036.0,"Compresseur, gaz réfrigérant",4.0,,
MB100058,2024-07-22,Marrakech,Mercedes-Benz Marrakech Menara,Vente,GLC,Neuf,Omar Fassi,,650047.0,,,,,4.0,6.0,25.0
MB102712,2024-04-21,Marrakech,Mercedes-Benz Marrakech Menara,Entretien,Classe E,,,Mehdi Lahlou,,Diagnostic électronique,1.0,538.0,Module de contrôle (ECU),,,
MB100359,2024-12-25,Marrakech,Mercedes-Benz Marrakech Menara,Vente,GLC,Neuf,Nadia Chraibi,,577783.0,,,,,5.0,11.0,71.0
MB102997,2024-03-16,Casablanca,Mercedes-Benz Casablanca Anfa,Entretien,Classe E,,,Mehdi Lahlou,,Suspension,2.1,3893.0,"Amortisseurs, biellettes",4.0,,
MB101569,2024-09-12,Agadir,Mercedes-Benz Agadir Founty,Entretien,GLC,,,Zineb Amrani,,Suspension,3.4,3131.0,"Amortisseurs, biellettes",3.0,,
MB102117,2024-09-03,Tanger,Mercedes-Benz Tanger Free Zone,Entretien,Classe S,,,Mehdi Lahlou,,Suspension,3.8,4022.0,"Amortisseurs, biellettes",3.0,,
MB102340,2024-03-25,Fès,Mercedes-Benz Fès Saïss,Entretien,Sprinter,,,Yassine Rguibi,,Diagnostic électronique,2.0,200.0,Module de contrôle (ECU),4.0,,
MB102095,2024-08-28,Rabat,Mercedes-Benz Rabat Aviation,Entretien,Vito,,,Fatima Zahra Kettani,,Vidange & entretien courant,2.1,350.0,"Huile moteur, filtres",2.0,,
MB100924,2024-04-15,Agadir,Mercedes-Benz Agadir Founty,Vente,GLA,Occasion,Imane Berrada,,350816.0,,,,,4.0,10.0,24.0
MB102042,2024-03-02,Agadir,Mercedes-Benz Agadir Founty,Entretien,GLE,,,Fatima Zahra Kettani,,Diagnostic électronique,0.5,150.0,Module de contrôle (ECU),3.0,,
MB100278,2024-05-06,Rabat,Mercedes-Benz Rabat Aviation,Vente,Classe A,Occasion,Nadia Chraibi,,301794.0,,,,,5.0,12.0,45.0
MB102201,2024-09-18,Tanger,Mercedes-Benz Tanger Free Zone,Entretien,GLE,,,Anas Séfrioui,,Carrosserie / peinture,6.7,7709.0,"Pare-chocs, peinture",5.0,,
MB103042,2024-03-05,Tanger,Mercedes-Benz Tanger Free Zone,Entretien,Sprinter,,,Adil Bouazza,,Boîte de vitesses,5.1,9572.0,"Kit embrayage, huile de boîte",4.0,,
MB102273,2024-04-01,Casablanca,Mercedes-Benz Casablanca Anfa,Entretien,Classe E,,,Anas Séfrioui,,Diagnostic électronique,2.4,1400.0,Module de contrôle (ECU),4.0,,
MB100382,2024-03-31,Marrakech,Mercedes-Benz Marrakech Menara,Vente,Classe C,Neuf,Imane Berrada,,507911.0,,,,,3.0,4.0,32.0
MB102193,2024-07-10,Agadir,Mercedes-Benz Agadir Founty,Entretien,Classe S,,,Fatima Zahra Kettani,,Freins,3.3,1930.0,"Plaquettes, disques de frein",4.0,,
MB102413,2024-06-26,Marrakech,Mercedes-Benz Marrakech Menara,Entretien,Classe C,,,Anas Séfrioui,,Climatisation,1.3,3140.0,"Compresseur, gaz réfrigérant",5.0,,
MB101452,2024-05-11,Marrakech,Mercedes-Benz Marrakech Menara,Entretien,GLA,,,Adil Bouazza,,Carrosserie / peinture,8.1,7215.0,"Pare-chocs, peinture",5.0,,
MB101391,2024-11-01,Casablanca,Mercedes-Benz Casablanca Anfa,Vente,Sprinter,Neuf,Salma Tazi,,450650.0,,,,,4.0,8.0,24.0
MB101025,2024-01-26,Casablanca,Mercedes-Benz Casablanca Anfa,Vente,Sprinter,Neuf,Imane Berrada,,578889.0,,,,,4.0,13.0,36.0
MB102802,2024-11-16,Fès,Mercedes-Benz Fès Saïss,Entretien,Vito,,,Adil Bouazza,,Carrosserie / peinture,8.1,7558.0,"Pare-chocs, peinture",5.0,,
MB101953,2024-07-03,Tanger,Mercedes-Benz Tanger Free Zone,Entretien,Classe C,,,Fatima Zahra Kettani,,Vidange & entretien courant,2.4,1328.0,"Huile moteur, filtres",3.0,,
MB100067,2024-02-28,Casablanca,Mercedes-Benz Casablanca Anfa,Vente,Classe E,Occasion,Sara Bennis,,587171.0,,,,,4.0,14.0,1.0
MB101056,2024-04-01,Rabat,Mercedes-Benz Rabat Aviation,Vente,Classe E,Neuf,Nadia Chraibi,,700280.0,,,,,4.0,5.0,34.0
MB101740,2024-10-16,Marrakech,Mercedes-Benz Marrakech Menara,Entretien,Classe C,,,Anas Séfrioui,,Suspension,1.1,5722.0,"Amortisseurs, biellettes",,,
MB102077,2024-05-22,Rabat,Mercedes-Benz Rabat Aviation,Entretien,Classe C,,,Zineb Amrani,,Système électrique,2.8,4256.0,"Batterie, faisceau électrique",4.0,,
MB102343,2024-06-29,Marrakech,Mercedes-Benz Marrakech Menara,Entretien,Classe A,,,Zineb Amrani,,Vidange & entretien courant,1.8,874.0,"Huile moteur, filtres",2.0,,
MB100114,2024-04-14,Fès,Mercedes-Benz Fès Saïss,Vente,Classe C,Neuf,Salma Tazi,,618810.0,,,,,3.0,3.0,26.0
MB100246,2024-10-12,Agadir,Mercedes-Benz Agadir Founty,Vente,GLE,Neuf,Omar Fassi,,941061.0,,,,,5.0,10.0,37.0
MB101440,2024-12-09,Marrakech,Mercedes-Benz Marrakech Menara,Entretien,Classe C,,,Zineb Amrani,,Vidange & entretien courant,0.5,150.0,"Huile moteur, filtres",2.0,,
MB101023,2024-08-28,Marrakech,Mercedes-Benz Marrakech Menara,Vente,Classe S,Neuf,Sara Bennis,,1520421.0,,,,,5.0,10.0,18.0
MB100981,2024-03-20,Tanger,Mercedes-Benz Tanger Free Zone,Vente,Classe C,Occasion,Youssef El Amrani,,423601.0,,,,,4.0,4.0,53.0
MB100412,2024-01-08,Fès,Mercedes-Benz Fès Saïss,Vente,GLA,Occasion,Karim Idrissi,,324707.0,,,,,,7.0,35.0
MB102262,2024-12-03,Agadir,Mercedes-Benz Agadir Founty,Entretien,Vito,,,Mehdi Lahlou,,Diagnostic électronique,0.8,150.0,Module de contrôle (ECU),5.0,,
MB101063,2024-08-24,Marrakech,Mercedes-Benz Marrakech Menara,Vente,Classe C,Neuf,Youssef El Amrani,,578936.0,,,,,3.0,13.0,52.0
MB100117,2024-08-05,Agadir,Mercedes-Benz Agadir Founty,Vente,Classe C,Occasion,Omar Fassi,,346552.0,,,,,5.0,6.0,33.0
MB102986,2024-05-17,Rabat,Mercedes-Benz Rabat Aviation,Entretien,GLA,,,Yassine Rguibi,,Pneumatiques,0.5,3209.0,"Pneus, valves",3.0,,
MB102779,2024-01-11,Tanger,Mercedes-Benz Tanger Free Zone,Entretien,Classe C,,,Zineb Amrani,,Climatisation,3.1,3228.0,"Compresseur, gaz réfrigérant",3.0,,
MB100248,2024-07-12,Tanger,Mercedes-Benz Tanger Free Zone,Vente,Vito,Neuf,Rachid Alaoui,,453871.0,,,,,4.0,5.0,46.0
MB100666,2024-08-15,Marrakech,Mercedes-Benz Marrakech Menara,Vente,GLC,Neuf,Salma Tazi,,680255.0,,,,,4.0,10.0,66.0
MB103060,2024-05-13,Casablanca,Mercedes-Benz Casablanca Anfa,Entretien,Vito,,,Yassine Rguibi,,Diagnostic électronique,2.3,150.0,Module de contrôle (ECU),3.0,,
MB100093,2024-07-10,Rabat,Mercedes-Benz Rabat Aviation,Vente,GLA,Occasion,Youssef El Amrani,,344117.0,,,,,4.0,13.0,34.0
MB100115,2024-04-14,Fès,Mercedes-Benz Fès Saïss,Vente,Classe S,Neuf,Youssef El Amrani,,1516078.0,,,,,5.0,8.0,17.0
MB101377,2024-04-17,Fès,Mercedes-Benz Fès Saïss,Vente,Vito,Neuf,Sara Bennis,,354036.0,,,,,5.0,8.0,34.0
MB102303,2024-12-08,Casablanca,Mercedes-Benz Casablanca Anfa,Entretien,Classe S,,,Yassine Rguibi,,Système électrique,2.2,3210.0,"Batterie, faisceau électrique",3.0,,
MB102478,2024-06-14,Rabat,Mercedes-Benz Rabat Aviation,Entretien,Sprinter,,,Zineb Amrani,,Injection / moteur,4.0,7168.0,"Injecteurs, capteurs moteur",3.0,,
MB100119,2024-07-10,Rabat,Mercedes-Benz Rabat Aviation,Vente,Classe A,Occasion,Sara Bennis,,259337.0,,,,,5.0,12.0,40.0
MB101982,2024-12-23,Casablanca,Mercedes-Benz Casablanca Anfa,Entretien,Classe C,,,Adil Bouazza,,Freins,1.9,1803.0,"Plaquettes, disques de frein",4.0,,
MB102181,2024-06-30,Casablanca,Mercedes-Benz Casablanca Anfa,Entretien,Classe E,,,Fatima Zahra Kettani,,Système électrique,5.9,3358.0,"Batterie, faisceau électrique",3.0,,
MB100163,2024-03-14,Marrakech,Mercedes-Benz Marrakech Menara,Vente,Classe A,Neuf,Imane Berrada,,419616.0,,,,,4.0,6.0,27.0
MB100264,2024-10-14,Marrakech,Mercedes-Benz Marrakech Menara,Vente,Vito,Neuf,Omar Fassi,,405747.0,,,,,5.0,5.0,32.0
MB102716,2024-06-21,Fès,Mercedes-Benz Fès Saïss,Entretien,GLC,,,Adil Bouazza,,Suspension,4.3,2793.0,"Amortisseurs, biellettes",4.0,,
MB101314,2024-06-05,Marrakech,Mercedes-Benz Marrakech Menara,Vente,Classe E,Neuf,Rachid Alaoui,,691034.0,,,,,4.0,17.0,42.0
MB100247,2024-01-08,Rabat,Mercedes-Benz Rabat Aviation,Vente,GLA,Neuf,Imane Berrada,,473178.0,,,,,5.0,4.0,57.0
MB102510,2024-03-03,Marrakech,Mercedes-Benz Marrakech Menara,Entretien,Classe S,,,Zineb Amrani,,Climatisation,0.6,3299.0,"Compresseur, gaz réfrigérant",3.0,,
MB100776,2024-12-28,Casablanca,Mercedes-Benz Casablanca Anfa,Vente,Classe C,Occasion,Hicham Kabbaj,,413035.0,,,,,5.0,7.0,69.0
MB100553,2024-02-21,Marrakech,Mercedes-Benz Marrakech Menara,Vente,Classe C,Neuf,Salma Tazi,,561138.0,,,,,5.0,14.0,1.0
MB101114,2024-12-09,Marrakech,Mercedes-Benz Marrakech Menara,Vente,GLE,Neuf,Nadia Chraibi,,951845.0,,,,,4.0,10.0,36.0
MB102556,2024-02-03,Fès,Mercedes-Benz Fès Saïss,Entretien,Classe C,,,Yassine Rguibi,,Freins,2.2,3291.0,"Plaquettes, disques de frein",5.0,,
MB100581,2024-02-03,Marrakech,Mercedes-Benz Marrakech Menara,Vente,Classe E,Occasion,Sara Bennis,,478993.0,,,,,3.0,8.0,22.0
MB100845,2024-11-04,Agadir,Mercedes-Benz Agadir Founty,Vente,GLE,Neuf,Karim Idrissi,,903127.0,,,,,4.0,2.0,81.0
MB101461,2024-11-12,Rabat,Mercedes-Benz Rabat Aviation,Entretien,GLE,,,Yassine Rguibi,,Diagnostic électronique,0.5,150.0,Module de contrôle (ECU),4.0,,
MB102558,2024-12-18,Tanger,Mercedes-Benz Tanger Free Zone,Entretien,Vito,,,Anas Séfrioui,,Injection / moteur,6.7,5376.0,"Injecteurs, capteurs moteur",4.0,,
MB100652,2024-11-22,Marrakech,Mercedes-Benz Marrakech Menara,Vente,Classe C,Neuf,Youssef El Amrani,,573989.0,,,,,4.0,5.0,24.0
MB101171,2024-01-12,Tanger,Mercedes-Benz Tanger Free Zone,Vente,GLE,Occasion,Karim Idrissi,,648927.0,,,,,3.0,7.0,5.0
MB103040,2024-10-08,Rabat,Mercedes-Benz Rabat Aviation,Entretien,Classe A,,,Yassine Rguibi,,Suspension,1.2,2526.0,"Amortisseurs, biellettes",5.0,,
MB103034,2024-07-09,Rabat,Mercedes-Benz Rabat Aviation,Entretien,Sprinter,,,Fatima Zahra Kettani,,Système électrique,4.1,3389.0,"Batterie, faisceau électrique",4.0,,
MB101369,2024-04-24,Casablanca,Mercedes-Benz Casablanca Anfa,Vente,Classe C,Neuf,Nadia Chraibi,,542149.0,,,,,5.0,9.0,26.0
MB100898,2024-10-22,Tanger,Mercedes-Benz Tanger Free Zone,Vente,GLA,Neuf,Youssef El Amrani,,436158.0,,,,,,1.0,30.0
MB103018,2024-08-20,Marrakech,Mercedes-Benz Marrakech Menara,Entretien,GLC,,,Mehdi Lahlou,,Boîte de vitesses,6.7,9573.0,"Kit embrayage, huile de boîte",4.0,,
MB100677,2024-05-27,Casablanca,Mercedes-Benz Casablanca Anfa,Vente,Sprinter,Occasion,Imane Berrada,,394530.0,,,,,4.0,6.0,49.0
MB100015,2024-11-25,Fès,Mercedes-Benz Fès Saïss,Vente,GLA,Occasion,Nadia Chraibi,,327990.0,,,,,4.0,11.0,45.0
MB100968,2024-09-12,Fès,Mercedes-Benz Fès Saïss,Vente,GLC,Occasion,Sara Bennis,,433622.0,,,,,4.0,12.0,63.0
MB101107,2024-04-06,Marrakech,Mercedes-Benz Marrakech Menara,Vente,Classe C,Neuf,Youssef El Amrani,,570900.0,,,,,4.0,11.0,14.0
MB100241,2024-10-30,Agadir,Mercedes-Benz Agadir Founty,Vente,Classe C,Occasion,Karim Idrissi,,435052.0,,,,,5.0,2.0,43.0
MB101255,2024-03-29,Agadir,Mercedes-Benz Agadir Founty,Vente,Classe C,Neuf,Karim Idrissi,,492460.0,,,,,5.0,15.0,23.0
MB102322,2024-03-10,Agadir,Mercedes-Benz Agadir Founty,Entretien,Classe C,,,Zineb Amrani,,Injection / moteur,4.7,6388.0,"Injecteurs, capteurs moteur",3.0,,
MB101937,2024-10-14,Casablanca,Mercedes-Benz Casablanca Anfa,Entretien,GLC,,,Anas Séfrioui,,Carrosserie / peinture,7.6,7427.0,"Pare-chocs, peinture",5.0,,
MB100685,2024-03-19,Fès,Mercedes-Benz Fès Saïss,Vente,GLA,Neuf,Nadia Chraibi,,504828.0,,,,,5.0,14.0,10.0
MB100169,2024-08-11,Marrakech,Mercedes-Benz Marrakech Menara,Vente,Classe C,Neuf,Imane Berrada,,553169.0,,,,,5.0,11.0,39.0
MB101640,2024-11-23,Rabat,Mercedes-Benz Rabat Aviation,Entretien,GLA,,,Adil Bouazza,,Vidange & entretien courant,1.2,1058.0,"Huile moteur, filtres",5.0,,
MB101134,2024-12-15,Agadir,Mercedes-Benz Agadir Founty,Vente,GLA,Neuf,Omar Fassi,,488049.0,,,,,5.0,6.0,36.0
MB102420,2024-10-14,Fès,Mercedes-Benz Fès Saïss,Entretien,GLC,,,Zineb Amrani,,Boîte de vitesses,6.0,7601.0,"Kit embrayage, huile de boîte",3.0,,
MB101879,2024-09-29,Agadir,Mercedes-Benz Agadir Founty,Entretien,Sprinter,,,Zineb Amrani,,Vidange & entretien courant,0.5,696.0,"Huile moteur, filtres",4.0,,
MB101716,2024-01-03,Fès,Mercedes-Benz Fès Saïss,Entretien,Classe C,,,Adil Bouazza,,Boîte de vitesses,6.8,11438.0,"Kit embrayage, huile de boîte",2.0,,
MB100272,2024-12-27,Tanger,Mercedes-Benz Tanger Free Zone,Vente,GLC,Neuf,Nadia Chraibi,,693969.0,,,,,4.0,7.0,7.0
MB101474,2024-10-19,Rabat,Mercedes-Benz Rabat Aviation,Entretien,Classe C,,,Fatima Zahra Kettani,,Injection / moteur,6.2,6582.0,"Injecteurs, capteurs moteur",4.0,,
MB101254,2024-06-04,Tanger,Mercedes-Benz Tanger Free Zone,Vente,Classe C,Neuf,Imane Berrada,,488217.0,,,,,5.0,10.0,54.0
MB101548,2024-11-05,Tanger,Mercedes-Benz Tanger Free Zone,Entretien,Classe E,,,Mehdi Lahlou,,Suspension,3.3,3321.0,"Amortisseurs, biellettes",2.0,,
MB100215,2024-09-21,Rabat,Mercedes-Benz Rabat Aviation,Vente,Classe E,Neuf,Nadia Chraibi,,749466.0,,,,,4.0,10.0,60.0
MB102684,2024-03-31,Casablanca,Mercedes-Benz Casablanca Anfa,Entretien,GLC,,,Adil Bouazza,,Vidange & entretien courant,1.9,1765.0,"Huile moteur, filtres",4.0,,
MB100345,2024-12-29,Fès,Mercedes-Benz Fès Saïss,Vente,Classe S,Neuf,Hicham Kabbaj,,1322456.0,,,,,4.0,13.0,25.0
MB100839,2024-04-03,Agadir,Mercedes-Benz Agadir Founty,Vente,Classe C,Occasion,Karim Idrissi,,361772.0,,,,,3.0,10.0,43.0
MB101616,2024-02-04,Agadir,Mercedes-Benz Agadir Founty,Entretien,Classe A,,,Adil Bouazza,,Injection / moteur,4.7,6589.0,"Injecteurs, capteurs moteur",5.0,,
MB102196,2024-10-31,Fès,Mercedes-Benz Fès Saïss,Entretien,Classe E,,,Yassine Rguibi,,Vidange & entretien courant,2.2,709.0,"Huile moteur, filtres",5.0,,
MB101836,2024-07-14,Agadir,Mercedes-Benz Agadir Founty,Entretien,Classe A,,,Mehdi Lahlou,,Pneumatiques,3.2,3769.0,"Pneus, valves",4.0,,
MB100796,2024-05-01,Casablanca,Mercedes-Benz Casablanca Anfa,Vente,GLA,Occasion,Imane Berrada,,317407.0,,,,,4.0,7.0,30.0
MB100413,2024-02-20,Rabat,Mercedes-Benz Rabat Aviation,Vente,Classe A,Occasion,Youssef El Amrani,,262439.0,,,,,5.0,8.0,7.0
MB101713,2024-07-19,Casablanca,Mercedes-Benz Casablanca Anfa,Entretien,Classe A,,,Fatima Zahra Kettani,,Vidange & entretien courant,2.0,150.0,"Huile moteur, filtres",4.0,,
MB100343,2024-02-01,Fès,Mercedes-Benz Fès Saïss,Vente,GLA,Neuf,Leila Ouazzani,,480954.0,,,,,4.0,13.0,45.0
MB100948,2024-11-19,Tanger,Mercedes-Benz Tanger Free Zone,Vente,Classe C,Neuf,Omar Fassi,,593110.0,,,,,5.0,8.0,28.0
MB102222,2024-09-28,Fès,Mercedes-Benz Fès Saïss,Entretien,Classe A,,,Fatima Zahra Kettani,,Injection / moteur,3.6,5647.0,"Injecteurs, capteurs moteur",4.0,,
MB101758,2024-10-10,Fès,Mercedes-Benz Fès Saïss,Entretien,Classe A,,,Mehdi Lahlou,,Boîte de vitesses,6.6,10736.0,"Kit embrayage, huile de boîte",5.0,,
MB100378,2024-10-07,Agadir,Mercedes-Benz Agadir Founty,Vente,Classe S,Neuf,Sara Bennis,,1370746.0,,,,,5.0,6.0,14.0
MB101492,2024-05-28,Casablanca,Mercedes-Benz Casablanca Anfa,Entretien,Classe S,,,Mehdi Lahlou,,Carrosserie / peinture,8.0,5728.0,"Pare-chocs, peinture",5.0,,
MB100739,2024-11-18,Rabat,Mercedes-Benz Rabat Aviation,Vente,Classe E,Neuf,Karim Idrissi,,695816.0,,,,,4.0,10.0,1.0
MB102627,2024-03-25,Agadir,Mercedes-Benz Agadir Founty,Entretien,Classe E,,,Adil Bouazza,,Climatisation,2.1,2594.0,"Compresseur, gaz réfrigérant",4.0,,
MB100053,2024-01-30,Fès,Mercedes-Benz Fès Saïss,Vente,GLC,Neuf,Rachid Alaoui,,586823.0,,,,,4.0,7.0,9.0
MB100019,2024-11-24,Rabat,Mercedes-Benz Rabat Aviation,Vente,Vito,Neuf,Omar Fassi,,407328.0,,,,,4.0,13.0,24.0
MB101310,2024-04-29,Marrakech,Mercedes-Benz Marrakech Menara,Vente,Classe E,Neuf,Imane Berrada,,837030.0,,,,,4.0,13.0,29.0
MB102270,2024-08-06,Rabat,Mercedes-Benz Rabat Aviation,Entretien,GLA,,,Yassine Rguibi,,Injection / moteur,4.3,5548.0,"Injecteurs, capteurs moteur",5.0,,
MB102451,2024-03-15,Fès,Mercedes-Benz Fès Saïss,Entretien,Classe A,,,Anas Séfrioui,,Climatisation,2.8,574.0,"Compresseur, gaz réfrigérant",4.0,,
MB100999,2024-08-17,Casablanca,Mercedes-Benz Casablanca Anfa,Vente,Classe E,Occasion,Youssef El Amrani,,578648.0,,,,,4.0,8.0,21.0
MB101390,2024-01-07,Rabat,Mercedes-Benz Rabat Aviation,Vente,Classe A,Neuf,Hicham Kabbaj,,414918.0,,,,,3.0,8.0,16.0
MB100096,2024-02-09,Fès,Mercedes-Benz Fès Saïss,Vente,GLA,Occasion,Sara Bennis,,342661.0,,,,,5.0,11.0,48.0
MB101500,2024-04-15,Fès,Mercedes-Benz Fès Saïss,Entretien,Classe S,,,Mehdi Lahlou,,Injection / moteur,3.6,6675.0,"Injecteurs, capteurs moteur",4.0,,
MB102310,2024-04-07,Marrakech,Mercedes-Benz Marrakech Menara,Entretien,GLE,,,Adil Bouazza,,Diagnostic électronique,1.7,780.0,Module de contrôle (ECU),2.0,,
MB102641,2024-03-02,Agadir,Mercedes-Benz Agadir Founty,Entretien,Classe A,,,Fatima Zahra Kettani,,Suspension,3.7,4633.0,"Amortisseurs, biellettes",3.0,,
MB100180,2024-02-08,Marrakech,Mercedes-Benz Marrakech Menara,Vente,GLA,Occasion,Youssef El Amrani,,327931.0,,,,,5.0,9.0,30.0
MB101599,2024-07-17,Casablanca,Mercedes-Benz Casablanca Anfa,Entretien,Sprinter,,,Adil Bouazza,,Carrosserie / peinture,8.9,7421.0,"Pare-chocs, peinture",3.0,,
MB100717,2024-09-16,Tanger,Mercedes-Benz Tanger Free Zone,Vente,GLC,Occasion,Salma Tazi,,480405.0,,,,,5.0,14.0,30.0
MB100185,2024-12-08,Rabat,Mercedes-Benz Rabat Aviation,Vente,Classe A,Occasion,Nadia Chraibi,,266343.0,,,,,3.0,10.0,41.0
MB100468,2024-02-03,Agadir,Mercedes-Benz Agadir Founty,Vente,Classe C,Neuf,Leila Ouazzani,,618311.0,,,,,5.0,7.0,7.0
MB100904,2024-08-25,Tanger,Mercedes-Benz Tanger Free Zone,Vente,Vito,Occasion,Karim Idrissi,,329201.0,,,,,4.0,9.0,31.0
MB102791,2024-04-07,Marrakech,Mercedes-Benz Marrakech Menara,Entretien,GLA,,,Zineb Amrani,,Boîte de vitesses,7.4,10811.0,"Kit embrayage, huile de boîte",3.0,,
MB100072,2024-12-02,Fès,Mercedes-Benz Fès Saïss,Vente,Classe C,Occasion,Imane Berrada,,394798.0,,,,,4.0,6.0,39.0
MB102772,2024-08-27,Agadir,Mercedes-Benz Agadir Founty,Entretien,Sprinter,,,Yassine Rguibi,,Climatisation,2.7,2943.0,"Compresseur, gaz réfrigérant",,,
MB101899,2024-01-18,Tanger,Mercedes-Benz Tanger Free Zone,Entretien,Classe C,,,Anas Séfrioui,,Suspension,2.9,4987.0,"Amortisseurs, biellettes",4.0,,
MB102640,2024-12-13,Marrakech,Mercedes-Benz Marrakech Menara,Entretien,Classe E,,,Adil Bouazza,,Pneumatiques,0.5,3945.0,"Pneus, valves",3.0,,
MB102395,2024-07-02,Tanger,Mercedes-Benz Tanger Free Zone,Entretien,Sprinter,,,Zineb Amrani,,Système électrique,3.2,2819.0,"Batterie, faisceau électrique",4.0,,
MB102598,2024-06-23,Rabat,Mercedes-Benz Rabat Aviation,Entretien,Classe S,,,Adil Bouazza,,Diagnostic électronique,1.3,150.0,Module de contrôle (ECU),5.0,,
MB101208,2024-05-24,Rabat,Mercedes-Benz Rabat Aviation,Vente,Sprinter,Neuf,Hicham Kabbaj,,451625.0,,,,,4.0,4.0,20.0
MB102078,2024-03-28,Rabat,Mercedes-Benz Rabat Aviation,Entretien,Classe A,,,Anas Séfrioui,,Injection / moteur,3.6,7760.0,"Injecteurs, capteurs moteur",3.0,,
MB102961,2024-11-23,Casablanca,Mercedes-Benz Casablanca Anfa,Entretien,Vito,,,Fatima Zahra Kettani,,Carrosserie / peinture,7.6,8295.0,"Pare-chocs, peinture",5.0,,
MB101064,2024-07-23,Rabat,Mercedes-Benz Rabat Aviation,Vente,GLC,Neuf,Salma Tazi,,615442.0,,,,,5.0,10.0,30.0
MB101529,2024-02-29,Rabat,Mercedes-Benz Rabat Aviation,Entretien,GLE,,,Adil Bouazza,,Climatisation,2.5,2562.0,"Compresseur, gaz réfrigérant",4.0,,
MB102206,2024-10-23,Tanger,Mercedes-Benz Tanger Free Zone,Entretien,Sprinter,,,Yassine Rguibi,,Pneumatiques,1.1,2888.0,"Pneus, valves",4.0,,
MB100659,2024-06-22,Rabat,Mercedes-Benz Rabat Aviation,Vente,Classe C,Occasion,Youssef El Amrani,,413676.0,,,,,4.0,9.0,33.0
MB102912,2024-09-28,Marrakech,Mercedes-Benz Marrakech Menara,Entretien,Classe E,,,Mehdi Lahlou,,Climatisation,2.8,4970.0,"Compresseur, gaz réfrigérant",5.0,,
MB101839,2024-10-31,Marrakech,Mercedes-Benz Marrakech Menara,Entretien,Sprinter,,,Adil Bouazza,,Injection / moteur,4.9,7805.0,"Injecteurs, capteurs moteur",4.0,,
MB102443,2024-08-23,Fès,Mercedes-Benz Fès Saïss,Entretien,GLE,,,Fatima Zahra Kettani,,Freins,0.8,3605.0,"Plaquettes, disques de frein",3.0,,
MB101077,2024-08-10,Casablanca,Mercedes-Benz Casablanca Anfa,Vente,GLA,Neuf,Sara Bennis,,514903.0,,,,,5.0,3.0,51.0
MB100455,2024-07-25,Casablanca,Mercedes-Benz Casablanca Anfa,Vente,GLA,Occasion,Rachid Alaoui,,360513.0,,,,,5.0,9.0,10.0
MB101384,2024-10-26,Fès,Mercedes-Benz Fès Saïss,Vente,Classe A,Neuf,Karim Idrissi,,365832.0,,,,,3.0,9.0,18.0
MB102383,2024-07-05,Casablanca,Mercedes-Benz Casablanca Anfa,Entretien,Classe S,,,Zineb Amrani,,Boîte de vitesses,7.5,9512.0,"Kit embrayage, huile de boîte",4.0,,
MB100403,2024-08-06,Casablanca,Mercedes-Benz Casablanca Anfa,Vente,Classe S,Neuf,Nadia Chraibi,,1411740.0,,,,,5.0,11.0,54.0
MB100990,2024-01-21,Agadir,Mercedes-Benz Agadir Founty,Vente,Classe C,Occasion,Hicham Kabbaj,,402336.0,,,,,4.0,9.0,71.0
MB101446,2024-06-15,Casablanca,Mercedes-Benz Casablanca Anfa,Entretien,Sprinter,,,Mehdi Lahlou,,Vidange & entretien courant,0.5,618.0,"Huile moteur, filtres",4.0,,
MB101473,2024-04-21,Marrakech,Mercedes-Benz Marrakech Menara,Entretien,Classe E,,,Mehdi Lahlou,,Pneumatiques,0.6,3906.0,"Pneus, valves",4.0,,
MB100678,2024-07-06,Agadir,Mercedes-Benz Agadir Founty,Vente,GLE,Neuf,Nadia Chraibi,,847098.0,,,,,3.0,9.0,55.0
MB101617,2024-09-17,Casablanca,Mercedes-Benz Casablanca Anfa,Entretien,GLC,,,Yassine Rguibi,,Injection / moteur,6.1,6711.0,"Injecteurs, capteurs moteur",5.0,,
MB101252,2024-05-15,Tanger,Mercedes-Benz Tanger Free Zone,Vente,Classe A,Occasion,Sara Bennis,,242969.0,,,,,5.0,4.0,22.0
MB101984,2024-08-02,Tanger,Mercedes-Benz Tanger Free Zone,Entretien,Classe E,,,Yassine Rguibi,,Système électrique,3.6,2468.0,"Batterie, faisceau électrique",4.0,,
MB100823,2024-03-04,Rabat,Mercedes-Benz Rabat Aviation,Vente,GLC,Neuf,Sara Bennis,,657817.0,,,,,4.0,10.0,53.0
MB100964,2024-07-14,Casablanca,Mercedes-Benz Casablanca Anfa,Vente,GLC,Occasion,Nadia Chraibi,,444710.0,,,,,5.0,13.0,67.0
MB100836,2024-08-16,Tanger,Mercedes-Benz Tanger Free Zone,Vente,GLE,Neuf,Salma Tazi,,908235.0,,,,,4.0,6.0,44.0
MB101034,2024-11-18,Marrakech,Mercedes-Benz Marrakech Menara,Vente,Classe E,Occasion,Rachid Alaoui,,548583.0,,,,,4.0,8.0,29.0
MB100175,2024-02-29,Casablanca,Mercedes-Benz Casablanca Anfa,Vente,Classe A,Occasion,Rachid Alaoui,,274938.0,,,,,4.0,3.0,11.0
MB100940,2024-12-11,Rabat,Mercedes-Benz Rabat Aviation,Vente,Classe S,Neuf,Sara Bennis,,1472017.0,,,,,4.0,0.0,36.0
MB100692,2024-05-16,Casablanca,Mercedes-Benz Casablanca Anfa,Vente,GLE,Occasion,Nadia Chraibi,,662720.0,,,,,4.0,9.0,13.0
MB102588,2024-09-20,Tanger,Mercedes-Benz Tanger Free Zone,Entretien,Vito,,,Anas Séfrioui,,Système électrique,3.0,3333.0,"Batterie, faisceau électrique",4.0,,
MB100335,2024-12-29,Agadir,Mercedes-Benz Agadir Founty,Vente,Classe C,Neuf,Leila Ouazzani,,573881.0,,,,,4.0,8.0,5.0
MB100874,2024-04-06,Rabat,Mercedes-Benz Rabat Aviation,Vente,Classe S,Occasion,Nadia Chraibi,,1139466.0,,,,,4.0,2.0,30.0
MB102921,2024-12-28,Tanger,Mercedes-Benz Tanger Free Zone,Entretien,Vito,,,Zineb Amrani,,Climatisation,1.8,2454.0,"Compresseur, gaz réfrigérant",3.0,,
MB102056,2024-05-16,Fès,Mercedes-Benz Fès Saïss,Entretien,GLC,,,Fatima Zahra Kettani,,Diagnostic électronique,2.7,2185.0,Module de contrôle (ECU),3.0,,
MB102566,2024-11-23,Casablanca,Mercedes-Benz Casablanca Anfa,Entretien,Vito,,,Fatima Zahra Kettani,,Boîte de vitesses,6.0,9869.0,"Kit embrayage, huile de boîte",5.0,,
MB100198,2024-09-28,Casablanca,Mercedes-Benz Casablanca Anfa,Vente,Classe C,Neuf,Salma Tazi,,614362.0,,,,,4.0,9.0,30.0
MB100297,2024-11-24,Fès,Mercedes-Benz Fès Saïss,Vente,GLA,Occasion,Karim Idrissi,,337119.0,,,,,3.0,11.0,19.0
MB102660,2024-05-11,Fès,Mercedes-Benz Fès Saïss,Entretien,Vito,,,Adil Bouazza,,Vidange & entretien courant,1.0,316.0,"Huile moteur, filtres",4.0,,
MB102926,2024-10-13,Fès,Mercedes-Benz Fès Saïss,Entretien,Classe C,,,Anas Séfrioui,,Suspension,3.9,3669.0,"Amortisseurs, biellettes",3.0,,
MB101531,2024-12-26,Marrakech,Mercedes-Benz Marrakech Menara,Entretien,Classe C,,,Yassine Rguibi,,Diagnostic électronique,1.8,1128.0,Module de contrôle (ECU),2.0,,
MB101746,2024-02-21,Rabat,Mercedes-Benz Rabat Aviation,Entretien,Vito,,,Zineb Amrani,,Boîte de vitesses,6.7,9422.0,"Kit embrayage, huile de boîte",,,
MB100123,2024-05-11,Agadir,Mercedes-Benz Agadir Founty,Vente,Classe E,Neuf,Hicham Kabbaj,,751031.0,,,,,5.0,3.0,56.0
MB100379,2024-03-29,Fès,Mercedes-Benz Fès Saïss,Vente,GLA,Occasion,Salma Tazi,,370560.0,,,,,5.0,16.0,10.0
MB102668,2024-04-08,Rabat,Mercedes-Benz Rabat Aviation,Entretien,GLC,,,Anas Séfrioui,,Carrosserie / peinture,7.9,8585.0,"Pare-chocs, peinture",3.0,,
MB102211,2024-03-05,Rabat,Mercedes-Benz Rabat Aviation,Entretien,Classe S,,,Adil Bouazza,,Diagnostic électronique,2.3,1848.0,Module de contrôle (ECU),4.0,,
MB102173,2024-07-07,Casablanca,Mercedes-Benz Casablanca Anfa,Entretien,Classe S,,,Yassine Rguibi,,Climatisation,2.8,3192.0,"Compresseur, gaz réfrigérant",4.0,,
MB102600,2024-04-17,Agadir,Mercedes-Benz Agadir Founty,Entretien,GLC,,,Mehdi Lahlou,,Carrosserie / peinture,10.3,6061.0,"Pare-chocs, peinture",5.0,,
MB102053,2024-06-24,Marrakech,Mercedes-Benz Marrakech Menara,Entretien,GLC,,,Fatima Zahra Kettani,,Vidange & entretien courant,0.9,1210.0,"Huile moteur, filtres",,,
MB100916,2024-07-24,Fès,Mercedes-Benz Fès Saïss,Vente,Classe E,Neuf,Imane Berrada,,762816.0,,,,,5.0,3.0,30.0
MB101872,2024-09-03,Rabat,Mercedes-Benz Rabat Aviation,Entretien,GLC,,,Anas Séfrioui,,Diagnostic électronique,2.8,150.0,Module de contrôle (ECU),3.0,,
MB102832,2024-10-28,Tanger,Mercedes-Benz Tanger Free Zone,Entretien,Classe A,,,Fatima Zahra Kettani,,Boîte de vitesses,6.1,9863.0,"Kit embrayage, huile de boîte",5.0,,
MB100612,2024-10-18,Agadir,Mercedes-Benz Agadir Founty,Vente,Sprinter,Neuf,Karim Idrissi,,577273.0,,,,,4.0,1.0,26.0
MB101772,2024-04-30,Tanger,Mercedes-Benz Tanger Free Zone,Entretien,GLA,,,Fatima Zahra Kettani,,Système électrique,3.4,1665.0,"Batterie, faisceau électrique",5.0,,
MB102336,2024-05-05,Agadir,Mercedes-Benz Agadir Founty,Entretien,GLC,,,Anas Séfrioui,,Système électrique,4.8,4763.0,"Batterie, faisceau électrique",4.0,,
MB100957,2024-06-14,Marrakech,Mercedes-Benz Marrakech Menara,Vente,Classe C,Occasion,Karim Idrissi,,419905.0,,,,,4.0,12.0,50.0
MB101633,2024-04-18,Rabat,Mercedes-Benz Rabat Aviation,Entretien,Classe A,,,Yassine Rguibi,,Climatisation,1.4,3258.0,"Compresseur, gaz réfrigérant",5.0,,
MB101888,2024-02-22,Marrakech,Mercedes-Benz Marrakech Menara,Entretien,Vito,,,Zineb Amrani,,Boîte de vitesses,6.8,9647.0,"Kit embrayage, huile de boîte",5.0,,
MB103093,2024-12-12,Rabat,Mercedes-Benz Rabat Aviation,Entretien,Sprinter,,,Yassine Rguibi,,Injection / moteur,4.6,6470.0,"Injecteurs, capteurs moteur",2.0,,
MB102749,2024-06-26,Rabat,Mercedes-Benz Rabat Aviation,Entretien,Classe S,,,Zineb Amrani,,Freins,2.8,3315.0,"Plaquettes, disques de frein",4.0,,
MB100909,2024-01-05,Fès,Mercedes-Benz Fès Saïss,Vente,Classe E,Occasion,Sara Bennis,,580322.0,,,,,4.0,10.0,3.0
MB100507,2024-06-05,Marrakech,Mercedes-Benz Marrakech Menara,Vente,GLA,Neuf,Hicham Kabbaj,,452782.0,,,,,4.0,0.0,41.0
MB100357,2024-02-04,Tanger,Mercedes-Benz Tanger Free Zone,Vente,Classe C,Neuf,Karim Idrissi,,561690.0,,,,,5.0,10.0,56.0
MB101424,2024-07-25,Casablanca,Mercedes-Benz Casablanca Anfa,Entretien,Classe S,,,Fatima Zahra Kettani,,Vidange & entretien courant,0.9,315.0,"Huile moteur, filtres",5.0,,
MB102968,2024-01-12,Fès,Mercedes-Benz Fès Saïss,Entretien,GLA,,,Mehdi Lahlou,,Injection / moteur,5.3,7626.0,"Injecteurs, capteurs moteur",4.0,,
MB102401,2024-01-05,Casablanca,Mercedes-Benz Casablanca Anfa,Entretien,GLA,,,Anas Séfrioui,,Freins,1.7,2021.0,"Plaquettes, disques de frein",4.0,,
MB101155,2024-05-18,Marrakech,Mercedes-Benz Marrakech Menara,Vente,Classe E,Neuf,Karim Idrissi,,721741.0,,,,,5.0,11.0,21.0
MB101723,2024-12-01,Tanger,Mercedes-Benz Tanger Free Zone,Entretien,Classe S,,,Mehdi Lahlou,,Suspension,3.6,5233.0,"Amortisseurs, biellettes",4.0,,
MB102899,2024-07-31,Casablanca,Mercedes-Benz Casablanca Anfa,Entretien,Vito,,,Yassine Rguibi,,Boîte de vitesses,7.4,9026.0,"Kit embrayage, huile de boîte",4.0,,
MB100668,2024-05-28,Agadir,Mercedes-Benz Agadir Founty,Vente,GLC,Neuf,Leila Ouazzani,,581407.0,,,,,4.0,7.0,25.0
MB100887,2024-09-03,Rabat,Mercedes-Benz Rabat Aviation,Vente,Classe C,Neuf,Leila Ouazzani,,597227.0,,,,,4.0,7.0,40.0
MB101285,2024-12-01,Casablanca,Mercedes-Benz Casablanca Anfa,Vente,GLC,Occasion,Imane Berrada,,438106.0,,,,,5.0,12.0,39.0
MB100334,2024-11-09,Rabat,Mercedes-Benz Rabat Aviation,Vente,Classe C,Neuf,Sara Bennis,,614604.0,,,,,3.0,13.0,43.0
MB100154,2024-05-28,Casablanca,Mercedes-Benz Casablanca Anfa,Vente,GLA,Occasion,Omar Fassi,,326743.0,,,,,3.0,8.0,56.0
MB101421,2024-01-11,Fès,Mercedes-Benz Fès Saïss,Entretien,Sprinter,,,Mehdi Lahlou,,Carrosserie / peinture,8.5,5870.0,"Pare-chocs, peinture",3.0,,
MB102550,2024-04-17,Rabat,Mercedes-Benz Rabat Aviation,Entretien,Classe C,,,Yassine Rguibi,,Boîte de vitesses,5.0,9956.0,"Kit embrayage, huile de boîte",4.0,,
MB101841,2024-07-12,Tanger,Mercedes-Benz Tanger Free Zone,Entretien,Sprinter,,,Adil Bouazza,,Diagnostic électronique,2.8,150.0,Module de contrôle (ECU),5.0,,
MB100722,2024-02-06,Casablanca,Mercedes-Benz Casablanca Anfa,Vente,Classe E,Neuf,Karim Idrissi,,785650.0,,,,,4.0,15.0,61.0
MB100374,2024-05-28,Casablanca,Mercedes-Benz Casablanca Anfa,Vente,Classe A,Neuf,Rachid Alaoui,,365683.0,,,,,4.0,9.0,14.0
MB102639,2024-04-01,Rabat,Mercedes-Benz Rabat Aviation,Entretien,Classe C,,,Yassine Rguibi,,Diagnostic électronique,1.6,649.0,Module de contrôle (ECU),5.0,,
MB100313,2024-11-25,Rabat,Mercedes-Benz Rabat Aviation,Vente,GLA,Occasion,Hicham Kabbaj,,349839.0,,,,,4.0,5.0,38.0
MB101850,2024-05-02,Rabat,Mercedes-Benz Rabat Aviation,Entretien,GLE,,,Yassine Rguibi,,Freins,3.0,3413.0,"Plaquettes, disques de frein",4.0,,
MB101623,2024-06-06,Rabat,Mercedes-Benz Rabat Aviation,Entretien,Classe C,,,Adil Bouazza,,Diagnostic électronique,0.5,810.0,Module de contrôle (ECU),5.0,,
MB100043,2024-02-16,Marrakech,Mercedes-Benz Marrakech Menara,Vente,Classe A,Occasion,Nadia Chraibi,,301943.0,,,,,4.0,12.0,19.0
MB100972,2024-09-29,Rabat,Mercedes-Benz Rabat Aviation,Vente,Classe A,Neuf,Leila Ouazzani,,396562.0,,,,,4.0,3.0,17.0
MB103071,2024-11-28,Agadir,Mercedes-Benz Agadir Founty,Entretien,GLA,,,Mehdi Lahlou,,Vidange & entretien courant,2.9,150.0,"Huile moteur, filtres",4.0,,
MB100523,2024-12-19,Casablanca,Mercedes-Benz Casablanca Anfa,Vente,Vito,Neuf,Rachid Alaoui,,445336.0,,,,,5.0,8.0,39.0
MB100418,2024-08-22,Fès,Mercedes-Benz Fès Saïss,Vente,Classe E,Neuf,Leila Ouazzani,,666816.0,,,,,5.0,12.0,35.0
MB100763,2024-09-30,Fès,Mercedes-Benz Fès Saïss,Vente,Classe A,Neuf,Salma Tazi,,395459.0,,,,,5.0,12.0,52.0
MB100658,2024-12-01,Casablanca,Mercedes-Benz Casablanca Anfa,Vente,Classe C,Neuf,Rachid Alaoui,,561699.0,,,,,5.0,11.0,58.0
MB100705,2024-03-09,Marrakech,Mercedes-Benz Marrakech Menara,Vente,Classe E,Neuf,Omar Fassi,,824752.0,,,,,5.0,10.0,50.0
MB100733,2024-10-10,Tanger,Mercedes-Benz Tanger Free Zone,Vente,Classe A,Neuf,Karim Idrissi,,332306.0,,,,,5.0,16.0,12.0
MB102499,2024-07-03,Rabat,Mercedes-Benz Rabat Aviation,Entretien,Classe A,,,Adil Bouazza,,Injection / moteur,4.1,7016.0,"Injecteurs, capteurs moteur",5.0,,
MB102819,2024-01-18,Rabat,Mercedes-Benz Rabat Aviation,Entretien,Vito,,,Zineb Amrani,,Vidange & entretien courant,3.6,978.0,"Huile moteur, filtres",4.0,,
MB100945,2024-02-25,Rabat,Mercedes-Benz Rabat Aviation,Vente,Classe S,Neuf,Karim Idrissi,,1462489.0,,,,,4.0,5.0,23.0
MB102217,2024-07-17,Rabat,Mercedes-Benz Rabat Aviation,Entretien,Vito,,,Zineb Amrani,,Climatisation,2.4,1314.0,"Compresseur, gaz réfrigérant",5.0,,
MB102895,2024-04-07,Rabat,Mercedes-Benz Rabat Aviation,Entretien,Classe C,,,Zineb Amrani,,Carrosserie / peinture,7.5,6339.0,"Pare-chocs, peinture",5.0,,
MB102409,2024-03-13,Agadir,Mercedes-Benz Agadir Founty,Entretien,Vito,,,Anas Séfrioui,,Système électrique,4.8,3724.0,"Batterie, faisceau électrique",3.0,,
MB101807,2024-05-20,Tanger,Mercedes-Benz Tanger Free Zone,Entretien,GLA,,,Adil Bouazza,,Suspension,2.8,2461.0,"Amortisseurs, biellettes",4.0,,
MB101019,2024-11-02,Agadir,Mercedes-Benz Agadir Founty,Vente,GLA,Neuf,Youssef El Amrani,,473646.0,,,,,3.0,8.0,44.0
MB101470,2024-05-08,Marrakech,Mercedes-Benz Marrakech Menara,Entretien,GLC,,,Anas Séfrioui,,Vidange & entretien courant,0.6,180.0,"Huile moteur, filtres",5.0,,
MB100908,2024-09-05,Casablanca,Mercedes-Benz Casablanca Anfa,Vente,Vito,Neuf,Youssef El Amrani,,367605.0,,,,,4.0,7.0,32.0
MB101694,2024-04-17,Tanger,Mercedes-Benz Tanger Free Zone,Entretien,Vito,,,Zineb Amrani,,Injection / moteur,2.7,8521.0,"Injecteurs, capteurs moteur",4.0,,
MB100273,2024-04-01,Casablanca,Mercedes-Benz Casablanca Anfa,Vente,Classe C,Occasion,Sara Bennis,,345928.0,,,,,4.0,9.0,12.0
MB101494,2024-02-16,Rabat,Mercedes-Benz Rabat Aviation,Entretien,Sprinter,,,Adil Bouazza,,Pneumatiques,1.2,3379.0,"Pneus, valves",3.0,,
MB100520,2024-01-09,Marrakech,Mercedes-Benz Marrakech Menara,Vente,GLC,Occasion,Salma Tazi,,409063.0,,,,,4.0,17.0,39.0
MB100815,2024-11-18,Rabat,Mercedes-Benz Rabat Aviation,Vente,Classe E,Neuf,Hicham Kabbaj,,737057.0,,,,,4.0,14.0,43.0
MB100819,2024-12-23,Tanger,Mercedes-Benz Tanger Free Zone,Vente,GLA,Neuf,Hicham Kabbaj,,490902.0,,,,,4.0,2.0,49.0
MB100735,2024-08-25,Casablanca,Mercedes-Benz Casablanca Anfa,Vente,GLA,Neuf,Hicham Kabbaj,,448766.0,,,,,4.0,13.0,25.0
MB101523,2024-04-18,Rabat,Mercedes-Benz Rabat Aviation,Entretien,Classe S,,,Adil Bouazza,,Suspension,2.1,3981.0,"Amortisseurs, biellettes",3.0,,
MB101639,2024-02-04,Tanger,Mercedes-Benz Tanger Free Zone,Entretien,Classe E,,,Adil Bouazza,,Suspension,2.6,2323.0,"Amortisseurs, biellettes",5.0,,
MB103006,2024-11-02,Fès,Mercedes-Benz Fès Saïss,Entretien,Vito,,,Yassine Rguibi,,Climatisation,2.6,2843.0,"Compresseur, gaz réfrigérant",4.0,,
MB101701,2024-10-31,Casablanca,Mercedes-Benz Casablanca Anfa,Entretien,Classe S,,,Fatima Zahra Kettani,,Carrosserie / peinture,7.1,7168.0,"Pare-chocs, peinture",4.0,,
MB101122,2024-05-21,Rabat,Mercedes-Benz Rabat Aviation,Vente,Classe E,Neuf,Nadia Chraibi,,727437.0,,,,,4.0,2.0,27.0
MB102177,2024-08-16,Fès,Mercedes-Benz Fès Saïss,Entretien,Vito,,,Mehdi Lahlou,,Diagnostic électronique,0.8,150.0,Module de contrôle (ECU),5.0,,
MB101915,2024-09-17,Rabat,Mercedes-Benz Rabat Aviation,Entretien,Classe C,,,Anas Séfrioui,,Freins,2.2,2254.0,"Plaquettes, disques de frein",2.0,,
MB101884,2024-04-06,Tanger,Mercedes-Benz Tanger Free Zone,Entretien,GLE,,,Anas Séfrioui,,Suspension,2.5,3500.0,"Amortisseurs, biellettes",4.0,,
MB102593,2024-04-27,Agadir,Mercedes-Benz Agadir Founty,Entretien,GLA,,,Yassine Rguibi,,Suspension,4.5,3139.0,"Amortisseurs, biellettes",4.0,,
MB100380,2024-01-21,Agadir,Mercedes-Benz Agadir Founty,Vente,GLC,Neuf,Hicham Kabbaj,,657076.0,,,,,5.0,7.0,20.0
MB102252,2024-12-05,Agadir,Mercedes-Benz Agadir Founty,Entretien,Classe A,,,Mehdi Lahlou,,Suspension,2.1,3482.0,"Amortisseurs, biellettes",2.0,,
MB100344,2024-10-25,Rabat,Mercedes-Benz Rabat Aviation,Vente,Sprinter,Occasion,Youssef El Amrani,,368836.0,,,,,,7.0,22.0
MB102149,2024-07-17,Casablanca,Mercedes-Benz Casablanca Anfa,Entretien,GLE,,,Fatima Zahra Kettani,,Diagnostic électronique,0.5,1902.0,Module de contrôle (ECU),3.0,,
MB102145,2024-09-03,Rabat,Mercedes-Benz Rabat Aviation,Entretien,Classe E,,,Zineb Amrani,,Suspension,1.9,3737.0,"Amortisseurs, biellettes",3.0,,
MB102567,2024-08-18,Rabat,Mercedes-Benz Rabat Aviation,Entretien,Classe E,,,Adil Bouazza,,Suspension,2.2,3700.0,"Amortisseurs, biellettes",3.0,,
MB101943,2024-11-07,Agadir,Mercedes-Benz Agadir Founty,Entretien,Classe S,,,Fatima Zahra Kettani,,Suspension,2.1,2973.0,"Amortisseurs, biellettes",,,
MB101804,2024-09-21,Fès,Mercedes-Benz Fès Saïss,Entretien,GLA,,,Fatima Zahra Kettani,,Système électrique,3.0,2537.0,"Batterie, faisceau électrique",4.0,,
MB102917,2024-07-26,Fès,Mercedes-Benz Fès Saïss,Entretien,Classe E,,,Fatima Zahra Kettani,,Carrosserie / peinture,7.4,7923.0,"Pare-chocs, peinture",5.0,,
MB102537,2024-04-26,Tanger,Mercedes-Benz Tanger Free Zone,Entretien,GLA,,,Zineb Amrani,,Suspension,1.8,3223.0,"Amortisseurs, biellettes",5.0,,
MB101262,2024-01-21,Fès,Mercedes-Benz Fès Saïss,Vente,Classe A,Neuf,Omar Fassi,,400456.0,,,,,5.0,8.0,41.0
MB102013,2024-01-27,Tanger,Mercedes-Benz Tanger Free Zone,Entretien,Classe C,,,Yassine Rguibi,,Injection / moteur,3.5,8143.0,"Injecteurs, capteurs moteur",3.0,,
MB101425,2024-08-04,Fès,Mercedes-Benz Fès Saïss,Entretien,Vito,,,Mehdi Lahlou,,Diagnostic électronique,3.5,1506.0,Module de contrôle (ECU),5.0,,
MB101595,2024-03-09,Rabat,Mercedes-Benz Rabat Aviation,Entretien,Vito,,,Adil Bouazza,,Injection / moteur,5.1,7686.0,"Injecteurs, capteurs moteur",5.0,,
MB100233,2024-09-06,Rabat,Mercedes-Benz Rabat Aviation,Vente,GLE,Neuf,Youssef El Amrani,,858809.0,,,,,4.0,7.0,50.0
MB100795,2024-05-06,Agadir,Mercedes-Benz Agadir Founty,Vente,Classe S,Neuf,Imane Berrada,,1473616.0,,,,,3.0,6.0,22.0
MB101707,2024-04-11,Agadir,Mercedes-Benz Agadir Founty,Entretien,Classe A,,,Adil Bouazza,,Vidange & entretien courant,0.9,330.0,"Huile moteur, filtres",5.0,,
MB103000,2024-07-21,Marrakech,Mercedes-Benz Marrakech Menara,Entretien,Classe E,,,Zineb Amrani,,Vidange & entretien courant,1.1,1718.0,"Huile moteur, filtres",5.0,,
MB101821,2024-08-30,Rabat,Mercedes-Benz Rabat Aviation,Entretien,Classe E,,,Anas Séfrioui,,Pneumatiques,1.1,4397.0,"Pneus, valves",3.0,,
MB102563,2024-11-04,Casablanca,Mercedes-Benz Casablanca Anfa,Entretien,Classe S,,,Adil Bouazza,,Système électrique,3.0,3446.0,"Batterie, faisceau électrique",4.0,,
MB102406,2024-02-03,Fès,Mercedes-Benz Fès Saïss,Entretien,GLC,,,Zineb Amrani,,Carrosserie / peinture,6.3,6698.0,"Pare-chocs, peinture",4.0,,
MB102560,2024-01-01,Casablanca,Mercedes-Benz Casablanca Anfa,Entretien,GLC,,,Mehdi Lahlou,,Vidange & entretien courant,0.5,1056.0,"Huile moteur, filtres",4.0,,
MB100113,2024-03-24,Tanger,Mercedes-Benz Tanger Free Zone,Vente,GLA,Neuf,Nadia Chraibi,,435419.0,,,,,5.0,4.0,25.0
MB101000,2024-07-11,Casablanca,Mercedes-Benz Casablanca Anfa,Vente,Classe A,Occasion,Karim Idrissi,,245117.0,,,,,5.0,9.0,44.0
MB102266,2024-07-13,Rabat,Mercedes-Benz Rabat Aviation,Entretien,GLC,,,Fatima Zahra Kettani,,Freins,1.5,3647.0,"Plaquettes, disques de frein",5.0,,
MB101583,2024-05-21,Fès,Mercedes-Benz Fès Saïss,Entretien,Classe S,,,Anas Séfrioui,,Vidange & entretien courant,1.5,1345.0,"Huile moteur, filtres",4.0,,
MB102548,2024-02-29,Marrakech,Mercedes-Benz Marrakech Menara,Entretien,Classe A,,,Fatima Zahra Kettani,,Injection / moteur,4.2,6754.0,"Injecteurs, capteurs moteur",5.0,,
MB103069,2024-11-07,Marrakech,Mercedes-Benz Marrakech Menara,Entretien,GLA,,,Anas Séfrioui,,Boîte de vitesses,6.1,9987.0,"Kit embrayage, huile de boîte",4.0,,
MB100226,2024-08-25,Casablanca,Mercedes-Benz Casablanca Anfa,Vente,Classe C,Neuf,Youssef El Amrani,,538305.0,,,,,4.0,10.0,9.0
MB101043,2024-12-04,Casablanca,Mercedes-Benz Casablanca Anfa,Vente,Sprinter,Occasion,Hicham Kabbaj,,403778.0,,,,,4.0,7.0,22.0
MB101193,2024-10-27,Marrakech,Mercedes-Benz Marrakech Menara,Vente,Classe S,Neuf,Leila Ouazzani,,1380485.0,,,,,4.0,12.0,50.0
MB101450,2024-04-19,Rabat,Mercedes-Benz Rabat Aviation,Entretien,Classe C,,,Adil Bouazza,,Système électrique,3.3,2988.0,"Batterie, faisceau électrique",5.0,,
MB102446,2024-08-01,Casablanca,Mercedes-Benz Casablanca Anfa,Entretien,GLA,,,Fatima Zahra Kettani,,Climatisation,0.5,3198.0,"Compresseur, gaz réfrigérant",3.0,,
MB101764,2024-09-10,Fès,Mercedes-Benz Fès Saïss,Entretien,GLE,,,Mehdi Lahlou,,Freins,3.1,2906.0,"Plaquettes, disques de frein",4.0,,
MB101667,2024-10-30,Tanger,Mercedes-Benz Tanger Free Zone,Entretien,Classe C,,,Yassine Rguibi,,Diagnostic électronique,0.5,1676.0,Module de contrôle (ECU),4.0,,
MB102589,2024-04-23,Fès,Mercedes-Benz Fès Saïss,Entretien,Classe E,,,Fatima Zahra Kettani,,Diagnostic électronique,3.1,150.0,Module de contrôle (ECU),3.0,,
MB102377,2024-05-01,Fès,Mercedes-Benz Fès Saïss,Entretien,GLE,,,Fatima Zahra Kettani,,Pneumatiques,0.6,4016.0,"Pneus, valves",4.0,,
MB100849,2024-02-19,Agadir,Mercedes-Benz Agadir Founty,Vente,Classe C,Neuf,Sara Bennis,,505292.0,,,,,5.0,2.0,75.0
MB100622,2024-03-08,Marrakech,Mercedes-Benz Marrakech Menara,Vente,Classe E,Neuf,Nadia Chraibi,,678021.0,,,,,5.0,11.0,28.0
MB102142,2024-05-25,Marrakech,Mercedes-Benz Marrakech Menara,Entretien,Sprinter,,,Fatima Zahra Kettani,,Carrosserie / peinture,7.8,7294.0,"Pare-chocs, peinture",5.0,,
MB100214,2024-05-28,Fès,Mercedes-Benz Fès Saïss,Vente,Classe E,Neuf,Imane Berrada,,662211.0,,,,,5.0,11.0,32.0
MB100771,2024-04-25,Agadir,Mercedes-Benz Agadir Founty,Vente,GLC,Occasion,Sara Bennis,,468711.0,,,,,4.0,0.0,14.0
MB100338,2024-08-31,Casablanca,Mercedes-Benz Casablanca Anfa,Vente,Classe E,Occasion,Rachid Alaoui,,503124.0,,,,,5.0,10.0,38.0
MB100804,2024-11-05,Fès,Mercedes-Benz Fès Saïss,Vente,Vito,Occasion,Salma Tazi,,312005.0,,,,,4.0,5.0,57.0
MB102261,2024-10-05,Casablanca,Mercedes-Benz Casablanca Anfa,Entretien,Sprinter,,,Zineb Amrani,,Freins,1.8,1370.0,"Plaquettes, disques de frein",5.0,,
MB102667,2024-03-18,Casablanca,Mercedes-Benz Casablanca Anfa,Entretien,Classe A,,,Fatima Zahra Kettani,,Climatisation,3.4,3666.0,"Compresseur, gaz réfrigérant",1.0,,
MB101183,2024-08-19,Marrakech,Mercedes-Benz Marrakech Menara,Vente,Classe E,Neuf,Leila Ouazzani,,685168.0,,,,,3.0,7.0,63.0
MB101169,2024-03-11,Fès,Mercedes-Benz Fès Saïss,Vente,Sprinter,Occasion,Rachid Alaoui,,331036.0,,,,,4.0,13.0,86.0
MB100037,2024-06-14,Casablanca,Mercedes-Benz Casablanca Anfa,Vente,GLE,Neuf,Omar Fassi,,922176.0,,,,,5.0,7.0,50.0
MB100106,2024-07-26,Casablanca,Mercedes-Benz Casablanca Anfa,Vente,Sprinter,Neuf,Omar Fassi,,460058.0,,,,,4.0,6.0,45.0
MB100363,2024-10-01,Casablanca,Mercedes-Benz Casablanca Anfa,Vente,GLC,Occasion,Salma Tazi,,413621.0,,,,,3.0,5.0,45.0
MB100851,2024-10-13,Casablanca,Mercedes-Benz Casablanca Anfa,Vente,Classe C,Occasion,Sara Bennis,,402683.0,,,,,4.0,1.0,21.0
MB101741,2024-05-15,Tanger,Mercedes-Benz Tanger Free Zone,Entretien,Classe C,,,Fatima Zahra Kettani,,Suspension,4.3,3221.0,"Amortisseurs, biellettes",5.0,,
MB102414,2024-05-22,Fès,Mercedes-Benz Fès Saïss,Entretien,GLA,,,Mehdi Lahlou,,Freins,0.5,2325.0,"Plaquettes, disques de frein",4.0,,
MB100857,2024-11-12,Casablanca,Mercedes-Benz Casablanca Anfa,Vente,GLA,Occasion,Nadia Chraibi,,340131.0,,,,,4.0,11.0,49.0
MB101466,2024-09-25,Marrakech,Mercedes-Benz Marrakech Menara,Entretien,Vito,,,Zineb Amrani,,Vidange & entretien courant,2.9,502.0,"Huile moteur, filtres",3.0,,
MB102864,2024-01-21,Fès,Mercedes-Benz Fès Saïss,Entretien,Vito,,,Yassine Rguibi,,Climatisation,3.9,2607.0,"Compresseur, gaz réfrigérant",4.0,,
MB100566,2024-06-27,Marrakech,Mercedes-Benz Marrakech Menara,Vente,Classe C,Neuf,Hicham Kabbaj,,598170.0,,,,,3.0,8.0,64.0
MB100250,2024-05-29,Fès,Mercedes-Benz Fès Saïss,Vente,GLC,Occasion,Nadia Chraibi,,444102.0,,,,,4.0,9.0,56.0
MB102525,2024-05-14,Marrakech,Mercedes-Benz Marrakech Menara,Entretien,GLC,,,Yassine Rguibi,,Système électrique,2.9,5277.0,"Batterie, faisceau électrique",4.0,,
MB101475,2024-12-07,Fès,Mercedes-Benz Fès Saïss,Entretien,Classe S,,,Adil Bouazza,,Boîte de vitesses,4.7,10170.0,"Kit embrayage, huile de boîte",4.0,,
MB102503,2024-01-01,Marrakech,Mercedes-Benz Marrakech Menara,Entretien,Classe E,,,Adil Bouazza,,Carrosserie / peinture,7.8,7395.0,"Pare-chocs, peinture",3.0,,
MB100318,2024-10-10,Fès,Mercedes-Benz Fès Saïss,Vente,GLE,Occasion,Sara Bennis,,625400.0,,,,,4.0,18.0,42.0
MB101201,2024-08-13,Rabat,Mercedes-Benz Rabat Aviation,Vente,GLC,Neuf,Hicham Kabbaj,,604866.0,,,,,3.0,1.0,1.0
MB101108,2024-03-16,Casablanca,Mercedes-Benz Casablanca Anfa,Vente,Classe E,Neuf,Sara Bennis,,746437.0,,,,,5.0,2.0,27.0
MB102279,2024-09-11,Casablanca,Mercedes-Benz Casablanca Anfa,Entretien,Sprinter,,,Mehdi Lahlou,,Freins,2.2,2982.0,"Plaquettes, disques de frein",4.0,,
MB100653,2024-01-03,Rabat,Mercedes-Benz Rabat Aviation,Vente,Classe A,Neuf,Leila Ouazzani,,399123.0,,,,,4.0,0.0,27.0
MB100071,2024-12-20,Agadir,Mercedes-Benz Agadir Founty,Vente,Classe C,Neuf,Nadia Chraibi,,539209.0,,,,,4.0,11.0,32.0
MB101668,2024-04-30,Tanger,Mercedes-Benz Tanger Free Zone,Entretien,Classe C,,,Anas Séfrioui,,Injection / moteur,6.2,6117.0,"Injecteurs, capteurs moteur",4.0,,
MB102659,2024-06-03,Tanger,Mercedes-Benz Tanger Free Zone,Entretien,GLE,,,Fatima Zahra Kettani,,Vidange & entretien courant,0.5,1980.0,"Huile moteur, filtres",4.0,,
MB101175,2024-10-11,Rabat,Mercedes-Benz Rabat Aviation,Vente,Sprinter,Neuf,Omar Fassi,,461632.0,,,,,5.0,9.0,1.0
MB101089,2024-01-28,Agadir,Mercedes-Benz Agadir Founty,Vente,Classe E,Neuf,Rachid Alaoui,,808415.0,,,,,4.0,16.0,29.0
MB103056,2024-03-07,Tanger,Mercedes-Benz Tanger Free Zone,Entretien,GLA,,,Adil Bouazza,,Suspension,2.7,3458.0,"Amortisseurs, biellettes",5.0,,
MB100411,2024-07-28,Rabat,Mercedes-Benz Rabat Aviation,Vente,GLC,Neuf,Nadia Chraibi,,681155.0,,,,,5.0,16.0,11.0
MB102978,2024-05-31,Marrakech,Mercedes-Benz Marrakech Menara,Entretien,Vito,,,Anas Séfrioui,,Carrosserie / peinture,6.3,7710.0,"Pare-chocs, peinture",3.0,,
MB102387,2024-09-22,Casablanca,Mercedes-Benz Casablanca Anfa,Entretien,GLA,,,Mehdi Lahlou,,Carrosserie / peinture,9.2,6396.0,"Pare-chocs, peinture",3.0,,
MB101026,2024-01-04,Fès,Mercedes-Benz Fès Saïss,Vente,Classe E,Neuf,Sara Bennis,,728905.0,,,,,4.0,8.0,44.0
MB102092,2024-10-26,Fès,Mercedes-Benz Fès Saïss,Entretien,Classe E,,,Fatima Zahra Kettani,,Freins,3.0,2365.0,"Plaquettes, disques de frein",4.0,,
MB100540,2024-09-08,Agadir,Mercedes-Benz Agadir Founty,Vente,Classe S,Neuf,Nadia Chraibi,,1404928.0,,,,,5.0,10.0,40.0
MB100602,2024-09-03,Rabat,Mercedes-Benz Rabat Aviation,Vente,Classe C,Neuf,Imane Berrada,,537524.0,,,,,5.0,14.0,31.0
MB101333,2024-09-17,Tanger,Mercedes-Benz Tanger Free Zone,Vente,Classe E,Neuf,Leila Ouazzani,,810935.0,,,,,5.0,11.0,2.0
MB102937,2024-11-01,Casablanca,Mercedes-Benz Casablanca Anfa,Entretien,Classe E,,,Zineb Amrani,,Vidange & entretien courant,2.8,2190.0,"Huile moteur, filtres",5.0,,
MB101435,2024-01-14,Rabat,Mercedes-Benz Rabat Aviation,Entretien,Classe A,,,Yassine Rguibi,,Freins,3.3,2079.0,"Plaquettes, disques de frein",4.0,,
MB102220,2024-07-11,Tanger,Mercedes-Benz Tanger Free Zone,Entretien,Classe C,,,Anas Séfrioui,,Diagnostic électronique,1.3,2396.0,Module de contrôle (ECU),3.0,,
MB102466,2024-04-24,Marrakech,Mercedes-Benz Marrakech Menara,Entretien,Vito,,,Yassine Rguibi,,Climatisation,2.5,4251.0,"Compresseur, gaz réfrigérant",5.0,,
MB102852,2024-01-11,Agadir,Mercedes-Benz Agadir Founty,Entretien,Classe C,,,Fatima Zahra Kettani,,Suspension,3.5,4835.0,"Amortisseurs, biellettes",4.0,,
MB100838,2024-11-16,Casablanca,Mercedes-Benz Casablanca Anfa,Vente,GLC,Neuf,Karim Idrissi,,579367.0,,,,,3.0,5.0,11.0
MB102826,2024-11-16,Tanger,Mercedes-Benz Tanger Free Zone,Entretien,Classe C,,,Yassine Rguibi,,Système électrique,4.4,3203.0,"Batterie, faisceau électrique",4.0,,
MB101628,2024-02-20,Rabat,Mercedes-Benz Rabat Aviation,Entretien,Classe E,,,Fatima Zahra Kettani,,Climatisation,2.5,2085.0,"Compresseur, gaz réfrigérant",4.0,,
MB100807,2024-08-20,Fès,Mercedes-Benz Fès Saïss,Vente,Classe A,Occasion,Rachid Alaoui,,249398.0,,,,,4.0,10.0,64.0
MB100883,2024-08-22,Casablanca,Mercedes-Benz Casablanca Anfa,Vente,Classe S,Neuf,Omar Fassi,,1577825.0,,,,,5.0,0.0,26.0
MB101485,2024-12-27,Rabat,Mercedes-Benz Rabat Aviation,Entretien,GLA,,,Anas Séfrioui,,Diagnostic électronique,0.9,2134.0,Module de contrôle (ECU),5.0,,
MB100638,2024-05-14,Rabat,Mercedes-Benz Rabat Aviation,Vente,GLC,Neuf,Youssef El Amrani,,668873.0,,,,,4.0,3.0,18.0
MB100424,2024-12-07,Tanger,Mercedes-Benz Tanger Free Zone,Vente,Classe A,Neuf,Sara Bennis,,346721.0,,,,,4.0,11.0,50.0
MB100728,2024-04-24,Tanger,Mercedes-Benz Tanger Free Zone,Vente,Classe C,Neuf,Sara Bennis,,520881.0,,,,,3.0,1.0,29.0
MB101997,2024-09-09,Agadir,Mercedes-Benz Agadir Founty,Entretien,Classe S,,,Zineb Amrani,,Suspension,3.9,3530.0,"Amortisseurs, biellettes",5.0,,
MB100377,2024-03-01,Rabat,Mercedes-Benz Rabat Aviation,Vente,Classe A,Neuf,Salma Tazi,,386075.0,,,,,5.0,9.0,29.0
MB100525,2024-03-27,Casablanca,Mercedes-Benz Casablanca Anfa,Vente,Classe C,Occasion,Nadia Chraibi,,440581.0,,,,,4.0,12.0,63.0
MB102487,2024-08-01,Agadir,Mercedes-Benz Agadir Founty,Entretien,Classe S,,,Zineb Amrani,,Carrosserie / peinture,10.0,7204.0,"Pare-chocs, peinture",4.0,,
MB102524,2024-03-02,Rabat,Mercedes-Benz Rabat Aviation,Entretien,GLE,,,Adil Bouazza,,Carrosserie / peinture,7.5,7318.0,"Pare-chocs, peinture",3.0,,
MB100151,2024-05-29,Agadir,Mercedes-Benz Agadir Founty,Vente,Classe C,Neuf,Sara Bennis,,562784.0,,,,,4.0,8.0,55.0
MB101581,2024-01-04,Fès,Mercedes-Benz Fès Saïss,Entretien,Classe A,,,Yassine Rguibi,,Carrosserie / peinture,7.4,7906.0,"Pare-chocs, peinture",3.0,,
MB101950,2024-02-18,Tanger,Mercedes-Benz Tanger Free Zone,Entretien,GLA,,,Zineb Amrani,,Climatisation,0.9,2751.0,"Compresseur, gaz réfrigérant",4.0,,
MB101775,2024-11-19,Rabat,Mercedes-Benz Rabat Aviation,Entretien,Classe A,,,Yassine Rguibi,,Suspension,3.0,5558.0,"Amortisseurs, biellettes",4.0,,
MB100627,2024-02-18,Fès,Mercedes-Benz Fès Saïss,Vente,Classe A,Occasion,Youssef El Amrani,,253998.0,,,,,3.0,7.0,68.0
MB102944,2024-07-15,Rabat,Mercedes-Benz Rabat Aviation,Entretien,Sprinter,,,Yassine Rguibi,,Vidange & entretien courant,0.6,1869.0,"Huile moteur, filtres",3.0,,
MB101846,2024-05-14,Casablanca,Mercedes-Benz Casablanca Anfa,Entretien,Sprinter,,,Zineb Amrani,,Climatisation,2.9,4186.0,"Compresseur, gaz réfrigérant",5.0,,
MB100144,2024-12-12,Marrakech,Mercedes-Benz Marrakech Menara,Vente,GLC,Neuf,Leila Ouazzani,,709668.0,,,,,,4.0,4.0
MB100718,2024-11-17,Casablanca,Mercedes-Benz Casablanca Anfa,Vente,Classe A,Neuf,Hicham Kabbaj,,415621.0,,,,,4.0,11.0,69.0
MB102575,2024-02-29,Tanger,Mercedes-Benz Tanger Free Zone,Entretien,Classe C,,,Anas Séfrioui,,Système électrique,1.5,2748.0,"Batterie, faisceau électrique",5.0,,
MB102632,2024-05-24,Rabat,Mercedes-Benz Rabat Aviation,Entretien,GLA,,,Fatima Zahra Kettani,,Suspension,3.4,3603.0,"Amortisseurs, biellettes",5.0,,
MB100567,2024-02-20,Tanger,Mercedes-Benz Tanger Free Zone,Vente,GLA,Neuf,Karim Idrissi,,449883.0,,,,,4.0,12.0,40.0
MB101881,2024-01-29,Fès,Mercedes-Benz Fès Saïss,Entretien,Vito,,,Anas Séfrioui,,Vidange & entretien courant,1.1,1449.0,"Huile moteur, filtres",3.0,,
MB102489,2024-01-16,Rabat,Mercedes-Benz Rabat Aviation,Entretien,Classe C,,,Mehdi Lahlou,,Vidange & entretien courant,3.1,150.0,"Huile moteur, filtres",1.0,,
MB101156,2024-09-09,Rabat,Mercedes-Benz Rabat Aviation,Vente,Classe E,Occasion,Nadia Chraibi,,515437.0,,,,,3.0,5.0,38.0
MB102223,2024-04-25,Tanger,Mercedes-Benz Tanger Free Zone,Entretien,GLC,,,Mehdi Lahlou,,Pneumatiques,1.5,3981.0,"Pneus, valves",3.0,,
MB101432,2024-10-22,Marrakech,Mercedes-Benz Marrakech Menara,Entretien,Sprinter,,,Zineb Amrani,,Système électrique,1.2,3853.0,"Batterie, faisceau électrique",4.0,,
MB102850,2024-03-20,Fès,Mercedes-Benz Fès Saïss,Entretien,Sprinter,,,Zineb Amrani,,Pneumatiques,2.0,4022.0,"Pneus, valves",4.0,,
MB102172,2024-01-17,Fès,Mercedes-Benz Fès Saïss,Entretien,GLE,,,Anas Séfrioui,,Système électrique,2.8,3278.0,"Batterie, faisceau électrique",3.0,,
MB102187,2024-07-17,Casablanca,Mercedes-Benz Casablanca Anfa,Entretien,GLC,,,Yassine Rguibi,,Climatisation,1.6,2984.0,"Compresseur, gaz réfrigérant",4.0,,
MB100880,2024-11-15,Casablanca,Mercedes-Benz Casablanca Anfa,Vente,Classe A,Neuf,Sara Bennis,,363494.0,,,,,4.0,15.0,24.0
MB101076,2024-09-19,Agadir,Mercedes-Benz Agadir Founty,Vente,Vito,Neuf,Salma Tazi,,437224.0,,,,,5.0,4.0,53.0
MB102781,2024-11-20,Agadir,Mercedes-Benz Agadir Founty,Entretien,Classe C,,,Adil Bouazza,,Suspension,2.7,4821.0,"Amortisseurs, biellettes",4.0,,
MB100625,2024-03-05,Casablanca,Mercedes-Benz Casablanca Anfa,Vente,Classe A,Neuf,Hicham Kabbaj,,365152.0,,,,,5.0,10.0,45.0
MB103033,2024-08-05,Marrakech,Mercedes-Benz Marrakech Menara,Entretien,Classe E,,,Adil Bouazza,,Suspension,1.0,2791.0,"Amortisseurs, biellettes",3.0,,
MB103075,2024-04-05,Marrakech,Mercedes-Benz Marrakech Menara,Entretien,Classe E,,,Zineb Amrani,,Freins,3.0,877.0,"Plaquettes, disques de frein",3.0,,
MB101367,2024-09-25,Tanger,Mercedes-Benz Tanger Free Zone,Vente,GLC,Occasion,Karim Idrissi,,434731.0,,,,,5.0,6.0,60.0
MB102231,2024-01-20,Rabat,Mercedes-Benz Rabat Aviation,Entretien,Classe S,,,Mehdi Lahlou,,Freins,1.7,866.0,"Plaquettes, disques de frein",5.0,,
MB100618,2024-03-16,Rabat,Mercedes-Benz Rabat Aviation,Vente,Classe C,Neuf,Salma Tazi,,492917.0,,,,,5.0,2.0,1.0
MB101325,2024-11-09,Rabat,Mercedes-Benz Rabat Aviation,Vente,Sprinter,Neuf,Salma Tazi,,456981.0,,,,,4.0,14.0,1.0
MB101983,2024-08-25,Fès,Mercedes-Benz Fès Saïss,Entretien,Sprinter,,,Adil Bouazza,,Système électrique,4.3,3804.0,"Batterie, faisceau électrique",4.0,,
MB100691,2024-07-29,Casablanca,Mercedes-Benz Casablanca Anfa,Vente,Classe C,Neuf,Rachid Alaoui,,609166.0,,,,,5.0,0.0,22.0
MB102903,2024-10-11,Casablanca,Mercedes-Benz Casablanca Anfa,Entretien,GLA,,,Adil Bouazza,,Système électrique,3.7,2693.0,"Batterie, faisceau électrique",3.0,,
MB102289,2024-02-04,Agadir,Mercedes-Benz Agadir Founty,Entretien,Vito,,,Anas Séfrioui,,Vidange & entretien courant,0.5,150.0,"Huile moteur, filtres",4.0,,
MB101690,2024-01-16,Agadir,Mercedes-Benz Agadir Founty,Entretien,Sprinter,,,Fatima Zahra Kettani,,Climatisation,3.0,1499.0,"Compresseur, gaz réfrigérant",5.0,,
MB101351,2024-08-10,Rabat,Mercedes-Benz Rabat Aviation,Vente,GLC,Neuf,Sara Bennis,,661352.0,,,,,4.0,8.0,14.0
MB102938,2024-11-03,Fès,Mercedes-Benz Fès Saïss,Entretien,GLE,,,Fatima Zahra Kettani,,Carrosserie / peinture,8.6,8746.0,"Pare-chocs, peinture",4.0,,
MB102507,2024-08-15,Fès,Mercedes-Benz Fès Saïss,Entretien,GLC,,,Fatima Zahra Kettani,,Climatisation,2.4,3994.0,"Compresseur, gaz réfrigérant",5.0,,
MB102730,2024-06-03,Marrakech,Mercedes-Benz Marrakech Menara,Entretien,Vito,,,Zineb Amrani,,Injection / moteur,3.4,5132.0,"Injecteurs, capteurs moteur",5.0,,
MB101831,2024-02-19,Marrakech,Mercedes-Benz Marrakech Menara,Entretien,GLA,,,Zineb Amrani,,Suspension,4.3,3687.0,"Amortisseurs, biellettes",5.0,,
MB101687,2024-08-04,Fès,Mercedes-Benz Fès Saïss,Entretien,Sprinter,,,Fatima Zahra Kettani,,Climatisation,2.2,2654.0,"Compresseur, gaz réfrigérant",3.0,,
MB101693,2024-04-12,Agadir,Mercedes-Benz Agadir Founty,Entretien,Classe A,,,Fatima Zahra Kettani,,Carrosserie / peinture,7.3,7477.0,"Pare-chocs, peinture",5.0,,
MB100466,2024-11-05,Rabat,Mercedes-Benz Rabat Aviation,Vente,Sprinter,Neuf,Youssef El Amrani,,561619.0,,,,,3.0,12.0,65.0
MB101188,2024-07-27,Rabat,Mercedes-Benz Rabat Aviation,Vente,GLA,Occasion,Nadia Chraibi,,345312.0,,,,,4.0,6.0,19.0
MB101192,2024-10-29,Casablanca,Mercedes-Benz Casablanca Anfa,Vente,GLE,Neuf,Imane Berrada,,791984.0,,,,,4.0,19.0,48.0
MB100146,2024-07-26,Rabat,Mercedes-Benz Rabat Aviation,Vente,GLE,Occasion,Rachid Alaoui,,608956.0,,,,,4.0,2.0,64.0
MB102255,2024-06-29,Fès,Mercedes-Benz Fès Saïss,Entretien,Classe A,,,Zineb Amrani,,Climatisation,2.1,1675.0,"Compresseur, gaz réfrigérant",3.0,,
MB100325,2024-11-23,Agadir,Mercedes-Benz Agadir Founty,Vente,GLA,Neuf,Omar Fassi,,509252.0,,,,,3.0,12.0,13.0
MB102706,2024-03-11,Rabat,Mercedes-Benz Rabat Aviation,Entretien,Classe E,,,Yassine Rguibi,,Injection / moteur,3.9,8304.0,"Injecteurs, capteurs moteur",3.0,,
MB101763,2024-07-23,Casablanca,Mercedes-Benz Casablanca Anfa,Entretien,GLA,,,Zineb Amrani,,Vidange & entretien courant,0.5,150.0,"Huile moteur, filtres",5.0,,
MB100707,2024-08-22,Agadir,Mercedes-Benz Agadir Founty,Vente,Classe E,Neuf,Nadia Chraibi,,834378.0,,,,,5.0,10.0,33.0
MB100715,2024-01-26,Marrakech,Mercedes-Benz Marrakech Menara,Vente,GLA,Neuf,Leila Ouazzani,,477768.0,,,,,4.0,9.0,25.0
MB101835,2024-01-11,Agadir,Mercedes-Benz Agadir Founty,Entretien,Classe C,,,Anas Séfrioui,,Système électrique,4.4,4029.0,"Batterie, faisceau électrique",5.0,,
MB102979,2024-07-20,Casablanca,Mercedes-Benz Casablanca Anfa,Entretien,GLA,,,Fatima Zahra Kettani,,Climatisation,2.5,2657.0,"Compresseur, gaz réfrigérant",4.0,,
MB101112,2024-10-14,Casablanca,Mercedes-Benz Casablanca Anfa,Vente,Classe E,Neuf,Rachid Alaoui,,806785.0,,,,,4.0,5.0,35.0
MB102128,2024-05-30,Agadir,Mercedes-Benz Agadir Founty,Entretien,GLA,,,Zineb Amrani,,Système électrique,3.7,2849.0,"Batterie, faisceau électrique",4.0,,
MB100902,2024-05-21,Rabat,Mercedes-Benz Rabat Aviation,Vente,GLA,Neuf,Karim Idrissi,,516914.0,,,,,5.0,12.0,44.0
MB100688,2024-01-07,Marrakech,Mercedes-Benz Marrakech Menara,Vente,Classe E,Neuf,Imane Berrada,,666169.0,,,,,4.0,9.0,71.0
MB102215,2024-01-29,Rabat,Mercedes-Benz Rabat Aviation,Entretien,Classe E,,,Zineb Amrani,,Carrosserie / peinture,9.1,8428.0,"Pare-chocs, peinture",3.0,,
MB101631,2024-01-11,Fès,Mercedes-Benz Fès Saïss,Entretien,GLE,,,Fatima Zahra Kettani,,Climatisation,4.5,1388.0,"Compresseur, gaz réfrigérant",4.0,,
MB102278,2024-02-10,Rabat,Mercedes-Benz Rabat Aviation,Entretien,GLE,,,Adil Bouazza,,Freins,1.8,2558.0,"Plaquettes, disques de frein",4.0,,
MB103049,2024-05-13,Marrakech,Mercedes-Benz Marrakech Menara,Entretien,Classe A,,,Fatima Zahra Kettani,,Diagnostic électronique,0.5,1502.0,Module de contrôle (ECU),4.0,,
MB102500,2024-05-31,Fès,Mercedes-Benz Fès Saïss,Entretien,GLE,,,Yassine Rguibi,,Freins,2.7,2198.0,"Plaquettes, disques de frein",5.0,,
MB101940,2024-05-22,Rabat,Mercedes-Benz Rabat Aviation,Entretien,GLC,,,Adil Bouazza,,Carrosserie / peinture,8.3,6782.0,"Pare-chocs, peinture",5.0,,
MB101825,2024-04-04,Agadir,Mercedes-Benz Agadir Founty,Entretien,Sprinter,,,Yassine Rguibi,,Pneumatiques,1.7,3611.0,"Pneus, valves",5.0,,
MB102789,2024-08-07,Casablanca,Mercedes-Benz Casablanca Anfa,Entretien,Classe C,,,Yassine Rguibi,,Injection / moteur,3.9,7335.0,"Injecteurs, capteurs moteur",3.0,,
MB100101,2024-12-11,Marrakech,Mercedes-Benz Marrakech Menara,Vente,Classe C,Neuf,Sara Bennis,,510316.0,,,,,5.0,16.0,61.0
MB100291,2024-04-25,Casablanca,Mercedes-Benz Casablanca Anfa,Vente,Classe C,Occasion,Leila Ouazzani,,438219.0,,,,,5.0,11.0,16.0
MB102493,2024-09-08,Fès,Mercedes-Benz Fès Saïss,Entretien,GLC,,,Zineb Amrani,,Boîte de vitesses,6.2,9514.0,"Kit embrayage, huile de boîte",4.0,,
MB100879,2024-05-03,Casablanca,Mercedes-Benz Casablanca Anfa,Vente,GLA,Neuf,Leila Ouazzani,,501215.0,,,,,3.0,12.0,32.0
MB101456,2024-10-21,Fès,Mercedes-Benz Fès Saïss,Entretien,Classe A,,,Anas Séfrioui,,Climatisation,3.2,4431.0,"Compresseur, gaz réfrigérant",3.0,,
MB102788,2024-11-04,Fès,Mercedes-Benz Fès Saïss,Entretien,Classe C,,,Mehdi Lahlou,,Système électrique,5.4,1601.0,"Batterie, faisceau électrique",5.0,,
MB100392,2024-04-18,Tanger,Mercedes-Benz Tanger Free Zone,Vente,Classe A,Neuf,Rachid Alaoui,,376828.0,,,,,4.0,6.0,49.0
MB100087,2024-06-27,Rabat,Mercedes-Benz Rabat Aviation,Vente,GLC,Neuf,Leila Ouazzani,,676929.0,,,,,4.0,2.0,55.0
MB102284,2024-12-07,Fès,Mercedes-Benz Fès Saïss,Entretien,Classe S,,,Adil Bouazza,,Boîte de vitesses,5.7,10522.0,"Kit embrayage, huile de boîte",5.0,,
MB102715,2024-11-26,Tanger,Mercedes-Benz Tanger Free Zone,Entretien,Sprinter,,,Mehdi Lahlou,,Vidange & entretien courant,1.3,1611.0,"Huile moteur, filtres",2.0,,
MB101276,2024-02-22,Tanger,Mercedes-Benz Tanger Free Zone,Vente,Classe C,Neuf,Salma Tazi,,515320.0,,,,,4.0,7.0,39.0
MB101524,2024-06-20,Rabat,Mercedes-Benz Rabat Aviation,Entretien,Classe A,,,Yassine Rguibi,,Vidange & entretien courant,0.5,150.0,"Huile moteur, filtres",3.0,,
MB100476,2024-01-25,Tanger,Mercedes-Benz Tanger Free Zone,Vente,GLC,Neuf,Youssef El Amrani,,600420.0,,,,,5.0,15.0,27.0
MB101695,2024-05-23,Marrakech,Mercedes-Benz Marrakech Menara,Entretien,GLA,,,Yassine Rguibi,,Système électrique,3.3,3235.0,"Batterie, faisceau électrique",5.0,,
MB101296,2024-06-26,Fès,Mercedes-Benz Fès Saïss,Vente,Classe C,Neuf,Sara Bennis,,599840.0,,,,,4.0,11.0,64.0
MB102093,2024-03-13,Tanger,Mercedes-Benz Tanger Free Zone,Entretien,Classe C,,,Fatima Zahra Kettani,,Injection / moteur,3.8,6630.0,"Injecteurs, capteurs moteur",3.0,,
MB102837,2024-08-17,Fès,Mercedes-Benz Fès Saïss,Entretien,Classe E,,,Fatima Zahra Kettani,,Suspension,2.3,2632.0,"Amortisseurs, biellettes",4.0,,
MB101138,2024-04-29,Marrakech,Mercedes-Benz Marrakech Menara,Vente,GLA,Neuf,Rachid Alaoui,,507663.0,,,,,5.0,6.0,37.0
MB102073,2024-11-27,Agadir,Mercedes-Benz Agadir Founty,Entretien,Classe A,,,Anas Séfrioui,,Freins,1.5,1312.0,"Plaquettes, disques de frein",4.0,,
MB101236,2024-10-02,Agadir,Mercedes-Benz Agadir Founty,Vente,Classe A,Neuf,Hicham Kabbaj,,404900.0,,,,,4.0,7.0,1.0
MB100833,2024-02-04,Agadir,Mercedes-Benz Agadir Founty,Vente,Classe C,Occasion,Youssef El Amrani,,353610.0,,,,,4.0,14.0,62.0
MB100592,2024-12-15,Tanger,Mercedes-Benz Tanger Free Zone,Vente,Classe A,Occasion,Hicham Kabbaj,,282427.0,,,,,5.0,10.0,32.0
MB103079,2024-03-25,Casablanca,Mercedes-Benz Casablanca Anfa,Entretien,Sprinter,,,Fatima Zahra Kettani,,Climatisation,1.6,3022.0,"Compresseur, gaz réfrigérant",4.0,,
MB101621,2024-11-25,Tanger,Mercedes-Benz Tanger Free Zone,Entretien,Classe C,,,Anas Séfrioui,,Freins,0.5,3781.0,"Plaquettes, disques de frein",3.0,,
MB101636,2024-05-18,Fès,Mercedes-Benz Fès Saïss,Entretien,GLE,,,Fatima Zahra Kettani,,Pneumatiques,0.5,4589.0,"Pneus, valves",5.0,,
MB100110,2024-10-19,Marrakech,Mercedes-Benz Marrakech Menara,Vente,GLC,Neuf,Nadia Chraibi,,667503.0,,,,,5.0,3.0,31.0
MB101161,2024-04-15,Casablanca,Mercedes-Benz Casablanca Anfa,Vente,GLC,Neuf,Sara Bennis,,570548.0,,,,,5.0,17.0,50.0
MB100223,2024-11-05,Fès,Mercedes-Benz Fès Saïss,Vente,Classe A,Occasion,Nadia Chraibi,,298231.0,,,,,4.0,17.0,26.0
MB101053,2024-02-23,Agadir,Mercedes-Benz Agadir Founty,Vente,Vito,Occasion,Youssef El Amrani,,266144.0,,,,,4.0,11.0,46.0
MB101312,2024-10-13,Marrakech,Mercedes-Benz Marrakech Menara,Vente,Classe E,Occasion,Youssef El Amrani,,489648.0,,,,,5.0,11.0,69.0
MB102771,2024-10-24,Tanger,Mercedes-Benz Tanger Free Zone,Entretien,Sprinter,,,Adil Bouazza,,Boîte de vitesses,7.1,10629.0,"Kit embrayage, huile de boîte",5.0,,
MB102104,2024-12-22,Tanger,Mercedes-Benz Tanger Free Zone,Entretien,Classe E,,,Yassine Rguibi,,Climatisation,4.2,1814.0,"Compresseur, gaz réfrigérant",3.0,,
MB103081,2024-05-25,Tanger,Mercedes-Benz Tanger Free Zone,Entretien,GLE,,,Zineb Amrani,,Pneumatiques,1.3,4818.0,"Pneus, valves",5.0,,
MB100254,2024-09-28,Rabat,Mercedes-Benz Rabat Aviation,Vente,Sprinter,Neuf,Youssef El Amrani,,529140.0,,,,,4.0,7.0,78.0
MB101073,2024-01-22,Casablanca,Mercedes-Benz Casablanca Anfa,Vente,GLA,Occasion,Hicham Kabbaj,,330565.0,,,,,4.0,8.0,1.0
MB101620,2024-10-16,Marrakech,Mercedes-Benz Marrakech Menara,Entretien,Vito,,,Anas Séfrioui,,Freins,3.3,1050.0,"Plaquettes, disques de frein",3.0,,
MB101493,2024-06-19,Marrakech,Mercedes-Benz Marrakech Menara,Entretien,Vito,,,Anas Séfrioui,,Climatisation,2.9,3001.0,"Compresseur, gaz réfrigérant",5.0,,
MB102691,2024-05-05,Marrakech,Mercedes-Benz Marrakech Menara,Entretien,Classe C,,,Mehdi Lahlou,,Freins,4.1,1908.0,"Plaquettes, disques de frein",5.0,,
MB100546,2024-09-21,Tanger,Mercedes-Benz Tanger Free Zone,Vente,Sprinter,Neuf,Hicham Kabbaj,,470566.0,,,,,3.0,7.0,44.0
MB102526,2024-05-18,Tanger,Mercedes-Benz Tanger Free Zone,Entretien,Classe E,,,Mehdi Lahlou,,Pneumatiques,1.9,5131.0,"Pneus, valves",4.0,,
MB100950,2024-04-07,Marrakech,Mercedes-Benz Marrakech Menara,Vente,Classe C,Neuf,Salma Tazi,,536777.0,,,,,4.0,4.0,28.0
MB101572,2024-06-06,Tanger,Mercedes-Benz Tanger Free Zone,Entretien,GLA,,,Zineb Amrani,,Climatisation,3.8,2385.0,"Compresseur, gaz réfrigérant",5.0,,
MB100844,2024-09-10,Agadir,Mercedes-Benz Agadir Founty,Vente,Classe E,Neuf,Leila Ouazzani,,691470.0,,,,,4.0,2.0,1.0
MB100064,2024-06-02,Marrakech,Mercedes-Benz Marrakech Menara,Vente,GLA,Occasion,Nadia Chraibi,,344419.0,,,,,4.0,11.0,19.0
MB100414,2024-01-01,Fès,Mercedes-Benz Fès Saïss,Vente,Classe E,Neuf,Nadia Chraibi,,711363.0,,,,,4.0,9.0,23.0
MB102433,2024-06-14,Rabat,Mercedes-Benz Rabat Aviation,Entretien,GLC,,,Adil Bouazza,,Pneumatiques,0.5,4573.0,"Pneus, valves",4.0,,
MB100885,2024-04-28,Marrakech,Mercedes-Benz Marrakech Menara,Vente,GLC,Neuf,Karim Idrissi,,685365.0,,,,,4.0,10.0,23.0
MB100452,2024-03-07,Tanger,Mercedes-Benz Tanger Free Zone,Vente,Classe S,Neuf,Leila Ouazzani,,1588626.0,,,,,4.0,9.0,20.0
MB101259,2024-03-26,Marrakech,Mercedes-Benz Marrakech Menara,Vente,GLC,Neuf,Rachid Alaoui,,605508.0,,,,,5.0,2.0,18.0
MB100657,2024-02-02,Agadir,Mercedes-Benz Agadir Founty,Vente,Sprinter,Occasion,Salma Tazi,,371175.0,,,,,3.0,7.0,29.0
MB101880,2024-02-25,Casablanca,Mercedes-Benz Casablanca Anfa,Entretien,Classe S,,,Zineb Amrani,,Boîte de vitesses,7.1,9356.0,"Kit embrayage, huile de boîte",5.0,,
MB101582,2024-01-13,Fès,Mercedes-Benz Fès Saïss,Entretien,GLE,,,Mehdi Lahlou,,Système électrique,2.2,2425.0,"Batterie, faisceau électrique",3.0,,
MB101487,2024-09-23,Marrakech,Mercedes-Benz Marrakech Menara,Entretien,GLE,,,Fatima Zahra Kettani,,Injection / moteur,4.2,6727.0,"Injecteurs, capteurs moteur",4.0,,
MB101486,2024-05-30,Marrakech,Mercedes-Benz Marrakech Menara,Entretien,GLA,,,Zineb Amrani,,Boîte de vitesses,4.7,10160.0,"Kit embrayage, huile de boîte",4.0,,
MB101328,2024-01-25,Rabat,Mercedes-Benz Rabat Aviation,Vente,GLC,Occasion,Sara Bennis,,441917.0,,,,,5.0,12.0,53.0
MB102418,2024-06-08,Marrakech,Mercedes-Benz Marrakech Menara,Entretien,GLC,,,Zineb Amrani,,Système électrique,2.1,3695.0,"Batterie, faisceau électrique",3.0,,
MB102738,2024-12-03,Fès,Mercedes-Benz Fès Saïss,Entretien,Classe E,,,Anas Séfrioui,,Climatisation,1.9,2823.0,"Compresseur, gaz réfrigérant",3.0,,
MB102268,2024-07-01,Fès,Mercedes-Benz Fès Saïss,Entretien,GLE,,,Anas Séfrioui,,Climatisation,2.3,2056.0,"Compresseur, gaz réfrigérant",4.0,,
MB100078,2024-10-30,Fès,Mercedes-Benz Fès Saïss,Vente,Classe A,Neuf,Hicham Kabbaj,,332920.0,,,,,5.0,3.0,9.0
MB102070,2024-05-13,Casablanca,Mercedes-Benz Casablanca Anfa,Entretien,GLA,,,Fatima Zahra Kettani,,Pneumatiques,0.5,4234.0,"Pneus, valves",4.0,,
MB102809,2024-02-25,Fès,Mercedes-Benz Fès Saïss,Entretien,GLE,,,Adil Bouazza,,Vidange & entretien courant,2.7,1212.0,"Huile moteur, filtres",3.0,,
MB100870,2024-10-07,Rabat,Mercedes-Benz Rabat Aviation,Vente,Sprinter,Occasion,Omar Fassi,,332637.0,,,,,4.0,14.0,39.0
MB102469,2024-02-09,Agadir,Mercedes-Benz Agadir Founty,Entretien,Classe C,,,Yassine Rguibi,,Climatisation,2.5,2383.0,"Compresseur, gaz réfrigérant",5.0,,
MB102248,2024-06-13,Fès,Mercedes-Benz Fès Saïss,Entretien,Vito,,,Fatima Zahra Kettani,,Suspension,1.5,3453.0,"Amortisseurs, biellettes",4.0,,
MB100451,2024-02-20,Casablanca,Mercedes-Benz Casablanca Anfa,Vente,GLC,Occasion,Omar Fassi,,446401.0,,,,,4.0,12.0,34.0
MB101020,2024-06-24,Fès,Mercedes-Benz Fès Saïss,Vente,Classe S,Neuf,Omar Fassi,,1217561.0,,,,,4.0,7.0,24.0
MB101561,2024-10-27,Rabat,Mercedes-Benz Rabat Aviation,Entretien,GLA,,,Zineb Amrani,,Vidange & entretien courant,1.3,676.0,"Huile moteur, filtres",5.0,,
MB101980,2024-04-11,Rabat,Mercedes-Benz Rabat Aviation,Entretien,GLE,,,Yassine Rguibi,,Freins,0.5,2620.0,"Plaquettes, disques de frein",4.0,,
MB100697,2024-07-20,Rabat,Mercedes-Benz Rabat Aviation,Vente,Vito,Neuf,Leila Ouazzani,,357210.0,,,,,5.0,11.0,3.0
MB101742,2024-08-15,Casablanca,Mercedes-Benz Casablanca Anfa,Entretien,GLA,,,Fatima Zahra Kettani,,Climatisation,2.7,3637.0,"Compresseur, gaz réfrigérant",3.0,,
MB100812,2024-11-11,Agadir,Mercedes-Benz Agadir Founty,Vente,Classe S,Occasion,Imane Berrada,,865814.0,,,,,5.0,4.0,71.0
MB103072,2024-12-18,Tanger,Mercedes-Benz Tanger Free Zone,Entretien,Classe A,,,Anas Séfrioui,,Diagnostic électronique,1.0,150.0,Module de contrôle (ECU),5.0,,
MB100911,2024-06-09,Marrakech,Mercedes-Benz Marrakech Menara,Vente,GLC,Neuf,Nadia Chraibi,,695657.0,,,,,4.0,12.0,27.0
MB101522,2024-09-03,Marrakech,Mercedes-Benz Marrakech Menara,Entretien,Classe E,,,Mehdi Lahlou,,Pneumatiques,2.4,1973.0,"Pneus, valves",4.0,,
MB101050,2024-05-14,Marrakech,Mercedes-Benz Marrakech Menara,Vente,GLC,Occasion,Youssef El Amrani,,444932.0,,,,,5.0,7.0,18.0
MB100506,2024-05-11,Agadir,Mercedes-Benz Agadir Founty,Vente,Classe C,Neuf,Imane Berrada,,529711.0,,,,,4.0,12.0,3.0
MB100406,2024-07-18,Casablanca,Mercedes-Benz Casablanca Anfa,Vente,GLA,Occasion,Salma Tazi,,351018.0,,,,,3.0,6.0,32.0
MB102366,2024-01-24,Casablanca,Mercedes-Benz Casablanca Anfa,Entretien,Classe S,,,Adil Bouazza,,Suspension,2.6,3782.0,"Amortisseurs, biellettes",4.0,,
MB100184,2024-05-15,Agadir,Mercedes-Benz Agadir Founty,Vente,GLC,Occasion,Rachid Alaoui,,428687.0,,,,,3.0,6.0,53.0
MB101877,2024-07-06,Casablanca,Mercedes-Benz Casablanca Anfa,Entretien,Classe A,,,Fatima Zahra Kettani,,Système électrique,3.1,2575.0,"Batterie, faisceau électrique",3.0,,
MB101718,2024-12-24,Agadir,Mercedes-Benz Agadir Founty,Entretien,Classe E,,,Mehdi Lahlou,,Vidange & entretien courant,0.7,150.0,"Huile moteur, filtres",4.0,,
MB100610,2024-08-17,Casablanca,Mercedes-Benz Casablanca Anfa,Vente,Classe E,Occasion,Rachid Alaoui,,503431.0,,,,,4.0,11.0,55.0
MB102675,2024-07-16,Fès,Mercedes-Benz Fès Saïss,Entretien,GLE,,,Fatima Zahra Kettani,,Diagnostic électronique,0.5,1119.0,Module de contrôle (ECU),,,
MB102034,2024-01-05,Agadir,Mercedes-Benz Agadir Founty,Entretien,Classe A,,,Mehdi Lahlou,,Système électrique,1.8,2688.0,"Batterie, faisceau électrique",5.0,,
MB102534,2024-01-12,Marrakech,Mercedes-Benz Marrakech Menara,Entretien,Vito,,,Yassine Rguibi,,Boîte de vitesses,5.5,7884.0,"Kit embrayage, huile de boîte",4.0,,
MB102327,2024-10-14,Marrakech,Mercedes-Benz Marrakech Menara,Entretien,GLE,,,Zineb Amrani,,Injection / moteur,4.2,8334.0,"Injecteurs, capteurs moteur",4.0,,
MB101969,2024-03-01,Rabat,Mercedes-Benz Rabat Aviation,Entretien,GLC,,,Yassine Rguibi,,Carrosserie / peinture,7.3,8478.0,"Pare-chocs, peinture",3.0,,
MB102679,2024-10-18,Marrakech,Mercedes-Benz Marrakech Menara,Entretien,Classe C,,,Yassine Rguibi,,Carrosserie / peinture,7.9,7069.0,"Pare-chocs, peinture",5.0,,
MB100021,2024-02-19,Fès,Mercedes-Benz Fès Saïss,Vente,GLC,Occasion,Karim Idrissi,,485808.0,,,,,5.0,7.0,29.0
MB102219,2024-11-25,Fès,Mercedes-Benz Fès Saïss,Entretien,Classe E,,,Zineb Amrani,,Vidange & entretien courant,3.4,214.0,"Huile moteur, filtres",3.0,,
MB101426,2024-10-13,Tanger,Mercedes-Benz Tanger Free Zone,Entretien,Classe A,,,Adil Bouazza,,Carrosserie / peinture,6.3,7594.0,"Pare-chocs, peinture",5.0,,
MB102950,2024-09-30,Marrakech,Mercedes-Benz Marrakech Menara,Entretien,Vito,,,Zineb Amrani,,Injection / moteur,7.2,6851.0,"Injecteurs, capteurs moteur",4.0,,
MB101591,2024-10-09,Fès,Mercedes-Benz Fès Saïss,Entretien,GLA,,,Anas Séfrioui,,Vidange & entretien courant,1.2,2378.0,"Huile moteur, filtres",5.0,,
MB102225,2024-02-22,Casablanca,Mercedes-Benz Casablanca Anfa,Entretien,GLE,,,Anas Séfrioui,,Suspension,2.2,2968.0,"Amortisseurs, biellettes",5.0,,
MB100328,2024-10-04,Marrakech,Mercedes-Benz Marrakech Menara,Vente,Classe E,Neuf,Salma Tazi,,684624.0,,,,,5.0,7.0,19.0
MB102755,2024-07-18,Agadir,Mercedes-Benz Agadir Founty,Entretien,GLE,,,Yassine Rguibi,,Système électrique,0.6,3694.0,"Batterie, faisceau électrique",4.0,,
MB102519,2024-10-27,Agadir,Mercedes-Benz Agadir Founty,Entretien,GLC,,,Mehdi Lahlou,,Freins,0.5,3602.0,"Plaquettes, disques de frein",5.0,,
MB101875,2024-12-06,Marrakech,Mercedes-Benz Marrakech Menara,Entretien,Classe C,,,Mehdi Lahlou,,Suspension,4.0,3122.0,"Amortisseurs, biellettes",3.0,,
MB102538,2024-01-27,Fès,Mercedes-Benz Fès Saïss,Entretien,Classe S,,,Anas Séfrioui,,Vidange & entretien courant,0.5,1974.0,"Huile moteur, filtres",3.0,,
MB103074,2024-08-13,Marrakech,Mercedes-Benz Marrakech Menara,Entretien,Classe E,,,Mehdi Lahlou,,Pneumatiques,0.6,3918.0,"Pneus, valves",5.0,,
MB100267,2024-06-30,Agadir,Mercedes-Benz Agadir Founty,Vente,Sprinter,Occasion,Omar Fassi,,384909.0,,,,,3.0,9.0,9.0
MB101891,2024-09-28,Tanger,Mercedes-Benz Tanger Free Zone,Entretien,Classe S,,,Fatima Zahra Kettani,,Suspension,3.0,4777.0,"Amortisseurs, biellettes",3.0,,
MB102664,2024-04-18,Agadir,Mercedes-Benz Agadir Founty,Entretien,Vito,,,Yassine Rguibi,,Suspension,4.5,5040.0,"Amortisseurs, biellettes",3.0,,
MB101757,2024-09-07,Agadir,Mercedes-Benz Agadir Founty,Entretien,GLE,,,Anas Séfrioui,,Suspension,2.8,3572.0,"Amortisseurs, biellettes",4.0,,
MB102179,2024-12-23,Marrakech,Mercedes-Benz Marrakech Menara,Entretien,Sprinter,,,Adil Bouazza,,Boîte de vitesses,7.7,9379.0,"Kit embrayage, huile de boîte",5.0,,
MB100866,2024-05-09,Fès,Mercedes-Benz Fès Saïss,Vente,GLA,Neuf,Rachid Alaoui,,476310.0,,,,,5.0,6.0,35.0
MB103043,2024-08-06,Tanger,Mercedes-Benz Tanger Free Zone,Entretien,Vito,,,Fatima Zahra Kettani,,Carrosserie / peinture,7.5,7624.0,"Pare-chocs, peinture",5.0,,
MB102981,2024-08-16,Fès,Mercedes-Benz Fès Saïss,Entretien,Vito,,,Fatima Zahra Kettani,,Carrosserie / peinture,10.0,6591.0,"Pare-chocs, peinture",3.0,,
MB100490,2024-08-27,Marrakech,Mercedes-Benz Marrakech Menara,Vente,Classe E,Neuf,Sara Bennis,,818638.0,,,,,4.0,8.0,5.0
MB100607,2024-02-05,Rabat,Mercedes-Benz Rabat Aviation,Vente,GLA,Occasion,Hicham Kabbaj,,366116.0,,,,,5.0,7.0,34.0
MB102465,2024-03-23,Fès,Mercedes-Benz Fès Saïss,Entretien,GLE,,,Mehdi Lahlou,,Pneumatiques,1.6,2969.0,"Pneus, valves",4.0,,
MB101739,2024-09-22,Marrakech,Mercedes-Benz Marrakech Menara,Entretien,Vito,,,Yassine Rguibi,,Suspension,2.5,4193.0,"Amortisseurs, biellettes",5.0,,
MB100153,2024-07-17,Fès,Mercedes-Benz Fès Saïss,Vente,Classe E,Occasion,Youssef El Amrani,,554132.0,,,,,4.0,9.0,20.0
MB100890,2024-10-12,Rabat,Mercedes-Benz Rabat Aviation,Vente,GLC,Neuf,Karim Idrissi,,663929.0,,,,,4.0,11.0,18.0
MB103037,2024-04-27,Fès,Mercedes-Benz Fès Saïss,Entretien,GLE,,,Mehdi Lahlou,,Système électrique,3.1,2126.0,"Batterie, faisceau électrique",5.0,,
MB102898,2024-10-21,Marrakech,Mercedes-Benz Marrakech Menara,Entretien,Classe S,,,Anas Séfrioui,,Injection / moteur,5.0,5028.0,"Injecteurs, capteurs moteur",3.0,,
MB102328,2024-09-03,Casablanca,Mercedes-Benz Casablanca Anfa,Entretien,Classe S,,,Yassine Rguibi,,Diagnostic électronique,0.9,1208.0,Module de contrôle (ECU),4.0,,
MB100270,2024-02-18,Fès,Mercedes-Benz Fès Saïss,Vente,GLA,Neuf,Imane Berrada,,427559.0,,,,,3.0,9.0,38.0
MB100097,2024-09-13,Marrakech,Mercedes-Benz Marrakech Menara,Vente,Classe C,Occasion,Karim Idrissi,,437356.0,,,,,5.0,7.0,1.0
MB102259,2024-09-24,Fès,Mercedes-Benz Fès Saïss,Entretien,Classe A,,,Fatima Zahra Kettani,,Carrosserie / peinture,8.2,6467.0,"Pare-chocs, peinture",4.0,,
MB102618,2024-04-10,Marrakech,Mercedes-Benz Marrakech Menara,Entretien,GLE,,,Anas Séfrioui,,Freins,3.6,2518.0,"Plaquettes, disques de frein",4.0,,
MB100965,2024-09-20,Casablanca,Mercedes-Benz Casablanca Anfa,Vente,Classe A,Occasion,Salma Tazi,,240923.0,,,,,5.0,12.0,44.0
MB101800,2024-04-23,Rabat,Mercedes-Benz Rabat Aviation,Entretien,Classe E,,,Fatima Zahra Kettani,,Système électrique,2.5,3090.0,"Batterie, faisceau électrique",3.0,,
MB100872,2024-07-25,Agadir,Mercedes-Benz Agadir Founty,Vente,Sprinter,Neuf,Rachid Alaoui,,595634.0,,,,,4.0,11.0,33.0
MB101573,2024-09-22,Agadir,Mercedes-Benz Agadir Founty,Entretien,GLC,,,Mehdi Lahlou,,Boîte de vitesses,6.0,11701.0,"Kit embrayage, huile de boîte",5.0,,
MB100533,2024-12-09,Casablanca,Mercedes-Benz Casablanca Anfa,Vente,GLC,Neuf,Omar Fassi,,583694.0,,,,,4.0,13.0,6.0
MB101068,2024-05-05,Marrakech,Mercedes-Benz Marrakech Menara,Vente,Classe A,Occasion,Nadia Chraibi,,280412.0,,,,,4.0,7.0,36.0
MB101100,2024-04-16,Rabat,Mercedes-Benz Rabat Aviation,Vente,GLE,Neuf,Karim Idrissi,,880657.0,,,,,5.0,8.0,23.0
MB102761,2024-09-14,Tanger,Mercedes-Benz Tanger Free Zone,Entretien,Sprinter,,,Adil Bouazza,,Pneumatiques,2.3,4037.0,"Pneus, valves",4.0,,
MB102126,2024-10-02,Tanger,Mercedes-Benz Tanger Free Zone,Entretien,Classe S,,,Adil Bouazza,,Injection / moteur,4.3,6565.0,"Injecteurs, capteurs moteur",3.0,,
MB102312,2024-02-23,Marrakech,Mercedes-Benz Marrakech Menara,Entretien,Sprinter,,,Yassine Rguibi,,Vidange & entretien courant,1.2,398.0,"Huile moteur, filtres",5.0,,
MB100716,2024-02-20,Fès,Mercedes-Benz Fès Saïss,Vente,GLA,Occasion,Nadia Chraibi,,319657.0,,,,,4.0,18.0,12.0
MB102198,2024-11-27,Casablanca,Mercedes-Benz Casablanca Anfa,Entretien,Classe E,,,Yassine Rguibi,,Système électrique,3.8,4142.0,"Batterie, faisceau électrique",5.0,,
MB103047,2024-06-22,Fès,Mercedes-Benz Fès Saïss,Entretien,Classe E,,,Anas Séfrioui,,Freins,2.7,1196.0,"Plaquettes, disques de frein",3.0,,
MB101539,2024-10-22,Casablanca,Mercedes-Benz Casablanca Anfa,Entretien,GLE,,,Adil Bouazza,,Injection / moteur,4.5,6533.0,"Injecteurs, capteurs moteur",2.0,,
MB103053,2024-10-11,Rabat,Mercedes-Benz Rabat Aviation,Entretien,GLC,,,Yassine Rguibi,,Injection / moteur,3.7,4520.0,"Injecteurs, capteurs moteur",3.0,,
MB100470,2024-02-15,Marrakech,Mercedes-Benz Marrakech Menara,Vente,Classe C,Neuf,Salma Tazi,,611464.0,,,,,4.0,10.0,32.0
MB100565,2024-01-18,Casablanca,Mercedes-Benz Casablanca Anfa,Vente,Vito,Neuf,Karim Idrissi,,398061.0,,,,,4.0,8.0,49.0
MB101799,2024-05-08,Casablanca,Mercedes-Benz Casablanca Anfa,Entretien,Classe S,,,Fatima Zahra Kettani,,Pneumatiques,0.5,4385.0,"Pneus, valves",4.0,,
MB100462,2024-03-19,Tanger,Mercedes-Benz Tanger Free Zone,Vente,GLA,Neuf,Sara Bennis,,497671.0,,,,,4.0,6.0,1.0
MB101278,2024-05-03,Fès,Mercedes-Benz Fès Saïss,Vente,Classe C,Neuf,Nadia Chraibi,,582084.0,,,,,5.0,11.0,23.0
MB102945,2024-07-05,Casablanca,Mercedes-Benz Casablanca Anfa,Entretien,GLE,,,Adil Bouazza,,Climatisation,0.6,3898.0,"Compresseur, gaz réfrigérant",5.0,,
MB101796,2024-07-14,Tanger,Mercedes-Benz Tanger Free Zone,Entretien,GLA,,,Fatima Zahra Kettani,,Freins,3.0,1944.0,"Plaquettes, disques de frein",2.0,,
MB101870,2024-01-16,Agadir,Mercedes-Benz Agadir Founty,Entretien,Classe S,,,Adil Bouazza,,Système électrique,2.9,1842.0,"Batterie, faisceau électrique",3.0,,
MB101394,2024-08-07,Agadir,Mercedes-Benz Agadir Founty,Vente,Vito,Neuf,Omar Fassi,,447252.0,,,,,4.0,9.0,33.0
MB101346,2024-12-03,Fès,Mercedes-Benz Fès Saïss,Vente,Classe C,Neuf,Leila Ouazzani,,575194.0,,,,,5.0,10.0,1.0
MB100696,2024-09-19,Tanger,Mercedes-Benz Tanger Free Zone,Vente,Sprinter,Neuf,Rachid Alaoui,,569251.0,,,,,5.0,5.0,79.0
MB101176,2024-04-14,Tanger,Mercedes-Benz Tanger Free Zone,Vente,Classe E,Neuf,Imane Berrada,,718105.0,,,,,4.0,4.0,24.0
MB101753,2024-10-10,Agadir,Mercedes-Benz Agadir Founty,Entretien,Classe A,,,Zineb Amrani,,Vidange & entretien courant,3.4,150.0,"Huile moteur, filtres",5.0,,
MB100929,2024-12-16,Agadir,Mercedes-Benz Agadir Founty,Vente,GLC,Occasion,Imane Berrada,,481742.0,,,,,5.0,6.0,5.0
MB101215,2024-06-23,Tanger,Mercedes-Benz Tanger Free Zone,Vente,Classe A,Neuf,Salma Tazi,,399337.0,,,,,3.0,9.0,52.0
MB102635,2024-02-01,Fès,Mercedes-Benz Fès Saïss,Entretien,Classe E,,,Fatima Zahra Kettani,,Pneumatiques,0.5,3672.0,"Pneus, valves",3.0,,
MB101373,2024-03-25,Marrakech,Mercedes-Benz Marrakech Menara,Vente,GLC,Neuf,Nadia Chraibi,,656730.0,,,,,5.0,11.0,34.0
MB100244,2024-06-09,Agadir,Mercedes-Benz Agadir Founty,Vente,Classe S,Neuf,Salma Tazi,,1237588.0,,,,,4.0,11.0,33.0
MB102800,2024-03-31,Agadir,Mercedes-Benz Agadir Founty,Entretien,Sprinter,,,Adil Bouazza,,Pneumatiques,2.0,4915.0,"Pneus, valves",5.0,,
MB101680,2024-10-31,Casablanca,Mercedes-Benz Casablanca Anfa,Entretien,GLA,,,Yassine Rguibi,,Suspension,1.4,2464.0,"Amortisseurs, biellettes",3.0,,
MB101313,2024-11-28,Marrakech,Mercedes-Benz Marrakech Menara,Vente,Classe C,Occasion,Youssef El Amrani,,398398.0,,,,,4.0,7.0,22.0
MB100649,2024-11-07,Agadir,Mercedes-Benz Agadir Founty,Vente,Classe E,Neuf,Omar Fassi,,695668.0,,,,,5.0,11.0,56.0
MB102644,2024-03-01,Agadir,Mercedes-Benz Agadir Founty,Entretien,Classe E,,,Zineb Amrani,,Suspension,3.6,2945.0,"Amortisseurs, biellettes",4.0,,
MB100314,2024-11-14,Agadir,Mercedes-Benz Agadir Founty,Vente,Classe E,Neuf,Karim Idrissi,,685378.0,,,,,4.0,9.0,36.0
MB102982,2024-07-15,Marrakech,Mercedes-Benz Marrakech Menara,Entretien,Classe A,,,Yassine Rguibi,,Injection / moteur,5.4,7386.0,"Injecteurs, capteurs moteur",3.0,,
MB100156,2024-10-14,Rabat,Mercedes-Benz Rabat Aviation,Vente,GLA,Neuf,Karim Idrissi,,428703.0,,,,,4.0,4.0,36.0
MB101304,2024-07-30,Marrakech,Mercedes-Benz Marrakech Menara,Vente,Classe C,Neuf,Salma Tazi,,607727.0,,,,,3.0,8.0,33.0
MB101151,2024-10-01,Fès,Mercedes-Benz Fès Saïss,Vente,Classe C,Occasion,Hicham Kabbaj,,347932.0,,,,,4.0,8.0,22.0
MB101802,2024-10-07,Marrakech,Mercedes-Benz Marrakech Menara,Entretien,Classe C,,,Adil Bouazza,,Climatisation,3.8,3019.0,"Compresseur, gaz réfrigérant",5.0,,
MB101047,2024-05-08,Tanger,Mercedes-Benz Tanger Free Zone,Vente,GLE,Occasion,Nadia Chraibi,,562905.0,,,,,4.0,12.0,4.0
MB101641,2024-11-22,Marrakech,Mercedes-Benz Marrakech Menara,Entretien,Classe E,,,Zineb Amrani,,Injection / moteur,3.3,6205.0,"Injecteurs, capteurs moteur",5.0,,
MB101307,2024-10-21,Casablanca,Mercedes-Benz Casablanca Anfa,Vente,GLA,Neuf,Salma Tazi,,434410.0,,,,,4.0,11.0,17.0
MB101928,2024-03-20,Fès,Mercedes-Benz Fès Saïss,Entretien,GLE,,,Anas Séfrioui,,Climatisation,1.8,2576.0,"Compresseur, gaz réfrigérant",4.0,,
MB101496,2024-09-19,Tanger,Mercedes-Benz Tanger Free Zone,Entretien,Classe E,,,Anas Séfrioui,,Suspension,3.2,3856.0,"Amortisseurs, biellettes",5.0,,
MB100026,2024-01-15,Casablanca,Mercedes-Benz Casablanca Anfa,Vente,Classe C,Neuf,Karim Idrissi,,559388.0,,,,,3.0,12.0,54.0
MB102245,2024-02-23,Agadir,Mercedes-Benz Agadir Founty,Entretien,Classe C,,,Yassine Rguibi,,Pneumatiques,0.5,3920.0,"Pneus, valves",3.0,,
MB100016,2024-10-22,Tanger,Mercedes-Benz Tanger Free Zone,Vente,Sprinter,Neuf,Imane Berrada,,562947.0,,,,,4.0,5.0,54.0
MB101322,2024-06-13,Agadir,Mercedes-Benz Agadir Founty,Vente,GLC,Occasion,Hicham Kabbaj,,483008.0,,,,,4.0,7.0,31.0
MB100884,2024-05-17,Casablanca,Mercedes-Benz Casablanca Anfa,Vente,Classe E,Occasion,Imane Berrada,,526592.0,,,,,4.0,12.0,41.0
MB102670,2024-07-13,Rabat,Mercedes-Benz Rabat Aviation,Entretien,Classe E,,,Anas Séfrioui,,Injection / moteur,4.2,8067.0,"Injecteurs, capteurs moteur",4.0,,
MB101361,2024-02-03,Casablanca,Mercedes-Benz Casablanca Anfa,Vente,Classe E,Neuf,Salma Tazi,,675791.0,,,,,5.0,7.0,24.0
MB101845,2024-07-09,Agadir,Mercedes-Benz Agadir Founty,Entretien,Classe E,,,Fatima Zahra Kettani,,Pneumatiques,1.4,3444.0,"Pneus, valves",5.0,,
MB101613,2024-12-05,Agadir,Mercedes-Benz Agadir Founty,Entretien,GLA,,,Anas Séfrioui,,Carrosserie / peinture,6.8,5493.0,"Pare-chocs, peinture",3.0,,
MB100498,2024-09-17,Fès,Mercedes-Benz Fès Saïss,Vente,Classe E,Occasion,Imane Berrada,,507816.0,,,,,4.0,2.0,45.0
MB102841,2024-02-02,Tanger,Mercedes-Benz Tanger Free Zone,Entretien,Classe E,,,Anas Séfrioui,,Vidange & entretien courant,1.8,150.0,"Huile moteur, filtres",,,
MB103013,2024-08-13,Tanger,Mercedes-Benz Tanger Free Zone,Entretien,GLC,,,Fatima Zahra Kettani,,Vidange & entretien courant,1.2,150.0,"Huile moteur, filtres",5.0,,
MB100516,2024-08-28,Casablanca,Mercedes-Benz Casablanca Anfa,Vente,Classe A,Occasion,Karim Idrissi,,243711.0,,,,,5.0,7.0,1.0
MB103067,2024-03-01,Agadir,Mercedes-Benz Agadir Founty,Entretien,Classe C,,,Anas Séfrioui,,Suspension,4.8,4216.0,"Amortisseurs, biellettes",2.0,,
MB101479,2024-06-23,Rabat,Mercedes-Benz Rabat Aviation,Entretien,Classe C,,,Adil Bouazza,,Boîte de vitesses,6.8,10240.0,"Kit embrayage, huile de boîte",3.0,,
MB101412,2024-08-27,Rabat,Mercedes-Benz Rabat Aviation,Entretien,Sprinter,,,Anas Séfrioui,,Injection / moteur,4.3,5387.0,"Injecteurs, capteurs moteur",2.0,,
MB101096,2024-04-27,Marrakech,Mercedes-Benz Marrakech Menara,Vente,Classe S,Occasion,Omar Fassi,,870059.0,,,,,5.0,12.0,37.0
MB100543,2024-09-15,Tanger,Mercedes-Benz Tanger Free Zone,Vente,Classe C,Neuf,Karim Idrissi,,522360.0,,,,,4.0,12.0,56.0
MB102505,2024-03-21,Tanger,Mercedes-Benz Tanger Free Zone,Entretien,Classe A,,,Anas Séfrioui,,Injection / moteur,6.4,8571.0,"Injecteurs, capteurs moteur",5.0,,
MB100634,2024-09-14,Agadir,Mercedes-Benz Agadir Founty,Vente,Classe C,Occasion,Sara Bennis,,387697.0,,,,,3.0,3.0,42.0
MB100432,2024-04-16,Casablanca,Mercedes-Benz Casablanca Anfa,Vente,Classe S,Neuf,Imane Berrada,,1540008.0,,,,,,8.0,68.0
MB102676,2024-03-25,Casablanca,Mercedes-Benz Casablanca Anfa,Entretien,GLA,,,Zineb Amrani,,Diagnostic électronique,1.8,182.0,Module de contrôle (ECU),3.0,,
MB100729,2024-03-10,Tanger,Mercedes-Benz Tanger Free Zone,Vente,Classe A,Neuf,Imane Berrada,,363046.0,,,,,4.0,1.0,39.0
MB101289,2024-07-04,Rabat,Mercedes-Benz Rabat Aviation,Vente,Classe A,Neuf,Salma Tazi,,350300.0,,,,,4.0,8.0,84.0
MB102258,2024-01-12,Marrakech,Mercedes-Benz Marrakech Menara,Entretien,Vito,,,Fatima Zahra Kettani,,Système électrique,3.0,3727.0,"Batterie, faisceau électrique",2.0,,
MB100317,2024-09-07,Agadir,Mercedes-Benz Agadir Founty,Vente,Classe C,Occasion,Youssef El Amrani,,435436.0,,,,,4.0,15.0,29.0
MB101921,2024-03-05,Agadir,Mercedes-Benz Agadir Founty,Entretien,Classe E,,,Adil Bouazza,,Diagnostic électronique,1.5,307.0,Module de contrôle (ECU),3.0,,
MB102562,2024-07-11,Tanger,Mercedes-Benz Tanger Free Zone,Entretien,Classe E,,,Mehdi Lahlou,,Pneumatiques,2.0,2383.0,"Pneus, valves",3.0,,
MB101338,2024-11-05,Agadir,Mercedes-Benz Agadir Founty,Vente,Classe C,Neuf,Rachid Alaoui,,539313.0,,,,,4.0,1.0,52.0
MB102878,2024-03-04,Tanger,Mercedes-Benz Tanger Free Zone,Entretien,Classe A,,,Zineb Amrani,,Climatisation,1.7,2437.0,"Compresseur, gaz réfrigérant",5.0,,
MB100320,2024-08-05,Rabat,Mercedes-Benz Rabat Aviation,Vente,GLE,Neuf,Imane Berrada,,827407.0,,,,,5.0,20.0,52.0
MB101032,2024-08-01,Casablanca,Mercedes-Benz Casablanca Anfa,Vente,Vito,Occasion,Nadia Chraibi,,276777.0,,,,,4.0,11.0,35.0
MB102026,2024-09-18,Fès,Mercedes-Benz Fès Saïss,Entretien,Classe S,,,Adil Bouazza,,Injection / moteur,5.3,5473.0,"Injecteurs, capteurs moteur",3.0,,
MB102190,2024-09-02,Marrakech,Mercedes-Benz Marrakech Menara,Entretien,GLA,,,Fatima Zahra Kettani,,Pneumatiques,0.5,2454.0,"Pneus, valves",4.0,,
MB101111,2024-07-07,Agadir,Mercedes-Benz Agadir Founty,Vente,Sprinter,Occasion,Leila Ouazzani,,419453.0,,,,,4.0,7.0,52.0
MB101889,2024-07-17,Rabat,Mercedes-Benz Rabat Aviation,Entretien,Classe E,,,Fatima Zahra Kettani,,Climatisation,3.8,2769.0,"Compresseur, gaz réfrigérant",4.0,,
MB101528,2024-01-28,Casablanca,Mercedes-Benz Casablanca Anfa,Entretien,Vito,,,Adil Bouazza,,Pneumatiques,1.1,2814.0,"Pneus, valves",4.0,,
MB100754,2024-05-08,Agadir,Mercedes-Benz Agadir Founty,Vente,Classe S,Occasion,Karim Idrissi,,1022682.0,,,,,4.0,4.0,61.0
MB103050,2024-02-19,Rabat,Mercedes-Benz Rabat Aviation,Entretien,Vito,,,Fatima Zahra Kettani,,Vidange & entretien courant,0.5,1448.0,"Huile moteur, filtres",4.0,,
MB102629,2024-07-31,Rabat,Mercedes-Benz Rabat Aviation,Entretien,GLE,,,Fatima Zahra Kettani,,Carrosserie / peinture,7.3,6104.0,"Pare-chocs, peinture",5.0,,
MB100563,2024-03-26,Agadir,Mercedes-Benz Agadir Founty,Vente,GLE,Neuf,Leila Ouazzani,,879630.0,,,,,4.0,11.0,55.0
MB102447,2024-09-05,Fès,Mercedes-Benz Fès Saïss,Entretien,Classe S,,,Yassine Rguibi,,Vidange & entretien courant,0.8,150.0,"Huile moteur, filtres",4.0,,
MB100669,2024-12-16,Rabat,Mercedes-Benz Rabat Aviation,Vente,GLC,Neuf,Hicham Kabbaj,,614276.0,,,,,4.0,8.0,35.0
MB100253,2024-09-05,Casablanca,Mercedes-Benz Casablanca Anfa,Vente,Classe A,Occasion,Rachid Alaoui,,269920.0,,,,,4.0,12.0,33.0
MB102956,2024-06-28,Casablanca,Mercedes-Benz Casablanca Anfa,Entretien,Classe S,,,Fatima Zahra Kettani,,Système électrique,3.3,1871.0,"Batterie, faisceau électrique",4.0,,
MB102517,2024-10-06,Rabat,Mercedes-Benz Rabat Aviation,Entretien,Classe E,,,Adil Bouazza,,Boîte de vitesses,7.9,9327.0,"Kit embrayage, huile de boîte",5.0,,
MB102963,2024-03-03,Fès,Mercedes-Benz Fès Saïss,Entretien,Classe S,,,Mehdi Lahlou,,Boîte de vitesses,6.5,8352.0,"Kit embrayage, huile de boîte",4.0,,
MB100358,2024-01-26,Agadir,Mercedes-Benz Agadir Founty,Vente,GLA,Neuf,Leila Ouazzani,,471888.0,,,,,5.0,11.0,17.0
MB101279,2024-12-06,Fès,Mercedes-Benz Fès Saïss,Vente,Classe C,Neuf,Sara Bennis,,580542.0,,,,,5.0,5.0,56.0
MB101301,2024-07-27,Tanger,Mercedes-Benz Tanger Free Zone,Vente,Classe C,Occasion,Rachid Alaoui,,369928.0,,,,,4.0,13.0,57.0
MB101203,2024-10-28,Casablanca,Mercedes-Benz Casablanca Anfa,Vente,Vito,Occasion,Imane Berrada,,293585.0,,,,,5.0,5.0,12.0
MB102557,2024-03-16,Tanger,Mercedes-Benz Tanger Free Zone,Entretien,Classe C,,,Adil Bouazza,,Boîte de vitesses,6.1,9694.0,"Kit embrayage, huile de boîte",5.0,,
MB102798,2024-05-27,Casablanca,Mercedes-Benz Casablanca Anfa,Entretien,Classe A,,,Fatima Zahra Kettani,,Pneumatiques,1.6,3515.0,"Pneus, valves",4.0,,
MB100130,2024-11-09,Rabat,Mercedes-Benz Rabat Aviation,Vente,Vito,Neuf,Rachid Alaoui,,401193.0,,,,,4.0,12.0,28.0
MB100145,2024-10-07,Marrakech,Mercedes-Benz Marrakech Menara,Vente,Classe S,Neuf,Youssef El Amrani,,1447002.0,,,,,5.0,13.0,11.0
MB100961,2024-04-19,Fès,Mercedes-Benz Fès Saïss,Vente,Sprinter,Occasion,Rachid Alaoui,,385950.0,,,,,5.0,6.0,47.0
MB102896,2024-05-15,Tanger,Mercedes-Benz Tanger Free Zone,Entretien,GLC,,,Adil Bouazza,,Vidange & entretien courant,1.6,498.0,"Huile moteur, filtres",4.0,,
MB102764,2024-11-29,Rabat,Mercedes-Benz Rabat Aviation,Entretien,Classe A,,,Anas Séfrioui,,Vidange & entretien courant,0.5,150.0,"Huile moteur, filtres",5.0,,
MB100906,2024-07-20,Rabat,Mercedes-Benz Rabat Aviation,Vente,GLE,Occasion,Nadia Chraibi,,666669.0,,,,,4.0,24.0,41.0
MB101097,2024-04-27,Fès,Mercedes-Benz Fès Saïss,Vente,Sprinter,Neuf,Hicham Kabbaj,,525958.0,,,,,5.0,13.0,27.0
MB100236,2024-12-05,Agadir,Mercedes-Benz Agadir Founty,Vente,GLC,Neuf,Leila Ouazzani,,695557.0,,,,,5.0,5.0,20.0
MB101062,2024-04-21,Rabat,Mercedes-Benz Rabat Aviation,Vente,Classe E,Neuf,Sara Bennis,,707893.0,,,,,3.0,11.0,62.0
MB103038,2024-03-13,Agadir,Mercedes-Benz Agadir Founty,Entretien,Classe A,,,Fatima Zahra Kettani,,Vidange & entretien courant,0.6,1660.0,"Huile moteur, filtres",5.0,,
MB100776,2024-12-28,Casablanca,Mercedes-Benz Casablanca Anfa,Vente,Classe C,Occasion,Hicham Kabbaj,,413035.0,,,,,5.0,7.0,69.0
MB102130,2024-05-14,Casablanca,Mercedes-Benz Casablanca Anfa,Entretien,Vito,,,Yassine Rguibi,,Boîte de vitesses,6.1,10387.0,"Kit embrayage, huile de boîte",4.0,,
MB101449,2024-04-06,Agadir,Mercedes-Benz Agadir Founty,Entretien,GLE,,,Fatima Zahra Kettani,,Boîte de vitesses,7.4,9559.0,"Kit embrayage, huile de boîte",4.0,,
MB101680,2024-10-31,Casablanca,Mercedes-Benz Casablanca Anfa,Entretien,GLA,,,Yassine Rguibi,,Suspension,1.4,2464.0,"Amortisseurs, biellettes",3.0,,
MB100963,2024-03-04,Marrakech,Mercedes-Benz Marrakech Menara,Vente,Classe C,Neuf,Sara Bennis,,615147.0,,,,,3.0,7.0,43.0
MB100169,2024-08-11,Marrakech,Mercedes-Benz Marrakech Menara,Vente,Classe C,Neuf,Imane Berrada,,553169.0,,,,,5.0,11.0,39.0
MB101663,2024-11-26,Rabat,Mercedes-Benz Rabat Aviation,Entretien,Classe E,,,Anas Séfrioui,,Boîte de vitesses,4.9,9077.0,"Kit embrayage, huile de boîte",4.0,,
MB101911,2024-11-11,Agadir,Mercedes-Benz Agadir Founty,Entretien,GLE,,,Yassine Rguibi,,Pneumatiques,1.5,3219.0,"Pneus, valves",5.0,,
MB102244,2024-07-05,Casablanca,Mercedes-Benz Casablanca Anfa,Entretien,GLE,,,Yassine Rguibi,,Diagnostic électronique,3.7,894.0,Module de contrôle (ECU),4.0,,
MB102180,2024-06-20,Tanger,Mercedes-Benz Tanger Free Zone,Entretien,Classe S,,,Fatima Zahra Kettani,,Boîte de vitesses,7.2,10876.0,"Kit embrayage, huile de boîte",2.0,,
MB100128,2024-06-05,Casablanca,Mercedes-Benz Casablanca Anfa,Vente,Vito,Neuf,Nadia Chraibi,,356264.0,,,,,4.0,10.0,34.0
